=== Step-3a mixed-init on expanded L2 data, 2-GPU DDP Fri 12 Jun 2026 02:18:41 PM UTC ===
resuming from ./init_mixed_L1prior  (no_context_prob=1.0)
[rank0] FDM physics residual loss enabled (lambda_pde=0.02)
[rank1] FDM physics residual loss enabled (lambda_pde=0.02)
proj params 8,336,008  lora params 10,092,544
  ep1 step0/844 total=1.433e+00 mse=1.243e+00 latent=1.624e+00 pde=8.114e-05 tpde=6.830e-05 ss=0.02
  ep1 step50/844 total=8.220e-01 mse=6.712e-01 latent=9.728e-01 pde=9.457e-05 tpde=2.395e-04 ss=0.02
  ep1 step100/844 total=7.333e-01 mse=6.811e-01 latent=7.854e-01 pde=1.044e-04 tpde=1.476e-04 ss=0.02
  ep1 step150/844 total=6.803e-01 mse=6.313e-01 latent=7.293e-01 pde=7.521e-05 tpde=1.075e-04 ss=0.02
  ep1 step200/844 total=6.271e-01 mse=5.603e-01 latent=6.939e-01 pde=6.908e-05 tpde=1.171e-04 ss=0.02
  ep1 step250/844 total=7.442e-01 mse=6.854e-01 latent=8.030e-01 pde=7.695e-05 tpde=1.340e-04 ss=0.02
  ep1 step300/844 total=6.513e-01 mse=6.012e-01 latent=7.014e-01 pde=9.289e-05 tpde=1.684e-04 ss=0.02
  ep1 step350/844 total=7.166e-01 mse=6.471e-01 latent=7.861e-01 pde=9.571e-05 tpde=2.149e-04 ss=0.02
  ep1 step400/844 total=6.140e-01 mse=5.593e-01 latent=6.687e-01 pde=7.338e-05 tpde=1.215e-04 ss=0.02
  ep1 step450/844 total=6.652e-01 mse=6.021e-01 latent=7.283e-01 pde=9.624e-05 tpde=1.558e-04 ss=0.02
  ep1 step500/844 total=3.795e-01 mse=3.154e-01 latent=4.435e-01 pde=3.777e-05 tpde=1.005e-04 ss=0.02
  ep1 step550/844 total=6.688e-01 mse=5.989e-01 latent=7.387e-01 pde=4.711e-05 tpde=8.069e-05 ss=0.02
  ep1 step600/844 total=5.350e-01 mse=4.906e-01 latent=5.794e-01 pde=5.590e-05 tpde=1.177e-04 ss=0.02
  ep1 step650/844 total=5.853e-01 mse=5.344e-01 latent=6.363e-01 pde=6.360e-05 tpde=1.253e-04 ss=0.02
  ep1 step700/844 total=5.668e-01 mse=5.224e-01 latent=6.112e-01 pde=1.094e-04 tpde=1.324e-04 ss=0.02
  ep1 step750/844 total=5.013e-01 mse=4.627e-01 latent=5.399e-01 pde=6.084e-05 tpde=1.280e-04 ss=0.02
  ep1 step800/844 total=5.823e-01 mse=5.024e-01 latent=6.622e-01 pde=6.691e-05 tpde=1.254e-04 ss=0.02
Epoch 1/60 | train total=6.5311e-01 mse=5.8730e-01 tpde=1.2618e-04 | val_mse=5.4739e-01 | lr_p=3.00e-05 lr_l=1.00e-05 | 621s
GSPDEModel saved to ./checkpoints_3a_mixed/best_model
  -> best (val_mse=5.4739e-01)
  ep2 step0/844 total=5.817e-01 mse=5.179e-01 latent=6.455e-01 pde=6.161e-05 tpde=8.606e-05 ss=0.03
  ep2 step50/844 total=6.398e-01 mse=6.193e-01 latent=6.603e-01 pde=9.656e-05 tpde=8.927e-05 ss=0.03
  ep2 step100/844 total=5.573e-01 mse=4.817e-01 latent=6.329e-01 pde=4.538e-05 tpde=6.978e-05 ss=0.03
  ep2 step150/844 total=6.202e-01 mse=5.331e-01 latent=7.073e-01 pde=5.072e-05 tpde=8.461e-05 ss=0.03
  ep2 step200/844 total=6.237e-01 mse=5.667e-01 latent=6.808e-01 pde=6.936e-05 tpde=1.027e-04 ss=0.03
  ep2 step250/844 total=4.224e-01 mse=3.582e-01 latent=4.867e-01 pde=7.442e-05 tpde=1.071e-04 ss=0.03
  ep2 step300/844 total=4.858e-01 mse=3.935e-01 latent=5.780e-01 pde=6.242e-05 tpde=1.356e-04 ss=0.03
  ep2 step350/844 total=5.314e-01 mse=4.497e-01 latent=6.131e-01 pde=5.255e-05 tpde=1.613e-04 ss=0.03
  ep2 step400/844 total=6.325e-01 mse=5.646e-01 latent=7.004e-01 pde=5.398e-05 tpde=1.192e-04 ss=0.03
  ep2 step450/844 total=4.931e-01 mse=4.367e-01 latent=5.496e-01 pde=6.897e-05 tpde=1.281e-04 ss=0.03
  ep2 step500/844 total=5.170e-01 mse=4.649e-01 latent=5.691e-01 pde=4.784e-05 tpde=1.394e-04 ss=0.03
  ep2 step550/844 total=5.773e-01 mse=5.177e-01 latent=6.369e-01 pde=6.043e-05 tpde=1.049e-04 ss=0.03
  ep2 step600/844 total=4.669e-01 mse=4.045e-01 latent=5.293e-01 pde=6.199e-05 tpde=1.217e-04 ss=0.03
  ep2 step650/844 total=4.227e-01 mse=3.506e-01 latent=4.947e-01 pde=4.585e-05 tpde=1.276e-04 ss=0.03
  ep2 step700/844 total=6.152e-01 mse=5.283e-01 latent=7.021e-01 pde=5.805e-05 tpde=9.201e-05 ss=0.03
  ep2 step750/844 total=4.672e-01 mse=3.826e-01 latent=5.518e-01 pde=5.719e-05 tpde=9.110e-05 ss=0.03
  ep2 step800/844 total=5.644e-01 mse=4.618e-01 latent=6.669e-01 pde=5.603e-05 tpde=9.579e-05 ss=0.03
Epoch 2/60 | train total=5.4506e-01 mse=4.7404e-01 tpde=1.1720e-04 | val_mse=5.3930e-01 | lr_p=3.00e-05 lr_l=1.00e-05 | 617s
GSPDEModel saved to ./checkpoints_3a_mixed/best_model
  -> best (val_mse=5.3930e-01)
  ep3 step0/844 total=5.771e-01 mse=5.107e-01 latent=6.434e-01 pde=7.040e-05 tpde=1.311e-04 ss=0.05
  ep3 step50/844 total=5.726e-01 mse=4.985e-01 latent=6.467e-01 pde=4.292e-05 tpde=1.528e-04 ss=0.05
  ep3 step100/844 total=4.623e-01 mse=3.914e-01 latent=5.332e-01 pde=4.130e-05 tpde=9.193e-05 ss=0.05
  ep3 step150/844 total=4.502e-01 mse=3.744e-01 latent=5.261e-01 pde=3.917e-05 tpde=1.462e-04 ss=0.05
  ep3 step200/844 total=5.059e-01 mse=4.234e-01 latent=5.885e-01 pde=4.597e-05 tpde=2.109e-04 ss=0.05
  ep3 step250/844 total=4.635e-01 mse=3.981e-01 latent=5.290e-01 pde=4.562e-05 tpde=9.307e-05 ss=0.05
  ep3 step300/844 total=5.205e-01 mse=4.384e-01 latent=6.027e-01 pde=3.908e-05 tpde=9.517e-05 ss=0.05
  ep3 step350/844 total=4.305e-01 mse=3.903e-01 latent=4.707e-01 pde=3.749e-05 tpde=1.093e-04 ss=0.05
  ep3 step400/844 total=4.906e-01 mse=4.140e-01 latent=5.672e-01 pde=3.809e-05 tpde=1.476e-04 ss=0.05
  ep3 step450/844 total=4.498e-01 mse=3.836e-01 latent=5.160e-01 pde=4.472e-05 tpde=1.102e-04 ss=0.05
  ep3 step500/844 total=5.381e-01 mse=4.634e-01 latent=6.128e-01 pde=6.735e-05 tpde=1.026e-04 ss=0.05
  ep3 step550/844 total=5.209e-01 mse=4.567e-01 latent=5.852e-01 pde=6.288e-05 tpde=1.151e-04 ss=0.05
  ep3 step600/844 total=5.010e-01 mse=4.342e-01 latent=5.678e-01 pde=6.040e-05 tpde=1.002e-04 ss=0.05
  ep3 step650/844 total=3.765e-01 mse=2.993e-01 latent=4.538e-01 pde=3.486e-05 tpde=1.168e-04 ss=0.05
  ep3 step700/844 total=3.959e-01 mse=3.162e-01 latent=4.756e-01 pde=3.827e-05 tpde=9.824e-05 ss=0.05
  ep3 step750/844 total=4.685e-01 mse=3.908e-01 latent=5.462e-01 pde=4.310e-05 tpde=1.251e-04 ss=0.05
  ep3 step800/844 total=6.272e-01 mse=5.480e-01 latent=7.064e-01 pde=5.583e-05 tpde=1.354e-04 ss=0.05
Epoch 3/60 | train total=5.1110e-01 mse=4.3330e-01 tpde=1.1871e-04 | val_mse=5.4090e-01 | lr_p=3.00e-05 lr_l=1.00e-05 | 617s
  ep4 step0/844 total=4.220e-01 mse=3.107e-01 latent=5.333e-01 pde=3.822e-05 tpde=1.181e-04 ss=0.07
  ep4 step50/844 total=4.253e-01 mse=3.514e-01 latent=4.992e-01 pde=4.060e-05 tpde=1.346e-04 ss=0.07
  ep4 step100/844 total=2.942e-01 mse=2.459e-01 latent=3.424e-01 pde=2.355e-05 tpde=1.478e-04 ss=0.07
  ep4 step150/844 total=5.578e-01 mse=4.640e-01 latent=6.515e-01 pde=3.686e-05 tpde=1.150e-04 ss=0.07
  ep4 step200/844 total=4.598e-01 mse=3.867e-01 latent=5.329e-01 pde=3.762e-05 tpde=8.258e-05 ss=0.07
  ep4 step250/844 total=4.373e-01 mse=3.550e-01 latent=5.196e-01 pde=6.561e-05 tpde=1.034e-04 ss=0.07
  ep4 step300/844 total=4.968e-01 mse=4.104e-01 latent=5.833e-01 pde=4.530e-05 tpde=1.147e-04 ss=0.07
  ep4 step350/844 total=5.511e-01 mse=4.677e-01 latent=6.345e-01 pde=4.085e-05 tpde=9.159e-05 ss=0.07
  ep4 step400/844 total=4.424e-01 mse=3.886e-01 latent=4.962e-01 pde=3.138e-05 tpde=7.525e-05 ss=0.07
  ep4 step450/844 total=3.999e-01 mse=3.216e-01 latent=4.782e-01 pde=3.712e-05 tpde=8.976e-05 ss=0.07
  ep4 step500/844 total=5.096e-01 mse=4.251e-01 latent=5.941e-01 pde=4.800e-05 tpde=1.092e-04 ss=0.07
  ep4 step550/844 total=4.844e-01 mse=3.991e-01 latent=5.696e-01 pde=6.180e-05 tpde=1.375e-04 ss=0.07
  ep4 step600/844 total=4.167e-01 mse=3.250e-01 latent=5.084e-01 pde=4.539e-05 tpde=8.805e-05 ss=0.07
  ep4 step650/844 total=5.100e-01 mse=4.396e-01 latent=5.804e-01 pde=6.097e-05 tpde=1.261e-04 ss=0.07
  ep4 step700/844 total=5.903e-01 mse=5.079e-01 latent=6.727e-01 pde=5.004e-05 tpde=1.542e-04 ss=0.07
  ep4 step750/844 total=5.013e-01 mse=4.035e-01 latent=5.991e-01 pde=4.534e-05 tpde=9.999e-05 ss=0.07
  ep4 step800/844 total=5.594e-01 mse=4.780e-01 latent=6.408e-01 pde=5.940e-05 tpde=1.556e-04 ss=0.07
Epoch 4/60 | train total=4.9069e-01 mse=4.1067e-01 tpde=1.1299e-04 | val_mse=5.3746e-01 | lr_p=3.00e-05 lr_l=1.00e-05 | 617s
GSPDEModel saved to ./checkpoints_3a_mixed/best_model
  -> best (val_mse=5.3746e-01)
  ep5 step0/844 total=3.520e-01 mse=2.574e-01 latent=4.466e-01 pde=4.575e-05 tpde=1.062e-04 ss=0.08
  ep5 step50/844 total=4.213e-01 mse=3.510e-01 latent=4.915e-01 pde=4.585e-05 tpde=8.424e-05 ss=0.08
  ep5 step100/844 total=4.402e-01 mse=3.178e-01 latent=5.625e-01 pde=4.782e-05 tpde=9.000e-05 ss=0.08
  ep5 step150/844 total=4.948e-01 mse=4.007e-01 latent=5.889e-01 pde=4.538e-05 tpde=1.026e-04 ss=0.08
  ep5 step200/844 total=4.504e-01 mse=3.322e-01 latent=5.686e-01 pde=4.596e-05 tpde=1.286e-04 ss=0.08
  ep5 step250/844 total=4.372e-01 mse=3.644e-01 latent=5.099e-01 pde=2.860e-05 tpde=1.116e-04 ss=0.08
  ep5 step300/844 total=4.731e-01 mse=3.736e-01 latent=5.727e-01 pde=3.702e-05 tpde=8.552e-05 ss=0.08
  ep5 step350/844 total=4.201e-01 mse=3.215e-01 latent=5.188e-01 pde=4.254e-05 tpde=7.634e-05 ss=0.08
  ep5 step400/844 total=4.545e-01 mse=3.500e-01 latent=5.590e-01 pde=3.795e-05 tpde=9.179e-05 ss=0.08
  ep5 step450/844 total=4.972e-01 mse=3.996e-01 latent=5.947e-01 pde=4.765e-05 tpde=9.851e-05 ss=0.08
  ep5 step500/844 total=5.151e-01 mse=4.046e-01 latent=6.256e-01 pde=3.297e-05 tpde=1.114e-04 ss=0.08
  ep5 step550/844 total=5.551e-01 mse=5.253e-01 latent=5.849e-01 pde=3.483e-05 tpde=7.876e-05 ss=0.08
  ep5 step600/844 total=5.009e-01 mse=4.254e-01 latent=5.765e-01 pde=4.444e-05 tpde=9.585e-05 ss=0.08
  ep5 step650/844 total=5.447e-01 mse=4.808e-01 latent=6.086e-01 pde=5.952e-05 tpde=9.258e-05 ss=0.08
  ep5 step700/844 total=5.745e-01 mse=4.987e-01 latent=6.503e-01 pde=5.503e-05 tpde=9.939e-05 ss=0.08
  ep5 step750/844 total=5.256e-01 mse=5.346e-01 latent=5.166e-01 pde=4.257e-05 tpde=1.083e-04 ss=0.08
  ep5 step800/844 total=5.627e-01 mse=4.777e-01 latent=6.477e-01 pde=4.434e-05 tpde=1.065e-04 ss=0.08
Epoch 5/60 | train total=4.7777e-01 mse=3.9692e-01 tpde=1.0535e-04 | val_mse=5.4134e-01 | lr_p=3.00e-05 lr_l=1.00e-05 | 617s
  ep6 step0/844 total=4.408e-01 mse=3.619e-01 latent=5.197e-01 pde=4.722e-05 tpde=8.784e-05 ss=0.10
  ep6 step50/844 total=4.504e-01 mse=3.751e-01 latent=5.258e-01 pde=5.319e-05 tpde=1.052e-04 ss=0.10
  ep6 step100/844 total=5.104e-01 mse=4.027e-01 latent=6.180e-01 pde=3.042e-05 tpde=1.310e-04 ss=0.10
  ep6 step150/844 total=4.530e-01 mse=3.615e-01 latent=5.446e-01 pde=3.891e-05 tpde=8.874e-05 ss=0.10
  ep6 step200/844 total=4.017e-01 mse=2.909e-01 latent=5.126e-01 pde=3.892e-05 tpde=7.333e-05 ss=0.10
  ep6 step250/844 total=5.341e-01 mse=4.620e-01 latent=6.061e-01 pde=4.714e-05 tpde=1.127e-04 ss=0.10
  ep6 step300/844 total=5.199e-01 mse=4.538e-01 latent=5.859e-01 pde=5.798e-05 tpde=8.749e-05 ss=0.10
  ep6 step350/844 total=4.112e-01 mse=3.596e-01 latent=4.628e-01 pde=3.875e-05 tpde=9.110e-05 ss=0.10
  ep6 step400/844 total=5.457e-01 mse=4.797e-01 latent=6.117e-01 pde=5.115e-05 tpde=6.341e-05 ss=0.10
  ep6 step450/844 total=5.780e-01 mse=4.993e-01 latent=6.568e-01 pde=4.506e-05 tpde=7.420e-05 ss=0.10
  ep6 step500/844 total=4.808e-01 mse=3.853e-01 latent=5.764e-01 pde=5.590e-05 tpde=1.191e-04 ss=0.10
  ep6 step550/844 total=4.558e-01 mse=3.557e-01 latent=5.559e-01 pde=3.693e-05 tpde=9.204e-05 ss=0.10
  ep6 step600/844 total=4.022e-01 mse=3.266e-01 latent=4.777e-01 pde=3.526e-05 tpde=1.109e-04 ss=0.10
  ep6 step650/844 total=4.643e-01 mse=3.851e-01 latent=5.436e-01 pde=5.484e-05 tpde=8.693e-05 ss=0.10
  ep6 step700/844 total=5.288e-01 mse=4.151e-01 latent=6.426e-01 pde=5.734e-05 tpde=1.146e-04 ss=0.10
  ep6 step750/844 total=4.123e-01 mse=3.354e-01 latent=4.891e-01 pde=2.550e-05 tpde=8.699e-05 ss=0.10
  ep6 step800/844 total=3.308e-01 mse=2.657e-01 latent=3.959e-01 pde=3.834e-05 tpde=9.002e-05 ss=0.10
Epoch 6/60 | train total=4.6711e-01 mse=3.8658e-01 tpde=9.8852e-05 | val_mse=5.4131e-01 | lr_p=3.00e-05 lr_l=1.00e-05 | 620s
  ep7 step0/844 total=4.599e-01 mse=3.709e-01 latent=5.490e-01 pde=4.107e-05 tpde=1.143e-04 ss=0.12
  ep7 step50/844 total=3.770e-01 mse=2.687e-01 latent=4.854e-01 pde=3.240e-05 tpde=8.850e-05 ss=0.12
  ep7 step100/844 total=4.156e-01 mse=3.542e-01 latent=4.770e-01 pde=3.479e-05 tpde=1.044e-04 ss=0.12
  ep7 step150/844 total=4.876e-01 mse=4.556e-01 latent=5.196e-01 pde=6.091e-05 tpde=1.029e-04 ss=0.12
  ep7 step200/844 total=5.770e-01 mse=4.805e-01 latent=6.736e-01 pde=3.737e-05 tpde=8.230e-05 ss=0.12
  ep7 step250/844 total=5.416e-01 mse=4.841e-01 latent=5.992e-01 pde=6.181e-05 tpde=1.088e-04 ss=0.12
  ep7 step300/844 total=4.269e-01 mse=3.840e-01 latent=4.698e-01 pde=4.911e-05 tpde=8.061e-05 ss=0.12
  ep7 step350/844 total=4.635e-01 mse=4.031e-01 latent=5.240e-01 pde=2.522e-05 tpde=8.374e-05 ss=0.12
  ep7 step400/844 total=5.519e-01 mse=4.596e-01 latent=6.442e-01 pde=3.934e-05 tpde=8.798e-05 ss=0.12
  ep7 step450/844 total=4.855e-01 mse=4.378e-01 latent=5.333e-01 pde=3.899e-05 tpde=8.451e-05 ss=0.12
  ep7 step500/844 total=3.639e-01 mse=3.070e-01 latent=4.209e-01 pde=4.661e-05 tpde=9.972e-05 ss=0.12
  ep7 step550/844 total=4.575e-01 mse=3.712e-01 latent=5.437e-01 pde=4.622e-05 tpde=9.424e-05 ss=0.12
  ep7 step600/844 total=4.579e-01 mse=3.902e-01 latent=5.256e-01 pde=4.425e-05 tpde=1.264e-04 ss=0.12
  ep7 step650/844 total=5.122e-01 mse=4.360e-01 latent=5.884e-01 pde=5.025e-05 tpde=1.434e-04 ss=0.12
  ep7 step700/844 total=3.920e-01 mse=2.764e-01 latent=5.076e-01 pde=3.143e-05 tpde=9.668e-05 ss=0.12
  ep7 step750/844 total=5.229e-01 mse=4.493e-01 latent=5.964e-01 pde=5.387e-05 tpde=1.421e-04 ss=0.12
  ep7 step800/844 total=4.141e-01 mse=3.670e-01 latent=4.611e-01 pde=4.672e-05 tpde=8.108e-05 ss=0.12
Epoch 7/60 | train total=4.5948e-01 mse=3.7905e-01 tpde=1.0038e-04 | val_mse=5.4220e-01 | lr_p=3.00e-05 lr_l=1.00e-05 | 620s
  ep8 step0/844 total=4.205e-01 mse=3.436e-01 latent=4.973e-01 pde=3.248e-05 tpde=9.403e-05 ss=0.13
  ep8 step50/844 total=3.816e-01 mse=2.753e-01 latent=4.879e-01 pde=3.686e-05 tpde=1.206e-04 ss=0.13
  ep8 step100/844 total=4.824e-01 mse=3.978e-01 latent=5.670e-01 pde=3.196e-05 tpde=9.162e-05 ss=0.13
  ep8 step150/844 total=4.031e-01 mse=3.068e-01 latent=4.993e-01 pde=4.077e-05 tpde=9.837e-05 ss=0.13
  ep8 step200/844 total=4.628e-01 mse=3.865e-01 latent=5.390e-01 pde=2.929e-05 tpde=1.062e-04 ss=0.13
  ep8 step250/844 total=4.811e-01 mse=3.856e-01 latent=5.767e-01 pde=6.240e-05 tpde=1.299e-04 ss=0.13
  ep8 step300/844 total=3.843e-01 mse=3.215e-01 latent=4.471e-01 pde=4.072e-05 tpde=1.163e-04 ss=0.13
  ep8 step350/844 total=4.990e-01 mse=4.233e-01 latent=5.747e-01 pde=3.734e-05 tpde=1.074e-04 ss=0.13
  ep8 step400/844 total=4.245e-01 mse=3.509e-01 latent=4.982e-01 pde=3.899e-05 tpde=8.529e-05 ss=0.13
  ep8 step450/844 total=5.012e-01 mse=4.390e-01 latent=5.634e-01 pde=5.542e-05 tpde=1.348e-04 ss=0.13
  ep8 step500/844 total=4.372e-01 mse=3.347e-01 latent=5.396e-01 pde=3.638e-05 tpde=1.055e-04 ss=0.13
  ep8 step550/844 total=4.772e-01 mse=4.051e-01 latent=5.493e-01 pde=3.959e-05 tpde=8.952e-05 ss=0.13
  ep8 step600/844 total=4.196e-01 mse=3.381e-01 latent=5.010e-01 pde=3.784e-05 tpde=1.301e-04 ss=0.13
  ep8 step650/844 total=4.915e-01 mse=4.098e-01 latent=5.733e-01 pde=4.782e-05 tpde=7.597e-05 ss=0.13
  ep8 step700/844 total=4.151e-01 mse=3.538e-01 latent=4.763e-01 pde=3.629e-05 tpde=7.330e-05 ss=0.13
  ep8 step750/844 total=4.844e-01 mse=3.912e-01 latent=5.776e-01 pde=4.348e-05 tpde=9.215e-05 ss=0.13
  ep8 step800/844 total=4.931e-01 mse=4.167e-01 latent=5.695e-01 pde=5.060e-05 tpde=8.827e-05 ss=0.13
Epoch 8/60 | train total=4.5365e-01 mse=3.7464e-01 tpde=1.0033e-04 | val_mse=5.4835e-01 | lr_p=3.00e-05 lr_l=1.00e-05 | 620s
  ep9 step0/844 total=5.168e-01 mse=4.661e-01 latent=5.674e-01 pde=4.140e-05 tpde=1.307e-04 ss=0.15
  ep9 step50/844 total=3.896e-01 mse=3.059e-01 latent=4.732e-01 pde=5.473e-05 tpde=9.490e-05 ss=0.15
  ep9 step100/844 total=4.767e-01 mse=3.766e-01 latent=5.767e-01 pde=3.771e-05 tpde=8.789e-05 ss=0.15
  ep9 step150/844 total=5.379e-01 mse=4.711e-01 latent=6.047e-01 pde=4.084e-05 tpde=9.701e-05 ss=0.15
  ep9 step200/844 total=4.504e-01 mse=3.708e-01 latent=5.300e-01 pde=4.343e-05 tpde=8.185e-05 ss=0.15
  ep9 step250/844 total=5.574e-01 mse=5.063e-01 latent=6.085e-01 pde=5.872e-05 tpde=1.251e-04 ss=0.15
  ep9 step300/844 total=3.734e-01 mse=2.824e-01 latent=4.645e-01 pde=3.311e-05 tpde=9.438e-05 ss=0.15
  ep9 step350/844 total=4.233e-01 mse=3.274e-01 latent=5.192e-01 pde=3.660e-05 tpde=9.859e-05 ss=0.15
  ep9 step400/844 total=4.513e-01 mse=3.600e-01 latent=5.426e-01 pde=2.683e-05 tpde=8.336e-05 ss=0.15
  ep9 step450/844 total=3.348e-01 mse=2.517e-01 latent=4.179e-01 pde=3.987e-05 tpde=1.056e-04 ss=0.15
  ep9 step500/844 total=5.051e-01 mse=4.245e-01 latent=5.857e-01 pde=3.004e-05 tpde=1.030e-04 ss=0.15
  ep9 step550/844 total=5.652e-01 mse=5.020e-01 latent=6.284e-01 pde=5.943e-05 tpde=1.003e-04 ss=0.15
  ep9 step600/844 total=4.790e-01 mse=4.177e-01 latent=5.403e-01 pde=4.444e-05 tpde=9.074e-05 ss=0.15
  ep9 step650/844 total=5.078e-01 mse=4.238e-01 latent=5.919e-01 pde=5.524e-05 tpde=1.007e-04 ss=0.15
  ep9 step700/844 total=4.736e-01 mse=3.945e-01 latent=5.528e-01 pde=3.393e-05 tpde=9.997e-05 ss=0.15
  ep9 step750/844 total=4.091e-01 mse=3.332e-01 latent=4.850e-01 pde=3.734e-05 tpde=8.145e-05 ss=0.15
  ep9 step800/844 total=4.482e-01 mse=3.727e-01 latent=5.236e-01 pde=3.272e-05 tpde=7.968e-05 ss=0.15
Epoch 9/60 | train total=4.4786e-01 mse=3.7029e-01 tpde=9.5295e-05 | val_mse=5.5127e-01 | lr_p=3.00e-05 lr_l=1.00e-05 | 618s
  ep10 step0/844 total=4.275e-01 mse=3.250e-01 latent=5.300e-01 pde=3.700e-05 tpde=1.205e-04 ss=0.17
  ep10 step50/844 total=5.357e-01 mse=4.683e-01 latent=6.032e-01 pde=5.058e-05 tpde=7.260e-05 ss=0.17
  ep10 step100/844 total=4.451e-01 mse=3.447e-01 latent=5.454e-01 pde=3.560e-05 tpde=1.067e-04 ss=0.17
  ep10 step150/844 total=3.775e-01 mse=3.116e-01 latent=4.434e-01 pde=5.531e-05 tpde=1.343e-04 ss=0.17
  ep10 step200/844 total=4.581e-01 mse=3.803e-01 latent=5.359e-01 pde=4.393e-05 tpde=9.034e-05 ss=0.17
  ep10 step250/844 total=4.675e-01 mse=3.571e-01 latent=5.780e-01 pde=4.859e-05 tpde=8.248e-05 ss=0.17
  ep10 step300/844 total=4.850e-01 mse=3.820e-01 latent=5.881e-01 pde=5.878e-05 tpde=1.367e-04 ss=0.17
  ep10 step350/844 total=4.699e-01 mse=4.272e-01 latent=5.127e-01 pde=4.409e-05 tpde=8.412e-05 ss=0.17
  ep10 step400/844 total=4.384e-01 mse=3.806e-01 latent=4.961e-01 pde=6.320e-05 tpde=8.837e-05 ss=0.17
  ep10 step450/844 total=4.648e-01 mse=3.788e-01 latent=5.509e-01 pde=3.670e-05 tpde=7.026e-05 ss=0.17
  ep10 step500/844 total=3.929e-01 mse=2.981e-01 latent=4.877e-01 pde=3.650e-05 tpde=1.026e-04 ss=0.17
  ep10 step550/844 total=4.264e-01 mse=3.540e-01 latent=4.988e-01 pde=6.367e-05 tpde=8.861e-05 ss=0.17
  ep10 step600/844 total=4.214e-01 mse=3.326e-01 latent=5.102e-01 pde=3.629e-05 tpde=9.036e-05 ss=0.17
  ep10 step650/844 total=3.519e-01 mse=2.452e-01 latent=4.586e-01 pde=5.201e-05 tpde=1.187e-04 ss=0.17
  ep10 step700/844 total=4.380e-01 mse=3.489e-01 latent=5.270e-01 pde=4.891e-05 tpde=1.099e-04 ss=0.17
  ep10 step750/844 total=4.808e-01 mse=4.131e-01 latent=5.485e-01 pde=3.698e-05 tpde=7.544e-05 ss=0.17
  ep10 step800/844 total=4.590e-01 mse=3.816e-01 latent=5.365e-01 pde=3.335e-05 tpde=1.184e-04 ss=0.17
Epoch 10/60 | train total=4.4378e-01 mse=3.6603e-01 tpde=9.3968e-05 | val_mse=5.4721e-01 | lr_p=3.00e-05 lr_l=1.00e-05 | 616s
  ep11 step0/844 total=4.393e-01 mse=3.539e-01 latent=5.248e-01 pde=3.761e-05 tpde=9.837e-05 ss=0.18
  ep11 step50/844 total=4.947e-01 mse=3.906e-01 latent=5.988e-01 pde=3.566e-05 tpde=1.031e-04 ss=0.18
  ep11 step100/844 total=4.032e-01 mse=3.102e-01 latent=4.962e-01 pde=4.228e-05 tpde=1.148e-04 ss=0.18
  ep11 step150/844 total=4.873e-01 mse=4.080e-01 latent=5.665e-01 pde=3.753e-05 tpde=7.410e-05 ss=0.18
  ep11 step200/844 total=4.075e-01 mse=4.112e-01 latent=4.038e-01 pde=5.340e-05 tpde=7.820e-05 ss=0.18
  ep11 step250/844 total=5.172e-01 mse=4.468e-01 latent=5.877e-01 pde=4.406e-05 tpde=8.199e-05 ss=0.18
  ep11 step300/844 total=4.222e-01 mse=3.660e-01 latent=4.784e-01 pde=5.633e-05 tpde=9.917e-05 ss=0.18
  ep11 step350/844 total=4.063e-01 mse=3.154e-01 latent=4.973e-01 pde=2.738e-05 tpde=1.223e-04 ss=0.18
  ep11 step400/844 total=3.283e-01 mse=2.892e-01 latent=3.674e-01 pde=2.753e-05 tpde=7.542e-05 ss=0.18
  ep11 step450/844 total=4.300e-01 mse=3.185e-01 latent=5.415e-01 pde=3.361e-05 tpde=6.942e-05 ss=0.18
  ep11 step500/844 total=3.403e-01 mse=2.405e-01 latent=4.401e-01 pde=3.171e-05 tpde=8.917e-05 ss=0.18
  ep11 step550/844 total=4.276e-01 mse=3.404e-01 latent=5.148e-01 pde=3.475e-05 tpde=8.557e-05 ss=0.18
  ep11 step600/844 total=5.662e-01 mse=5.522e-01 latent=5.802e-01 pde=3.307e-05 tpde=8.655e-05 ss=0.18
  ep11 step650/844 total=4.196e-01 mse=3.584e-01 latent=4.809e-01 pde=5.003e-05 tpde=9.229e-05 ss=0.18
  ep11 step700/844 total=5.001e-01 mse=4.055e-01 latent=5.948e-01 pde=3.513e-05 tpde=9.728e-05 ss=0.18
  ep11 step750/844 total=4.368e-01 mse=3.541e-01 latent=5.196e-01 pde=3.426e-05 tpde=9.618e-05 ss=0.18
  ep11 step800/844 total=4.142e-01 mse=3.287e-01 latent=4.997e-01 pde=3.210e-05 tpde=7.055e-05 ss=0.18
Epoch 11/60 | train total=4.4219e-01 mse=3.6727e-01 tpde=9.4239e-05 | val_mse=5.4577e-01 | lr_p=3.00e-05 lr_l=1.00e-05 | 617s
  ep12 step0/844 total=4.343e-01 mse=3.230e-01 latent=5.456e-01 pde=3.892e-05 tpde=9.994e-05 ss=0.20
  ep12 step50/844 total=4.451e-01 mse=3.667e-01 latent=5.236e-01 pde=5.467e-05 tpde=9.152e-05 ss=0.20
  ep12 step100/844 total=4.398e-01 mse=3.623e-01 latent=5.172e-01 pde=3.637e-05 tpde=6.074e-05 ss=0.20
  ep12 step150/844 total=4.942e-01 mse=4.259e-01 latent=5.624e-01 pde=5.728e-05 tpde=1.045e-04 ss=0.20
  ep12 step200/844 total=5.141e-01 mse=4.365e-01 latent=5.917e-01 pde=4.543e-05 tpde=1.238e-04 ss=0.20
  ep12 step250/844 total=3.770e-01 mse=2.997e-01 latent=4.542e-01 pde=4.357e-05 tpde=8.783e-05 ss=0.20
  ep12 step300/844 total=4.469e-01 mse=3.471e-01 latent=5.468e-01 pde=2.847e-05 tpde=1.359e-04 ss=0.20
  ep12 step350/844 total=4.792e-01 mse=4.276e-01 latent=5.307e-01 pde=4.850e-05 tpde=8.506e-05 ss=0.20
  ep12 step400/844 total=4.913e-01 mse=4.231e-01 latent=5.595e-01 pde=5.118e-05 tpde=9.732e-05 ss=0.20
  ep12 step450/844 total=3.623e-01 mse=2.858e-01 latent=4.388e-01 pde=4.682e-05 tpde=9.649e-05 ss=0.20
  ep12 step500/844 total=4.546e-01 mse=3.844e-01 latent=5.249e-01 pde=4.899e-05 tpde=1.083e-04 ss=0.20
  ep12 step550/844 total=4.204e-01 mse=3.208e-01 latent=5.200e-01 pde=3.033e-05 tpde=6.643e-05 ss=0.20
  ep12 step600/844 total=4.252e-01 mse=3.469e-01 latent=5.035e-01 pde=3.432e-05 tpde=8.521e-05 ss=0.20
  ep12 step650/844 total=4.490e-01 mse=3.850e-01 latent=5.129e-01 pde=3.624e-05 tpde=1.174e-04 ss=0.20
  ep12 step700/844 total=4.557e-01 mse=4.134e-01 latent=4.980e-01 pde=4.699e-05 tpde=1.027e-04 ss=0.20
  ep12 step750/844 total=4.594e-01 mse=4.734e-01 latent=4.455e-01 pde=5.493e-05 tpde=7.575e-05 ss=0.20
  ep12 step800/844 total=5.416e-01 mse=4.735e-01 latent=6.097e-01 pde=3.842e-05 tpde=7.772e-05 ss=0.20
Epoch 12/60 | train total=4.4141e-01 mse=3.6799e-01 tpde=9.2139e-05 | val_mse=5.4547e-01 | lr_p=3.00e-05 lr_l=1.00e-05 | 618s
  ep13 step0/844 total=3.500e-01 mse=2.521e-01 latent=4.480e-01 pde=3.256e-05 tpde=8.325e-05 ss=0.22
  ep13 step50/844 total=4.406e-01 mse=3.540e-01 latent=5.272e-01 pde=3.467e-05 tpde=8.199e-05 ss=0.22
  ep13 step100/844 total=4.709e-01 mse=3.845e-01 latent=5.573e-01 pde=4.729e-05 tpde=8.116e-05 ss=0.22
  ep13 step150/844 total=4.353e-01 mse=3.375e-01 latent=5.331e-01 pde=3.748e-05 tpde=1.036e-04 ss=0.22
  ep13 step200/844 total=4.109e-01 mse=3.190e-01 latent=5.028e-01 pde=2.822e-05 tpde=8.608e-05 ss=0.22
  ep13 step250/844 total=4.514e-01 mse=3.786e-01 latent=5.243e-01 pde=4.003e-05 tpde=7.592e-05 ss=0.22
  ep13 step300/844 total=4.509e-01 mse=3.751e-01 latent=5.268e-01 pde=5.504e-05 tpde=1.102e-04 ss=0.22
  ep13 step350/844 total=5.658e-01 mse=5.156e-01 latent=6.161e-01 pde=5.204e-05 tpde=8.626e-05 ss=0.22
  ep13 step400/844 total=5.484e-01 mse=5.068e-01 latent=5.900e-01 pde=5.052e-05 tpde=8.511e-05 ss=0.22
  ep13 step450/844 total=3.585e-01 mse=2.726e-01 latent=4.443e-01 pde=2.930e-05 tpde=8.605e-05 ss=0.22
  ep13 step500/844 total=3.741e-01 mse=2.850e-01 latent=4.631e-01 pde=4.854e-05 tpde=1.348e-04 ss=0.22
  ep13 step550/844 total=3.876e-01 mse=3.226e-01 latent=4.527e-01 pde=2.813e-05 tpde=7.553e-05 ss=0.22
  ep13 step600/844 total=5.018e-01 mse=4.336e-01 latent=5.701e-01 pde=4.124e-05 tpde=8.386e-05 ss=0.22
  ep13 step650/844 total=4.165e-01 mse=3.178e-01 latent=5.152e-01 pde=4.057e-05 tpde=8.088e-05 ss=0.22
  ep13 step700/844 total=4.763e-01 mse=4.050e-01 latent=5.476e-01 pde=3.742e-05 tpde=8.842e-05 ss=0.22
  ep13 step750/844 total=3.720e-01 mse=3.117e-01 latent=4.324e-01 pde=3.373e-05 tpde=9.318e-05 ss=0.22
  ep13 step800/844 total=4.496e-01 mse=3.708e-01 latent=5.283e-01 pde=4.279e-05 tpde=8.498e-05 ss=0.22
Epoch 13/60 | train total=4.3654e-01 mse=3.6340e-01 tpde=9.0553e-05 | val_mse=5.4566e-01 | lr_p=3.00e-05 lr_l=1.00e-05 | 620s
  ep14 step0/844 total=4.679e-01 mse=4.048e-01 latent=5.311e-01 pde=4.952e-05 tpde=8.379e-05 ss=0.23
  ep14 step50/844 total=4.777e-01 mse=4.090e-01 latent=5.464e-01 pde=4.225e-05 tpde=9.020e-05 ss=0.23
  ep14 step100/844 total=5.796e-01 mse=5.616e-01 latent=5.976e-01 pde=5.961e-05 tpde=1.143e-04 ss=0.23
  ep14 step150/844 total=3.749e-01 mse=2.848e-01 latent=4.650e-01 pde=4.895e-05 tpde=8.446e-05 ss=0.23
  ep14 step200/844 total=5.197e-01 mse=4.562e-01 latent=5.831e-01 pde=3.876e-05 tpde=7.599e-05 ss=0.23
  ep14 step250/844 total=3.582e-01 mse=2.679e-01 latent=4.486e-01 pde=2.304e-05 tpde=7.128e-05 ss=0.23
  ep14 step300/844 total=4.084e-01 mse=3.730e-01 latent=4.437e-01 pde=8.274e-05 tpde=1.142e-04 ss=0.23
  ep14 step350/844 total=3.439e-01 mse=2.377e-01 latent=4.501e-01 pde=2.466e-05 tpde=9.621e-05 ss=0.23
  ep14 step400/844 total=3.475e-01 mse=2.577e-01 latent=4.372e-01 pde=3.231e-05 tpde=7.052e-05 ss=0.23
  ep14 step450/844 total=5.002e-01 mse=4.279e-01 latent=5.726e-01 pde=5.770e-05 tpde=1.235e-04 ss=0.23
  ep14 step500/844 total=3.970e-01 mse=3.402e-01 latent=4.539e-01 pde=7.535e-05 tpde=8.295e-05 ss=0.23
  ep14 step550/844 total=4.760e-01 mse=4.515e-01 latent=5.004e-01 pde=4.676e-05 tpde=9.446e-05 ss=0.23
  ep14 step600/844 total=4.270e-01 mse=3.248e-01 latent=5.292e-01 pde=4.923e-05 tpde=1.763e-04 ss=0.23
  ep14 step650/844 total=4.546e-01 mse=3.824e-01 latent=5.268e-01 pde=5.237e-05 tpde=1.036e-04 ss=0.23
  ep14 step700/844 total=3.432e-01 mse=2.759e-01 latent=4.105e-01 pde=2.919e-05 tpde=1.627e-04 ss=0.23
  ep14 step750/844 total=3.779e-01 mse=3.004e-01 latent=4.555e-01 pde=4.337e-05 tpde=8.784e-05 ss=0.23
  ep14 step800/844 total=3.816e-01 mse=2.904e-01 latent=4.728e-01 pde=3.759e-05 tpde=9.237e-05 ss=0.23
Epoch 14/60 | train total=4.3540e-01 mse=3.6394e-01 tpde=8.9041e-05 | val_mse=5.4219e-01 | lr_p=3.00e-05 lr_l=1.00e-05 | 625s
  ep15 step0/844 total=4.227e-01 mse=3.496e-01 latent=4.958e-01 pde=4.084e-05 tpde=7.938e-05 ss=0.25
  ep15 step50/844 total=3.773e-01 mse=2.759e-01 latent=4.787e-01 pde=4.017e-05 tpde=7.205e-05 ss=0.25
  ep15 step100/844 total=4.614e-01 mse=3.864e-01 latent=5.363e-01 pde=4.153e-05 tpde=9.958e-05 ss=0.25
  ep15 step150/844 total=3.651e-01 mse=2.672e-01 latent=4.630e-01 pde=4.600e-05 tpde=8.467e-05 ss=0.25
  ep15 step200/844 total=4.664e-01 mse=4.002e-01 latent=5.327e-01 pde=2.918e-05 tpde=7.372e-05 ss=0.25
  ep15 step250/844 total=3.844e-01 mse=3.079e-01 latent=4.610e-01 pde=4.158e-05 tpde=8.673e-05 ss=0.25
  ep15 step300/844 total=5.275e-01 mse=4.812e-01 latent=5.737e-01 pde=4.275e-05 tpde=9.150e-05 ss=0.25
  ep15 step350/844 total=4.463e-01 mse=3.677e-01 latent=5.248e-01 pde=4.028e-05 tpde=7.582e-05 ss=0.25
  ep15 step400/844 total=4.247e-01 mse=3.157e-01 latent=5.337e-01 pde=3.056e-05 tpde=6.109e-05 ss=0.25
  ep15 step450/844 total=4.201e-01 mse=3.598e-01 latent=4.804e-01 pde=5.604e-05 tpde=8.232e-05 ss=0.25
  ep15 step500/844 total=4.134e-01 mse=3.255e-01 latent=5.014e-01 pde=5.644e-05 tpde=1.331e-04 ss=0.25
  ep15 step550/844 total=4.299e-01 mse=3.495e-01 latent=5.102e-01 pde=3.924e-05 tpde=1.075e-04 ss=0.25
  ep15 step600/844 total=4.198e-01 mse=3.592e-01 latent=4.805e-01 pde=3.765e-05 tpde=8.616e-05 ss=0.25
  ep15 step650/844 total=4.019e-01 mse=3.293e-01 latent=4.745e-01 pde=4.579e-05 tpde=7.466e-05 ss=0.25
  ep15 step700/844 total=3.875e-01 mse=3.132e-01 latent=4.618e-01 pde=2.976e-05 tpde=7.677e-05 ss=0.25
  ep15 step750/844 total=4.427e-01 mse=3.649e-01 latent=5.206e-01 pde=6.115e-05 tpde=8.373e-05 ss=0.25
  ep15 step800/844 total=5.051e-01 mse=4.364e-01 latent=5.738e-01 pde=6.174e-05 tpde=8.982e-05 ss=0.25
Epoch 15/60 | train total=4.3421e-01 mse=3.6405e-01 tpde=9.0022e-05 | val_mse=5.4559e-01 | lr_p=3.00e-05 lr_l=1.00e-05 | 618s
  ep16 step0/844 total=4.697e-01 mse=3.986e-01 latent=5.408e-01 pde=3.360e-05 tpde=6.792e-05 ss=0.25
  ep16 step50/844 total=3.919e-01 mse=3.031e-01 latent=4.806e-01 pde=3.247e-05 tpde=8.903e-05 ss=0.25
  ep16 step100/844 total=3.685e-01 mse=3.624e-01 latent=3.746e-01 pde=5.058e-05 tpde=9.197e-05 ss=0.25
  ep16 step150/844 total=3.995e-01 mse=3.283e-01 latent=4.707e-01 pde=3.642e-05 tpde=7.866e-05 ss=0.25
  ep16 step200/844 total=4.415e-01 mse=3.749e-01 latent=5.082e-01 pde=3.313e-05 tpde=7.032e-05 ss=0.25
  ep16 step250/844 total=4.072e-01 mse=3.696e-01 latent=4.447e-01 pde=4.531e-05 tpde=7.282e-05 ss=0.25
  ep16 step300/844 total=4.401e-01 mse=3.771e-01 latent=5.032e-01 pde=5.341e-05 tpde=1.033e-04 ss=0.25
  ep16 step350/844 total=3.706e-01 mse=3.128e-01 latent=4.284e-01 pde=4.208e-05 tpde=1.352e-04 ss=0.25
  ep16 step400/844 total=5.010e-01 mse=4.400e-01 latent=5.621e-01 pde=3.534e-05 tpde=6.511e-05 ss=0.25
  ep16 step450/844 total=3.870e-01 mse=3.199e-01 latent=4.541e-01 pde=6.547e-05 tpde=7.955e-05 ss=0.25
  ep16 step500/844 total=4.515e-01 mse=3.605e-01 latent=5.426e-01 pde=2.954e-05 tpde=1.201e-04 ss=0.25
  ep16 step550/844 total=3.392e-01 mse=2.920e-01 latent=3.865e-01 pde=3.541e-05 tpde=7.123e-05 ss=0.25
  ep16 step600/844 total=4.363e-01 mse=3.497e-01 latent=5.229e-01 pde=3.448e-05 tpde=8.614e-05 ss=0.25
  ep16 step650/844 total=4.071e-01 mse=3.300e-01 latent=4.841e-01 pde=4.392e-05 tpde=8.077e-05 ss=0.25
  ep16 step700/844 total=4.297e-01 mse=3.577e-01 latent=5.016e-01 pde=4.358e-05 tpde=1.180e-04 ss=0.25
  ep16 step750/844 total=3.048e-01 mse=2.497e-01 latent=3.599e-01 pde=4.928e-05 tpde=8.582e-05 ss=0.25
  ep16 step800/844 total=3.595e-01 mse=2.619e-01 latent=4.572e-01 pde=4.042e-05 tpde=7.584e-05 ss=0.25
Epoch 16/60 | train total=4.2631e-01 mse=3.5554e-01 tpde=8.7901e-05 | val_mse=5.5063e-01 | lr_p=3.00e-05 lr_l=1.00e-05 | 618s
  ep17 step0/844 total=3.950e-01 mse=2.928e-01 latent=4.973e-01 pde=3.410e-05 tpde=8.830e-05 ss=0.25
  ep17 step50/844 total=4.393e-01 mse=3.486e-01 latent=5.300e-01 pde=3.980e-05 tpde=9.917e-05 ss=0.25
  ep17 step100/844 total=4.288e-01 mse=3.513e-01 latent=5.063e-01 pde=5.091e-05 tpde=9.065e-05 ss=0.25
  ep17 step150/844 total=3.611e-01 mse=2.762e-01 latent=4.459e-01 pde=3.223e-05 tpde=1.025e-04 ss=0.25
  ep17 step200/844 total=3.602e-01 mse=2.927e-01 latent=4.276e-01 pde=5.451e-05 tpde=8.188e-05 ss=0.25
  ep17 step250/844 total=5.160e-01 mse=4.597e-01 latent=5.723e-01 pde=4.439e-05 tpde=8.806e-05 ss=0.25
  ep17 step300/844 total=4.903e-01 mse=4.030e-01 latent=5.776e-01 pde=3.612e-05 tpde=8.334e-05 ss=0.25
  ep17 step350/844 total=3.910e-01 mse=3.276e-01 latent=4.544e-01 pde=5.120e-05 tpde=7.886e-05 ss=0.25
  ep17 step400/844 total=5.133e-01 mse=4.606e-01 latent=5.659e-01 pde=7.052e-05 tpde=8.866e-05 ss=0.25
  ep17 step450/844 total=4.142e-01 mse=3.470e-01 latent=4.814e-01 pde=3.871e-05 tpde=6.015e-05 ss=0.25
  ep17 step500/844 total=4.358e-01 mse=4.175e-01 latent=4.542e-01 pde=4.038e-05 tpde=8.805e-05 ss=0.25
  ep17 step550/844 total=4.615e-01 mse=3.946e-01 latent=5.284e-01 pde=6.113e-05 tpde=8.542e-05 ss=0.25
  ep17 step600/844 total=4.305e-01 mse=4.217e-01 latent=4.392e-01 pde=3.589e-05 tpde=7.213e-05 ss=0.25
  ep17 step650/844 total=3.650e-01 mse=2.742e-01 latent=4.559e-01 pde=4.447e-05 tpde=9.783e-05 ss=0.25
  ep17 step700/844 total=4.550e-01 mse=3.935e-01 latent=5.166e-01 pde=4.498e-05 tpde=9.451e-05 ss=0.25
  ep17 step750/844 total=4.125e-01 mse=3.414e-01 latent=4.836e-01 pde=5.032e-05 tpde=9.361e-05 ss=0.25
  ep17 step800/844 total=3.754e-01 mse=2.771e-01 latent=4.737e-01 pde=2.832e-05 tpde=7.659e-05 ss=0.25
Epoch 17/60 | train total=4.2154e-01 mse=3.5001e-01 tpde=8.6664e-05 | val_mse=5.4474e-01 | lr_p=3.00e-05 lr_l=1.00e-05 | 616s
  ep18 step0/844 total=3.667e-01 mse=3.032e-01 latent=4.301e-01 pde=5.871e-05 tpde=8.371e-05 ss=0.25
  ep18 step50/844 total=4.099e-01 mse=3.405e-01 latent=4.792e-01 pde=4.841e-05 tpde=6.924e-05 ss=0.25
  ep18 step100/844 total=4.641e-01 mse=3.825e-01 latent=5.458e-01 pde=5.516e-05 tpde=8.606e-05 ss=0.25
  ep18 step150/844 total=4.799e-01 mse=4.216e-01 latent=5.382e-01 pde=4.544e-05 tpde=8.679e-05 ss=0.25
  ep18 step200/844 total=4.502e-01 mse=3.546e-01 latent=5.459e-01 pde=3.508e-05 tpde=7.330e-05 ss=0.25
  ep18 step250/844 total=4.003e-01 mse=3.386e-01 latent=4.619e-01 pde=3.919e-05 tpde=7.468e-05 ss=0.25
  ep18 step300/844 total=4.279e-01 mse=3.580e-01 latent=4.977e-01 pde=4.897e-05 tpde=1.074e-04 ss=0.25
  ep18 step350/844 total=5.204e-01 mse=4.682e-01 latent=5.726e-01 pde=5.190e-05 tpde=9.164e-05 ss=0.25
  ep18 step400/844 total=3.482e-01 mse=2.804e-01 latent=4.159e-01 pde=3.437e-05 tpde=8.668e-05 ss=0.25
  ep18 step450/844 total=3.975e-01 mse=3.231e-01 latent=4.719e-01 pde=4.869e-05 tpde=1.002e-04 ss=0.25
  ep18 step500/844 total=4.149e-01 mse=3.552e-01 latent=4.745e-01 pde=4.173e-05 tpde=8.903e-05 ss=0.25
  ep18 step550/844 total=4.115e-01 mse=3.281e-01 latent=4.949e-01 pde=3.787e-05 tpde=8.091e-05 ss=0.25
  ep18 step600/844 total=3.688e-01 mse=2.639e-01 latent=4.738e-01 pde=3.190e-05 tpde=8.405e-05 ss=0.25
  ep18 step650/844 total=3.712e-01 mse=2.978e-01 latent=4.446e-01 pde=2.750e-05 tpde=7.155e-05 ss=0.25
  ep18 step700/844 total=4.693e-01 mse=3.815e-01 latent=5.572e-01 pde=3.959e-05 tpde=9.814e-05 ss=0.25
  ep18 step750/844 total=3.640e-01 mse=2.982e-01 latent=4.298e-01 pde=3.412e-05 tpde=7.902e-05 ss=0.25
  ep18 step800/844 total=4.328e-01 mse=3.538e-01 latent=5.118e-01 pde=3.016e-05 tpde=7.006e-05 ss=0.25
Epoch 18/60 | train total=4.1630e-01 mse=3.4449e-01 tpde=9.0021e-05 | val_mse=5.5358e-01 | lr_p=3.00e-05 lr_l=1.00e-05 | 618s
  ep19 step0/844 total=3.160e-01 mse=2.584e-01 latent=3.736e-01 pde=3.612e-05 tpde=6.895e-05 ss=0.25
  ep19 step50/844 total=4.263e-01 mse=3.548e-01 latent=4.977e-01 pde=3.800e-05 tpde=1.090e-04 ss=0.25
  ep19 step100/844 total=3.977e-01 mse=3.130e-01 latent=4.824e-01 pde=3.658e-05 tpde=6.528e-05 ss=0.25
  ep19 step150/844 total=4.941e-01 mse=4.148e-01 latent=5.735e-01 pde=4.885e-05 tpde=1.123e-04 ss=0.25
  ep19 step200/844 total=3.010e-01 mse=2.097e-01 latent=3.923e-01 pde=4.581e-05 tpde=7.247e-05 ss=0.25
  ep19 step250/844 total=3.187e-01 mse=2.352e-01 latent=4.023e-01 pde=2.627e-05 tpde=7.796e-05 ss=0.25
  ep19 step300/844 total=3.819e-01 mse=3.124e-01 latent=4.513e-01 pde=3.561e-05 tpde=7.492e-05 ss=0.25
  ep19 step350/844 total=4.010e-01 mse=3.564e-01 latent=4.457e-01 pde=7.544e-05 tpde=8.204e-05 ss=0.25
  ep19 step400/844 total=4.311e-01 mse=3.764e-01 latent=4.859e-01 pde=5.540e-05 tpde=8.349e-05 ss=0.25
  ep19 step450/844 total=3.999e-01 mse=3.185e-01 latent=4.814e-01 pde=2.918e-05 tpde=6.296e-05 ss=0.25
  ep19 step500/844 total=3.303e-01 mse=2.688e-01 latent=3.918e-01 pde=3.069e-05 tpde=7.894e-05 ss=0.25
  ep19 step550/844 total=4.821e-01 mse=4.217e-01 latent=5.424e-01 pde=3.694e-05 tpde=8.695e-05 ss=0.25
  ep19 step600/844 total=3.561e-01 mse=2.888e-01 latent=4.233e-01 pde=3.074e-05 tpde=7.699e-05 ss=0.25
  ep19 step650/844 total=4.047e-01 mse=3.665e-01 latent=4.428e-01 pde=4.260e-05 tpde=8.273e-05 ss=0.25
  ep19 step700/844 total=4.077e-01 mse=3.555e-01 latent=4.598e-01 pde=6.410e-05 tpde=2.825e-04 ss=0.25
  ep19 step750/844 total=4.346e-01 mse=3.917e-01 latent=4.775e-01 pde=3.212e-05 tpde=7.143e-05 ss=0.25
  ep19 step800/844 total=4.517e-01 mse=3.978e-01 latent=5.056e-01 pde=3.733e-05 tpde=7.776e-05 ss=0.25
Epoch 19/60 | train total=4.0972e-01 mse=3.3793e-01 tpde=8.7127e-05 | val_mse=5.4896e-01 | lr_p=3.00e-05 lr_l=1.00e-05 | 619s
  ep20 step0/844 total=3.937e-01 mse=3.007e-01 latent=4.868e-01 pde=3.707e-05 tpde=8.188e-05 ss=0.25
  ep20 step50/844 total=2.533e-01 mse=1.771e-01 latent=3.295e-01 pde=4.744e-05 tpde=1.468e-04 ss=0.25
  ep20 step100/844 total=4.374e-01 mse=3.812e-01 latent=4.936e-01 pde=3.660e-05 tpde=6.973e-05 ss=0.25
  ep20 step150/844 total=4.420e-01 mse=3.511e-01 latent=5.329e-01 pde=2.649e-05 tpde=5.915e-05 ss=0.25
  ep20 step200/844 total=4.656e-01 mse=4.003e-01 latent=5.310e-01 pde=3.292e-05 tpde=7.251e-05 ss=0.25
  ep20 step250/844 total=3.627e-01 mse=2.724e-01 latent=4.529e-01 pde=3.497e-05 tpde=1.152e-04 ss=0.25
  ep20 step300/844 total=4.344e-01 mse=3.619e-01 latent=5.069e-01 pde=3.410e-05 tpde=6.017e-05 ss=0.25
  ep20 step350/844 total=3.665e-01 mse=3.045e-01 latent=4.285e-01 pde=6.118e-05 tpde=7.506e-05 ss=0.25
  ep20 step400/844 total=4.797e-01 mse=4.215e-01 latent=5.378e-01 pde=7.134e-05 tpde=8.713e-05 ss=0.25
  ep20 step450/844 total=3.893e-01 mse=3.018e-01 latent=4.768e-01 pde=3.530e-05 tpde=7.788e-05 ss=0.25
  ep20 step500/844 total=3.902e-01 mse=3.068e-01 latent=4.737e-01 pde=4.158e-05 tpde=8.792e-05 ss=0.25
  ep20 step550/844 total=4.298e-01 mse=3.562e-01 latent=5.033e-01 pde=3.044e-05 tpde=1.248e-04 ss=0.25
  ep20 step600/844 total=4.479e-01 mse=3.541e-01 latent=5.416e-01 pde=2.765e-05 tpde=6.009e-05 ss=0.25
  ep20 step650/844 total=4.363e-01 mse=3.581e-01 latent=5.146e-01 pde=4.321e-05 tpde=7.823e-05 ss=0.25
  ep20 step700/844 total=3.351e-01 mse=2.631e-01 latent=4.071e-01 pde=4.189e-05 tpde=7.242e-05 ss=0.25
  ep20 step750/844 total=4.528e-01 mse=3.804e-01 latent=5.252e-01 pde=3.245e-05 tpde=7.389e-05 ss=0.25
  ep20 step800/844 total=3.797e-01 mse=2.769e-01 latent=4.826e-01 pde=3.088e-05 tpde=8.011e-05 ss=0.25
Epoch 20/60 | train total=4.0617e-01 mse=3.3426e-01 tpde=8.6092e-05 | val_mse=5.5619e-01 | lr_p=3.00e-05 lr_l=1.00e-05 | 610s
GSPDEModel saved to ./checkpoints_3a_mixed/epoch_20
  ep21 step0/844 total=4.972e-01 mse=4.576e-01 latent=5.368e-01 pde=4.819e-05 tpde=8.815e-05 ss=0.25
  ep21 step50/844 total=4.172e-01 mse=3.545e-01 latent=4.799e-01 pde=3.883e-05 tpde=9.027e-05 ss=0.25
  ep21 step100/844 total=4.119e-01 mse=3.318e-01 latent=4.920e-01 pde=3.455e-05 tpde=7.304e-05 ss=0.25
  ep21 step150/844 total=4.478e-01 mse=3.919e-01 latent=5.036e-01 pde=6.771e-05 tpde=1.131e-04 ss=0.25
  ep21 step200/844 total=4.460e-01 mse=3.641e-01 latent=5.280e-01 pde=3.627e-05 tpde=7.287e-05 ss=0.25
  ep21 step250/844 total=3.817e-01 mse=3.035e-01 latent=4.599e-01 pde=3.232e-05 tpde=5.065e-05 ss=0.25
  ep21 step300/844 total=3.959e-01 mse=3.147e-01 latent=4.770e-01 pde=3.057e-05 tpde=8.201e-05 ss=0.25
  ep21 step350/844 total=3.984e-01 mse=3.562e-01 latent=4.407e-01 pde=6.829e-05 tpde=1.255e-04 ss=0.25
  ep21 step400/844 total=4.309e-01 mse=3.515e-01 latent=5.103e-01 pde=3.473e-05 tpde=6.396e-05 ss=0.25
  ep21 step450/844 total=3.153e-01 mse=1.968e-01 latent=4.337e-01 pde=4.567e-05 tpde=9.727e-05 ss=0.25
  ep21 step500/844 total=4.848e-01 mse=3.980e-01 latent=5.717e-01 pde=3.532e-05 tpde=8.873e-05 ss=0.25
  ep21 step550/844 total=4.016e-01 mse=3.189e-01 latent=4.843e-01 pde=3.928e-05 tpde=7.272e-05 ss=0.25
  ep21 step600/844 total=3.776e-01 mse=2.742e-01 latent=4.809e-01 pde=2.595e-05 tpde=8.992e-05 ss=0.25
  ep21 step650/844 total=2.551e-01 mse=1.363e-01 latent=3.739e-01 pde=2.461e-05 tpde=7.579e-05 ss=0.25
  ep21 step700/844 total=4.488e-01 mse=3.752e-01 latent=5.224e-01 pde=2.877e-05 tpde=7.453e-05 ss=0.25
  ep21 step750/844 total=4.894e-01 mse=4.096e-01 latent=5.692e-01 pde=4.008e-05 tpde=8.563e-05 ss=0.25
  ep21 step800/844 total=3.582e-01 mse=2.826e-01 latent=4.338e-01 pde=5.105e-05 tpde=8.175e-05 ss=0.25
Epoch 21/60 | train total=3.9959e-01 mse=3.2709e-01 tpde=8.6243e-05 | val_mse=5.4661e-01 | lr_p=3.00e-05 lr_l=1.00e-05 | 619s
  ep22 step0/844 total=3.385e-01 mse=3.075e-01 latent=3.696e-01 pde=3.223e-05 tpde=2.139e-04 ss=0.25
  ep22 step50/844 total=3.702e-01 mse=3.160e-01 latent=4.245e-01 pde=3.920e-05 tpde=7.766e-05 ss=0.25
  ep22 step100/844 total=3.735e-01 mse=3.041e-01 latent=4.429e-01 pde=3.359e-05 tpde=7.747e-05 ss=0.25
  ep22 step150/844 total=4.068e-01 mse=3.155e-01 latent=4.981e-01 pde=3.972e-05 tpde=8.468e-05 ss=0.25
  ep22 step200/844 total=4.378e-01 mse=3.685e-01 latent=5.071e-01 pde=4.644e-05 tpde=1.251e-04 ss=0.25
  ep22 step250/844 total=3.687e-01 mse=2.969e-01 latent=4.404e-01 pde=4.725e-05 tpde=7.546e-05 ss=0.25
  ep22 step300/844 total=4.588e-01 mse=3.989e-01 latent=5.188e-01 pde=5.704e-05 tpde=1.210e-04 ss=0.25
  ep22 step350/844 total=3.734e-01 mse=3.014e-01 latent=4.454e-01 pde=3.724e-05 tpde=6.699e-05 ss=0.25
  ep22 step400/844 total=3.572e-01 mse=2.740e-01 latent=4.404e-01 pde=3.154e-05 tpde=8.926e-05 ss=0.25
  ep22 step450/844 total=3.686e-01 mse=2.990e-01 latent=4.381e-01 pde=4.776e-05 tpde=8.418e-05 ss=0.25
  ep22 step500/844 total=4.214e-01 mse=3.553e-01 latent=4.875e-01 pde=4.660e-05 tpde=7.244e-05 ss=0.25
  ep22 step550/844 total=3.884e-01 mse=2.970e-01 latent=4.797e-01 pde=3.124e-05 tpde=7.580e-05 ss=0.25
  ep22 step600/844 total=3.512e-01 mse=2.854e-01 latent=4.170e-01 pde=3.589e-05 tpde=6.624e-05 ss=0.25
  ep22 step650/844 total=4.443e-01 mse=3.798e-01 latent=5.088e-01 pde=3.760e-05 tpde=1.002e-04 ss=0.25
  ep22 step700/844 total=3.997e-01 mse=3.057e-01 latent=4.937e-01 pde=3.999e-05 tpde=8.841e-05 ss=0.25
  ep22 step750/844 total=3.883e-01 mse=3.245e-01 latent=4.520e-01 pde=4.875e-05 tpde=6.072e-05 ss=0.25
  ep22 step800/844 total=4.205e-01 mse=3.418e-01 latent=4.992e-01 pde=4.331e-05 tpde=6.620e-05 ss=0.25
Epoch 22/60 | train total=3.9630e-01 mse=3.2419e-01 tpde=8.6322e-05 | val_mse=5.4329e-01 | lr_p=3.00e-05 lr_l=1.00e-05 | 612s
  ep23 step0/844 total=4.322e-01 mse=3.379e-01 latent=5.264e-01 pde=3.987e-05 tpde=1.061e-04 ss=0.25
  ep23 step50/844 total=3.624e-01 mse=2.900e-01 latent=4.348e-01 pde=6.364e-05 tpde=6.712e-05 ss=0.25
  ep23 step100/844 total=3.653e-01 mse=2.739e-01 latent=4.568e-01 pde=4.379e-05 tpde=7.773e-05 ss=0.25
  ep23 step150/844 total=4.268e-01 mse=3.385e-01 latent=5.150e-01 pde=2.699e-05 tpde=7.136e-05 ss=0.25
  ep23 step200/844 total=3.105e-01 mse=2.290e-01 latent=3.921e-01 pde=3.090e-05 tpde=8.904e-05 ss=0.25
  ep23 step250/844 total=3.939e-01 mse=3.058e-01 latent=4.819e-01 pde=2.887e-05 tpde=6.790e-05 ss=0.25
  ep23 step300/844 total=5.028e-01 mse=4.338e-01 latent=5.718e-01 pde=5.691e-05 tpde=9.073e-05 ss=0.25
  ep23 step350/844 total=3.634e-01 mse=2.993e-01 latent=4.276e-01 pde=4.784e-05 tpde=7.458e-05 ss=0.25
  ep23 step400/844 total=3.223e-01 mse=2.229e-01 latent=4.216e-01 pde=3.079e-05 tpde=6.786e-05 ss=0.25
  ep23 step450/844 total=3.310e-01 mse=2.264e-01 latent=4.356e-01 pde=2.685e-05 tpde=5.843e-05 ss=0.25
  ep23 step500/844 total=3.852e-01 mse=3.213e-01 latent=4.491e-01 pde=3.562e-05 tpde=6.843e-05 ss=0.25
  ep23 step550/844 total=3.963e-01 mse=3.274e-01 latent=4.652e-01 pde=2.354e-05 tpde=6.799e-05 ss=0.25
  ep23 step600/844 total=3.679e-01 mse=2.790e-01 latent=4.567e-01 pde=2.641e-05 tpde=6.885e-05 ss=0.25
  ep23 step650/844 total=3.851e-01 mse=3.015e-01 latent=4.687e-01 pde=2.783e-05 tpde=7.770e-05 ss=0.25
  ep23 step700/844 total=4.209e-01 mse=3.395e-01 latent=5.022e-01 pde=4.169e-05 tpde=7.484e-05 ss=0.25
  ep23 step750/844 total=4.562e-01 mse=3.821e-01 latent=5.302e-01 pde=3.188e-05 tpde=9.733e-05 ss=0.25
  ep23 step800/844 total=3.724e-01 mse=3.302e-01 latent=4.147e-01 pde=4.457e-05 tpde=8.302e-05 ss=0.25
Epoch 23/60 | train total=3.9193e-01 mse=3.1970e-01 tpde=8.8613e-05 | val_mse=5.4568e-01 | lr_p=3.00e-05 lr_l=1.00e-05 | 606s
  ep24 step0/844 total=4.197e-01 mse=3.528e-01 latent=4.865e-01 pde=6.337e-05 tpde=8.039e-05 ss=0.25
  ep24 step50/844 total=4.140e-01 mse=3.019e-01 latent=5.261e-01 pde=3.279e-05 tpde=8.281e-05 ss=0.25
  ep24 step100/844 total=3.279e-01 mse=2.579e-01 latent=3.980e-01 pde=3.613e-05 tpde=7.750e-05 ss=0.25
  ep24 step150/844 total=5.352e-01 mse=5.181e-01 latent=5.523e-01 pde=4.303e-05 tpde=2.157e-04 ss=0.25
  ep24 step200/844 total=3.992e-01 mse=3.144e-01 latent=4.840e-01 pde=3.705e-05 tpde=7.303e-05 ss=0.25
  ep24 step250/844 total=4.079e-01 mse=3.348e-01 latent=4.810e-01 pde=3.963e-05 tpde=6.954e-05 ss=0.25
  ep24 step300/844 total=4.182e-01 mse=3.462e-01 latent=4.902e-01 pde=3.135e-05 tpde=8.034e-05 ss=0.25
  ep24 step350/844 total=2.741e-01 mse=2.068e-01 latent=3.415e-01 pde=3.134e-05 tpde=1.165e-04 ss=0.25
  ep24 step400/844 total=2.732e-01 mse=1.852e-01 latent=3.612e-01 pde=3.158e-05 tpde=5.727e-05 ss=0.25
  ep24 step450/844 total=4.230e-01 mse=3.506e-01 latent=4.953e-01 pde=2.975e-05 tpde=5.949e-05 ss=0.25
  ep24 step500/844 total=3.755e-01 mse=3.213e-01 latent=4.296e-01 pde=3.831e-05 tpde=7.455e-05 ss=0.25
  ep24 step550/844 total=4.482e-01 mse=3.486e-01 latent=5.478e-01 pde=2.645e-05 tpde=5.935e-05 ss=0.25
  ep24 step600/844 total=3.818e-01 mse=2.858e-01 latent=4.777e-01 pde=2.916e-05 tpde=5.937e-05 ss=0.25
  ep24 step650/844 total=3.884e-01 mse=2.976e-01 latent=4.793e-01 pde=3.558e-05 tpde=8.326e-05 ss=0.25
  ep24 step700/844 total=3.905e-01 mse=2.914e-01 latent=4.896e-01 pde=3.616e-05 tpde=8.506e-05 ss=0.25
  ep24 step750/844 total=4.020e-01 mse=3.210e-01 latent=4.830e-01 pde=3.410e-05 tpde=9.098e-05 ss=0.25
  ep24 step800/844 total=2.655e-01 mse=1.682e-01 latent=3.628e-01 pde=3.085e-05 tpde=6.063e-05 ss=0.25
Epoch 24/60 | train total=3.8538e-01 mse=3.1272e-01 tpde=8.6786e-05 | val_mse=5.4867e-01 | lr_p=3.00e-05 lr_l=1.00e-05 | 608s
  ep25 step0/844 total=4.022e-01 mse=3.113e-01 latent=4.931e-01 pde=4.176e-05 tpde=8.340e-05 ss=0.25
  ep25 step50/844 total=3.800e-01 mse=3.147e-01 latent=4.453e-01 pde=3.170e-05 tpde=5.677e-05 ss=0.25
  ep25 step100/844 total=3.824e-01 mse=3.021e-01 latent=4.627e-01 pde=3.857e-05 tpde=9.023e-05 ss=0.25
  ep25 step150/844 total=4.064e-01 mse=3.132e-01 latent=4.996e-01 pde=3.135e-05 tpde=6.400e-05 ss=0.25
  ep25 step200/844 total=3.560e-01 mse=2.874e-01 latent=4.246e-01 pde=2.732e-05 tpde=6.528e-05 ss=0.25
  ep25 step250/844 total=4.162e-01 mse=3.525e-01 latent=4.800e-01 pde=5.173e-05 tpde=8.330e-05 ss=0.25
  ep25 step300/844 total=3.397e-01 mse=2.617e-01 latent=4.177e-01 pde=3.803e-05 tpde=8.055e-05 ss=0.25
  ep25 step350/844 total=4.422e-01 mse=3.768e-01 latent=5.075e-01 pde=3.887e-05 tpde=5.916e-05 ss=0.25
  ep25 step400/844 total=4.116e-01 mse=3.334e-01 latent=4.898e-01 pde=5.116e-05 tpde=6.366e-05 ss=0.25
  ep25 step450/844 total=3.623e-01 mse=2.812e-01 latent=4.435e-01 pde=4.232e-05 tpde=8.325e-05 ss=0.25
  ep25 step500/844 total=3.810e-01 mse=3.078e-01 latent=4.542e-01 pde=2.562e-05 tpde=5.516e-05 ss=0.25
  ep25 step550/844 total=4.242e-01 mse=3.524e-01 latent=4.959e-01 pde=3.438e-05 tpde=8.519e-05 ss=0.25
  ep25 step600/844 total=4.278e-01 mse=3.456e-01 latent=5.101e-01 pde=3.261e-05 tpde=1.063e-04 ss=0.25
  ep25 step650/844 total=4.703e-01 mse=4.258e-01 latent=5.148e-01 pde=3.954e-05 tpde=8.230e-05 ss=0.25
  ep25 step700/844 total=3.631e-01 mse=2.791e-01 latent=4.471e-01 pde=4.947e-05 tpde=9.637e-05 ss=0.25
  ep25 step750/844 total=3.343e-01 mse=2.374e-01 latent=4.311e-01 pde=3.670e-05 tpde=6.435e-05 ss=0.25
  ep25 step800/844 total=3.822e-01 mse=2.921e-01 latent=4.722e-01 pde=3.870e-05 tpde=9.235e-05 ss=0.25
Epoch 25/60 | train total=3.8297e-01 mse=3.1025e-01 tpde=8.2098e-05 | val_mse=5.5157e-01 | lr_p=3.00e-05 lr_l=1.00e-05 | 607s
  ep26 step0/844 total=3.919e-01 mse=3.074e-01 latent=4.765e-01 pde=2.899e-05 tpde=7.497e-05 ss=0.25
  ep26 step50/844 total=3.258e-01 mse=2.397e-01 latent=4.118e-01 pde=2.673e-05 tpde=6.767e-05 ss=0.25
  ep26 step100/844 total=1.732e-01 mse=1.002e-01 latent=2.463e-01 pde=2.304e-05 tpde=6.289e-05 ss=0.25
  ep26 step150/844 total=3.637e-01 mse=3.125e-01 latent=4.150e-01 pde=7.517e-05 tpde=7.482e-05 ss=0.25
  ep26 step200/844 total=3.996e-01 mse=3.410e-01 latent=4.581e-01 pde=4.487e-05 tpde=7.697e-05 ss=0.25
  ep26 step250/844 total=2.752e-01 mse=1.804e-01 latent=3.701e-01 pde=2.456e-05 tpde=6.406e-05 ss=0.25
  ep26 step300/844 total=4.531e-01 mse=4.247e-01 latent=4.815e-01 pde=5.501e-05 tpde=4.321e-04 ss=0.25
  ep26 step350/844 total=3.318e-01 mse=2.352e-01 latent=4.284e-01 pde=4.152e-05 tpde=6.195e-05 ss=0.25
  ep26 step400/844 total=4.136e-01 mse=3.333e-01 latent=4.939e-01 pde=2.836e-05 tpde=7.121e-05 ss=0.25
  ep26 step450/844 total=5.030e-01 mse=4.358e-01 latent=5.701e-01 pde=3.345e-05 tpde=7.336e-05 ss=0.25
  ep26 step500/844 total=3.597e-01 mse=2.834e-01 latent=4.359e-01 pde=4.683e-05 tpde=8.508e-05 ss=0.25
  ep26 step550/844 total=3.721e-01 mse=2.876e-01 latent=4.565e-01 pde=3.368e-05 tpde=7.250e-05 ss=0.25
  ep26 step600/844 total=3.982e-01 mse=3.303e-01 latent=4.660e-01 pde=4.926e-05 tpde=9.269e-05 ss=0.25
  ep26 step650/844 total=4.352e-01 mse=3.685e-01 latent=5.019e-01 pde=4.072e-05 tpde=7.635e-05 ss=0.25
  ep26 step700/844 total=3.850e-01 mse=2.919e-01 latent=4.781e-01 pde=3.842e-05 tpde=8.797e-05 ss=0.25
  ep26 step750/844 total=4.102e-01 mse=3.311e-01 latent=4.893e-01 pde=3.098e-05 tpde=6.029e-05 ss=0.25
  ep26 step800/844 total=3.298e-01 mse=2.599e-01 latent=3.997e-01 pde=2.674e-05 tpde=5.844e-05 ss=0.25
Epoch 26/60 | train total=3.7991e-01 mse=3.0773e-01 tpde=8.4047e-05 | val_mse=5.5438e-01 | lr_p=3.00e-05 lr_l=1.00e-05 | 608s
  ep27 step0/844 total=3.195e-01 mse=2.096e-01 latent=4.294e-01 pde=2.526e-05 tpde=8.352e-05 ss=0.25
  ep27 step50/844 total=3.658e-01 mse=2.819e-01 latent=4.496e-01 pde=2.914e-05 tpde=7.733e-05 ss=0.25
  ep27 step100/844 total=2.146e-01 mse=1.529e-01 latent=2.764e-01 pde=2.489e-05 tpde=5.937e-05 ss=0.25
  ep27 step150/844 total=3.918e-01 mse=3.094e-01 latent=4.742e-01 pde=3.264e-05 tpde=8.247e-05 ss=0.25
  ep27 step200/844 total=4.040e-01 mse=3.261e-01 latent=4.819e-01 pde=3.274e-05 tpde=6.496e-05 ss=0.25
  ep27 step250/844 total=3.387e-01 mse=3.161e-01 latent=3.613e-01 pde=4.202e-05 tpde=8.139e-05 ss=0.25
  ep27 step300/844 total=4.486e-01 mse=3.835e-01 latent=5.137e-01 pde=4.099e-05 tpde=8.576e-05 ss=0.25
  ep27 step350/844 total=4.000e-01 mse=3.193e-01 latent=4.807e-01 pde=3.541e-05 tpde=6.595e-05 ss=0.25
  ep27 step400/844 total=3.345e-01 mse=2.296e-01 latent=4.394e-01 pde=2.598e-05 tpde=7.064e-05 ss=0.25
  ep27 step450/844 total=2.506e-01 mse=1.821e-01 latent=3.191e-01 pde=2.585e-05 tpde=7.492e-05 ss=0.25
  ep27 step500/844 total=3.408e-01 mse=2.590e-01 latent=4.225e-01 pde=3.533e-05 tpde=5.773e-05 ss=0.25
  ep27 step550/844 total=4.240e-01 mse=3.394e-01 latent=5.087e-01 pde=3.770e-05 tpde=7.258e-05 ss=0.25
  ep27 step600/844 total=3.170e-01 mse=2.276e-01 latent=4.064e-01 pde=3.194e-05 tpde=6.535e-05 ss=0.25
  ep27 step650/844 total=3.765e-01 mse=2.904e-01 latent=4.627e-01 pde=3.325e-05 tpde=6.067e-05 ss=0.25
  ep27 step700/844 total=3.523e-01 mse=2.750e-01 latent=4.296e-01 pde=4.599e-05 tpde=7.666e-05 ss=0.25
  ep27 step750/844 total=3.575e-01 mse=3.075e-01 latent=4.075e-01 pde=3.471e-05 tpde=7.408e-05 ss=0.25
  ep27 step800/844 total=3.906e-01 mse=3.212e-01 latent=4.599e-01 pde=3.286e-05 tpde=9.894e-05 ss=0.25
Epoch 27/60 | train total=3.7454e-01 mse=3.0178e-01 tpde=7.8767e-05 | val_mse=5.4741e-01 | lr_p=3.00e-05 lr_l=1.00e-05 | 606s
  ep28 step0/844 total=2.995e-01 mse=2.055e-01 latent=3.935e-01 pde=3.175e-05 tpde=7.285e-05 ss=0.25
  ep28 step50/844 total=3.187e-01 mse=2.646e-01 latent=3.727e-01 pde=6.918e-05 tpde=6.726e-05 ss=0.25
  ep28 step100/844 total=4.718e-01 mse=4.128e-01 latent=5.309e-01 pde=4.830e-05 tpde=6.947e-05 ss=0.25
  ep28 step150/844 total=3.955e-01 mse=3.572e-01 latent=4.339e-01 pde=4.079e-05 tpde=7.370e-05 ss=0.25
  ep28 step200/844 total=3.858e-01 mse=3.018e-01 latent=4.698e-01 pde=2.821e-05 tpde=6.824e-05 ss=0.25
  ep28 step250/844 total=4.229e-01 mse=3.576e-01 latent=4.882e-01 pde=4.107e-05 tpde=5.369e-05 ss=0.25
  ep28 step300/844 total=3.880e-01 mse=3.103e-01 latent=4.656e-01 pde=2.725e-05 tpde=7.609e-05 ss=0.25
  ep28 step350/844 total=3.994e-01 mse=3.394e-01 latent=4.594e-01 pde=6.131e-05 tpde=6.041e-05 ss=0.25
  ep28 step400/844 total=3.980e-01 mse=3.467e-01 latent=4.494e-01 pde=3.633e-05 tpde=6.179e-05 ss=0.25
  ep28 step450/844 total=3.972e-01 mse=3.303e-01 latent=4.641e-01 pde=6.710e-05 tpde=8.042e-05 ss=0.25
  ep28 step500/844 total=3.726e-01 mse=2.961e-01 latent=4.491e-01 pde=4.365e-05 tpde=9.368e-05 ss=0.25
  ep28 step550/844 total=3.705e-01 mse=2.994e-01 latent=4.415e-01 pde=4.254e-05 tpde=1.198e-04 ss=0.25
  ep28 step600/844 total=3.634e-01 mse=2.793e-01 latent=4.475e-01 pde=3.455e-05 tpde=6.126e-05 ss=0.25
  ep28 step650/844 total=2.684e-01 mse=1.974e-01 latent=3.393e-01 pde=2.643e-05 tpde=6.407e-05 ss=0.25
  ep28 step700/844 total=3.354e-01 mse=2.422e-01 latent=4.286e-01 pde=4.089e-05 tpde=6.274e-05 ss=0.25
  ep28 step750/844 total=4.283e-01 mse=3.833e-01 latent=4.732e-01 pde=5.019e-05 tpde=6.281e-05 ss=0.25
  ep28 step800/844 total=3.159e-01 mse=2.325e-01 latent=3.992e-01 pde=3.106e-05 tpde=8.698e-05 ss=0.25
Epoch 28/60 | train total=3.7034e-01 mse=2.9769e-01 tpde=7.8385e-05 | val_mse=5.4755e-01 | lr_p=3.00e-05 lr_l=1.00e-05 | 606s
  ep29 step0/844 total=3.784e-01 mse=3.049e-01 latent=4.520e-01 pde=4.819e-05 tpde=9.050e-05 ss=0.25
  ep29 step50/844 total=2.524e-01 mse=1.676e-01 latent=3.372e-01 pde=3.310e-05 tpde=8.764e-05 ss=0.25
  ep29 step100/844 total=3.427e-01 mse=2.729e-01 latent=4.125e-01 pde=2.944e-05 tpde=7.180e-05 ss=0.25
  ep29 step150/844 total=4.528e-01 mse=3.784e-01 latent=5.273e-01 pde=2.781e-05 tpde=5.897e-05 ss=0.25
  ep29 step200/844 total=4.100e-01 mse=3.503e-01 latent=4.696e-01 pde=3.901e-05 tpde=2.698e-04 ss=0.25
  ep29 step250/844 total=4.680e-01 mse=4.074e-01 latent=5.286e-01 pde=3.484e-05 tpde=7.898e-05 ss=0.25
  ep29 step300/844 total=2.888e-01 mse=1.983e-01 latent=3.793e-01 pde=3.240e-05 tpde=8.893e-05 ss=0.25
  ep29 step350/844 total=4.296e-01 mse=3.921e-01 latent=4.672e-01 pde=3.883e-05 tpde=6.077e-05 ss=0.25
  ep29 step400/844 total=3.321e-01 mse=2.281e-01 latent=4.362e-01 pde=3.602e-05 tpde=7.762e-05 ss=0.25
  ep29 step450/844 total=3.017e-01 mse=2.122e-01 latent=3.912e-01 pde=3.664e-05 tpde=6.894e-05 ss=0.25
  ep29 step500/844 total=3.959e-01 mse=3.080e-01 latent=4.838e-01 pde=4.095e-05 tpde=5.835e-05 ss=0.25
  ep29 step550/844 total=3.628e-01 mse=2.958e-01 latent=4.297e-01 pde=4.607e-05 tpde=7.341e-05 ss=0.25
  ep29 step600/844 total=3.257e-01 mse=2.297e-01 latent=4.218e-01 pde=2.361e-05 tpde=7.436e-05 ss=0.25
  ep29 step650/844 total=3.693e-01 mse=3.007e-01 latent=4.380e-01 pde=2.239e-05 tpde=5.955e-05 ss=0.25
  ep29 step700/844 total=3.382e-01 mse=2.579e-01 latent=4.184e-01 pde=3.091e-05 tpde=3.223e-04 ss=0.25
  ep29 step750/844 total=2.893e-01 mse=2.184e-01 latent=3.602e-01 pde=4.857e-05 tpde=8.509e-05 ss=0.25
  ep29 step800/844 total=3.435e-01 mse=2.654e-01 latent=4.216e-01 pde=5.304e-05 tpde=8.426e-05 ss=0.25
Epoch 29/60 | train total=3.6695e-01 mse=2.9416e-01 tpde=8.1876e-05 | val_mse=5.4840e-01 | lr_p=3.00e-05 lr_l=1.00e-05 | 608s
  ep30 step0/844 total=3.899e-01 mse=3.218e-01 latent=4.580e-01 pde=4.149e-05 tpde=1.040e-04 ss=0.25
  ep30 step50/844 total=3.500e-01 mse=2.663e-01 latent=4.338e-01 pde=3.030e-05 tpde=5.994e-05 ss=0.25
  ep30 step100/844 total=3.688e-01 mse=3.072e-01 latent=4.303e-01 pde=5.846e-05 tpde=9.194e-05 ss=0.25
  ep30 step150/844 total=3.524e-01 mse=3.011e-01 latent=4.037e-01 pde=4.109e-05 tpde=7.785e-05 ss=0.25
  ep30 step200/844 total=3.352e-01 mse=2.535e-01 latent=4.170e-01 pde=2.760e-05 tpde=7.521e-05 ss=0.25
  ep30 step250/844 total=3.268e-01 mse=2.236e-01 latent=4.301e-01 pde=3.219e-05 tpde=6.748e-05 ss=0.25
  ep30 step300/844 total=3.592e-01 mse=2.802e-01 latent=4.383e-01 pde=5.004e-05 tpde=9.257e-05 ss=0.25
  ep30 step350/844 total=3.683e-01 mse=3.078e-01 latent=4.288e-01 pde=4.943e-05 tpde=1.190e-04 ss=0.25
  ep30 step400/844 total=2.984e-01 mse=2.232e-01 latent=3.736e-01 pde=2.669e-05 tpde=6.162e-05 ss=0.25
  ep30 step450/844 total=3.223e-01 mse=2.640e-01 latent=3.806e-01 pde=2.729e-05 tpde=6.312e-05 ss=0.25
  ep30 step500/844 total=4.034e-01 mse=3.418e-01 latent=4.651e-01 pde=3.611e-05 tpde=2.360e-04 ss=0.25
  ep30 step550/844 total=4.642e-01 mse=3.988e-01 latent=5.296e-01 pde=2.855e-05 tpde=6.693e-05 ss=0.25
  ep30 step600/844 total=4.041e-01 mse=3.206e-01 latent=4.876e-01 pde=4.013e-05 tpde=7.443e-05 ss=0.25
  ep30 step650/844 total=3.886e-01 mse=2.886e-01 latent=4.886e-01 pde=3.253e-05 tpde=7.245e-05 ss=0.25
  ep30 step700/844 total=3.299e-01 mse=2.457e-01 latent=4.140e-01 pde=3.207e-05 tpde=5.997e-05 ss=0.25
  ep30 step750/844 total=3.407e-01 mse=2.542e-01 latent=4.271e-01 pde=3.566e-05 tpde=7.369e-05 ss=0.25
  ep30 step800/844 total=3.487e-01 mse=2.782e-01 latent=4.192e-01 pde=4.621e-05 tpde=7.202e-05 ss=0.25
Epoch 30/60 | train total=3.6419e-01 mse=2.9200e-01 tpde=8.3310e-05 | val_mse=5.4654e-01 | lr_p=1.50e-05 lr_l=5.00e-06 | 609s
  ep31 step0/844 total=4.017e-01 mse=3.945e-01 latent=4.088e-01 pde=8.718e-05 tpde=7.286e-05 ss=0.25
  ep31 step50/844 total=3.060e-01 mse=2.204e-01 latent=3.916e-01 pde=3.925e-05 tpde=8.404e-05 ss=0.25
  ep31 step100/844 total=4.068e-01 mse=3.476e-01 latent=4.660e-01 pde=3.369e-05 tpde=7.452e-05 ss=0.25
  ep31 step150/844 total=3.028e-01 mse=2.380e-01 latent=3.677e-01 pde=3.113e-05 tpde=5.905e-05 ss=0.25
  ep31 step200/844 total=3.858e-01 mse=3.133e-01 latent=4.583e-01 pde=5.154e-05 tpde=7.690e-05 ss=0.25
  ep31 step250/844 total=4.149e-01 mse=3.235e-01 latent=5.063e-01 pde=3.241e-05 tpde=8.544e-05 ss=0.25
  ep31 step300/844 total=3.386e-01 mse=2.481e-01 latent=4.291e-01 pde=2.879e-05 tpde=6.815e-05 ss=0.25
  ep31 step350/844 total=3.313e-01 mse=2.344e-01 latent=4.281e-01 pde=2.454e-05 tpde=1.964e-04 ss=0.25
  ep31 step400/844 total=2.501e-01 mse=2.047e-01 latent=2.955e-01 pde=2.985e-05 tpde=7.395e-05 ss=0.25
  ep31 step450/844 total=3.652e-01 mse=2.875e-01 latent=4.429e-01 pde=4.060e-05 tpde=9.725e-05 ss=0.25
  ep31 step500/844 total=3.146e-01 mse=2.508e-01 latent=3.783e-01 pde=5.904e-05 tpde=6.496e-05 ss=0.25
  ep31 step550/844 total=2.952e-01 mse=1.937e-01 latent=3.966e-01 pde=2.282e-05 tpde=5.391e-05 ss=0.25
  ep31 step600/844 total=3.792e-01 mse=3.161e-01 latent=4.423e-01 pde=3.503e-05 tpde=8.119e-05 ss=0.25
  ep31 step650/844 total=3.869e-01 mse=3.071e-01 latent=4.668e-01 pde=2.633e-05 tpde=6.653e-05 ss=0.25
  ep31 step700/844 total=2.991e-01 mse=2.278e-01 latent=3.704e-01 pde=4.152e-05 tpde=6.209e-05 ss=0.25
  ep31 step750/844 total=3.936e-01 mse=3.246e-01 latent=4.627e-01 pde=3.303e-05 tpde=5.712e-05 ss=0.25
  ep31 step800/844 total=3.656e-01 mse=2.866e-01 latent=4.445e-01 pde=4.035e-05 tpde=6.155e-05 ss=0.25
Epoch 31/60 | train total=3.4987e-01 mse=2.7507e-01 tpde=8.2589e-05 | val_mse=5.5242e-01 | lr_p=1.50e-05 lr_l=5.00e-06 | 1200s
  ep32 step0/844 total=2.836e-01 mse=2.087e-01 latent=3.585e-01 pde=3.642e-05 tpde=6.365e-05 ss=0.25
  ep32 step50/844 total=3.012e-01 mse=2.393e-01 latent=3.631e-01 pde=3.047e-05 tpde=6.510e-05 ss=0.25
  ep32 step100/844 total=4.023e-01 mse=3.463e-01 latent=4.582e-01 pde=2.141e-05 tpde=6.687e-05 ss=0.25
  ep32 step150/844 total=3.666e-01 mse=2.946e-01 latent=4.386e-01 pde=3.272e-05 tpde=6.701e-05 ss=0.25
  ep32 step200/844 total=3.567e-01 mse=2.648e-01 latent=4.485e-01 pde=3.434e-05 tpde=1.396e-04 ss=0.25
  ep32 step250/844 total=2.624e-01 mse=1.574e-01 latent=3.675e-01 pde=2.359e-05 tpde=8.124e-05 ss=0.25
  ep32 step300/844 total=3.185e-01 mse=2.388e-01 latent=3.982e-01 pde=3.015e-05 tpde=8.147e-05 ss=0.25
  ep32 step350/844 total=3.105e-01 mse=2.211e-01 latent=4.000e-01 pde=2.189e-05 tpde=4.616e-05 ss=0.25
  ep32 step400/844 total=3.223e-01 mse=2.526e-01 latent=3.919e-01 pde=4.780e-05 tpde=7.431e-05 ss=0.25
  ep32 step450/844 total=3.110e-01 mse=2.387e-01 latent=3.833e-01 pde=3.281e-05 tpde=6.896e-05 ss=0.25
  ep32 step500/844 total=3.555e-01 mse=2.768e-01 latent=4.342e-01 pde=3.926e-05 tpde=6.351e-05 ss=0.25
  ep32 step550/844 total=3.395e-01 mse=2.511e-01 latent=4.279e-01 pde=2.785e-05 tpde=8.256e-05 ss=0.25
  ep32 step600/844 total=3.249e-01 mse=2.578e-01 latent=3.920e-01 pde=2.589e-05 tpde=6.111e-05 ss=0.25
  ep32 step650/844 total=3.585e-01 mse=2.746e-01 latent=4.425e-01 pde=5.727e-05 tpde=6.559e-05 ss=0.25
  ep32 step700/844 total=3.567e-01 mse=2.788e-01 latent=4.346e-01 pde=4.396e-05 tpde=8.205e-05 ss=0.25
  ep32 step750/844 total=3.206e-01 mse=2.309e-01 latent=4.102e-01 pde=2.763e-05 tpde=6.148e-05 ss=0.25
  ep32 step800/844 total=3.814e-01 mse=2.889e-01 latent=4.739e-01 pde=3.233e-05 tpde=5.933e-05 ss=0.25
Epoch 32/60 | train total=3.4760e-01 mse=2.7233e-01 tpde=8.1118e-05 | val_mse=5.4970e-01 | lr_p=1.50e-05 lr_l=5.00e-06 | 1367s
  ep33 step0/844 total=2.942e-01 mse=2.224e-01 latent=3.660e-01 pde=3.809e-05 tpde=6.058e-05 ss=0.25
  ep33 step50/844 total=4.006e-01 mse=3.064e-01 latent=4.948e-01 pde=3.244e-05 tpde=9.027e-05 ss=0.25
  ep33 step100/844 total=3.170e-01 mse=2.553e-01 latent=3.787e-01 pde=6.928e-05 tpde=7.042e-05 ss=0.25
  ep33 step150/844 total=3.716e-01 mse=2.893e-01 latent=4.538e-01 pde=5.124e-05 tpde=5.912e-05 ss=0.25
  ep33 step200/844 total=3.729e-01 mse=3.060e-01 latent=4.399e-01 pde=2.201e-05 tpde=5.089e-05 ss=0.25
  ep33 step250/844 total=3.608e-01 mse=3.271e-01 latent=3.945e-01 pde=3.623e-05 tpde=7.771e-05 ss=0.25
  ep33 step300/844 total=3.305e-01 mse=2.309e-01 latent=4.300e-01 pde=2.724e-05 tpde=6.152e-05 ss=0.25
  ep33 step350/844 total=2.894e-01 mse=2.013e-01 latent=3.775e-01 pde=2.446e-05 tpde=6.000e-05 ss=0.25
  ep33 step400/844 total=3.214e-01 mse=2.426e-01 latent=4.003e-01 pde=3.157e-05 tpde=6.908e-05 ss=0.25
  ep33 step450/844 total=3.304e-01 mse=2.300e-01 latent=4.309e-01 pde=2.972e-05 tpde=5.307e-05 ss=0.25
  ep33 step500/844 total=3.166e-01 mse=2.475e-01 latent=3.857e-01 pde=3.428e-05 tpde=6.133e-05 ss=0.25
  ep33 step550/844 total=2.880e-01 mse=1.732e-01 latent=4.029e-01 pde=2.270e-05 tpde=4.812e-05 ss=0.25
  ep33 step600/844 total=4.031e-01 mse=3.272e-01 latent=4.790e-01 pde=4.268e-05 tpde=1.298e-04 ss=0.25
  ep33 step650/844 total=3.382e-01 mse=2.356e-01 latent=4.409e-01 pde=3.027e-05 tpde=1.014e-04 ss=0.25
  ep33 step700/844 total=3.444e-01 mse=3.211e-01 latent=3.678e-01 pde=4.497e-05 tpde=6.253e-05 ss=0.25
  ep33 step750/844 total=3.733e-01 mse=2.824e-01 latent=4.642e-01 pde=4.377e-05 tpde=8.027e-05 ss=0.25
  ep33 step800/844 total=4.958e-01 mse=4.700e-01 latent=5.217e-01 pde=3.399e-05 tpde=5.523e-05 ss=0.25
Epoch 33/60 | train total=3.4658e-01 mse=2.7157e-01 tpde=7.8553e-05 | val_mse=5.5268e-01 | lr_p=1.50e-05 lr_l=5.00e-06 | 1378s
  ep34 step0/844 total=2.947e-01 mse=2.105e-01 latent=3.788e-01 pde=2.535e-05 tpde=5.338e-05 ss=0.25
  ep34 step50/844 total=3.776e-01 mse=3.141e-01 latent=4.412e-01 pde=4.406e-05 tpde=6.235e-05 ss=0.25
  ep34 step100/844 total=3.330e-01 mse=3.043e-01 latent=3.616e-01 pde=6.723e-05 tpde=2.181e-04 ss=0.25
  ep34 step150/844 total=3.584e-01 mse=2.685e-01 latent=4.484e-01 pde=2.230e-05 tpde=7.179e-05 ss=0.25
  ep34 step200/844 total=3.674e-01 mse=2.900e-01 latent=4.448e-01 pde=2.754e-05 tpde=5.769e-05 ss=0.25
  ep34 step250/844 total=3.184e-01 mse=2.374e-01 latent=3.993e-01 pde=3.468e-05 tpde=5.462e-05 ss=0.25
  ep34 step300/844 total=3.441e-01 mse=2.664e-01 latent=4.219e-01 pde=2.779e-05 tpde=6.417e-05 ss=0.25
  ep34 step350/844 total=3.247e-01 mse=2.466e-01 latent=4.029e-01 pde=3.540e-05 tpde=8.986e-05 ss=0.25
  ep34 step400/844 total=2.977e-01 mse=2.159e-01 latent=3.795e-01 pde=4.608e-05 tpde=8.276e-05 ss=0.25
  ep34 step450/844 total=3.509e-01 mse=2.938e-01 latent=4.080e-01 pde=3.799e-05 tpde=2.136e-04 ss=0.25
  ep34 step500/844 total=3.317e-01 mse=2.409e-01 latent=4.224e-01 pde=2.843e-05 tpde=7.041e-05 ss=0.25
  ep34 step550/844 total=3.707e-01 mse=2.975e-01 latent=4.438e-01 pde=4.486e-05 tpde=7.218e-05 ss=0.25
  ep34 step600/844 total=3.896e-01 mse=3.138e-01 latent=4.654e-01 pde=4.621e-05 tpde=1.728e-04 ss=0.25
  ep34 step650/844 total=3.152e-01 mse=2.130e-01 latent=4.173e-01 pde=2.766e-05 tpde=7.928e-05 ss=0.25
  ep34 step700/844 total=2.890e-01 mse=1.958e-01 latent=3.822e-01 pde=2.925e-05 tpde=8.595e-05 ss=0.25
  ep34 step750/844 total=2.977e-01 mse=2.150e-01 latent=3.803e-01 pde=2.659e-05 tpde=5.713e-05 ss=0.25
  ep34 step800/844 total=2.970e-01 mse=2.306e-01 latent=3.633e-01 pde=2.530e-05 tpde=7.639e-05 ss=0.25
Epoch 34/60 | train total=3.4373e-01 mse=2.6870e-01 tpde=7.8825e-05 | val_mse=5.5208e-01 | lr_p=1.50e-05 lr_l=5.00e-06 | 1395s
  ep35 step0/844 total=3.282e-01 mse=2.509e-01 latent=4.054e-01 pde=3.377e-05 tpde=7.280e-05 ss=0.25
  ep35 step50/844 total=3.522e-01 mse=2.692e-01 latent=4.351e-01 pde=3.396e-05 tpde=5.994e-05 ss=0.25
  ep35 step100/844 total=3.230e-01 mse=2.368e-01 latent=4.092e-01 pde=3.545e-05 tpde=5.868e-05 ss=0.25
  ep35 step150/844 total=4.096e-01 mse=3.214e-01 latent=4.977e-01 pde=3.160e-05 tpde=5.811e-05 ss=0.25
  ep35 step200/844 total=3.009e-01 mse=1.950e-01 latent=4.069e-01 pde=1.978e-05 tpde=5.450e-05 ss=0.25
  ep35 step250/844 total=4.166e-01 mse=3.629e-01 latent=4.702e-01 pde=5.198e-05 tpde=1.571e-04 ss=0.25
  ep35 step300/844 total=3.304e-01 mse=2.258e-01 latent=4.350e-01 pde=3.799e-05 tpde=6.820e-05 ss=0.25
  ep35 step350/844 total=4.211e-01 mse=3.464e-01 latent=4.957e-01 pde=3.522e-05 tpde=2.534e-04 ss=0.25
  ep35 step400/844 total=3.646e-01 mse=2.824e-01 latent=4.468e-01 pde=2.739e-05 tpde=6.021e-05 ss=0.25
  ep35 step450/844 total=3.599e-01 mse=2.773e-01 latent=4.424e-01 pde=4.262e-05 tpde=7.633e-05 ss=0.25
  ep35 step500/844 total=3.548e-01 mse=2.719e-01 latent=4.378e-01 pde=2.633e-05 tpde=6.577e-05 ss=0.25
  ep35 step550/844 total=3.101e-01 mse=2.299e-01 latent=3.904e-01 pde=3.394e-05 tpde=6.883e-05 ss=0.25
  ep35 step600/844 total=2.939e-01 mse=2.036e-01 latent=3.843e-01 pde=2.644e-05 tpde=6.117e-05 ss=0.25
  ep35 step650/844 total=3.287e-01 mse=2.433e-01 latent=4.142e-01 pde=3.425e-05 tpde=6.952e-05 ss=0.25
  ep35 step700/844 total=3.458e-01 mse=2.764e-01 latent=4.151e-01 pde=3.693e-05 tpde=7.783e-05 ss=0.25
  ep35 step750/844 total=3.231e-01 mse=2.384e-01 latent=4.078e-01 pde=3.329e-05 tpde=6.047e-05 ss=0.25
  ep35 step800/844 total=3.285e-01 mse=2.698e-01 latent=3.872e-01 pde=5.304e-05 tpde=7.785e-05 ss=0.25
Epoch 35/60 | train total=3.4061e-01 mse=2.6551e-01 tpde=8.2386e-05 | val_mse=5.5754e-01 | lr_p=1.50e-05 lr_l=5.00e-06 | 1376s
  ep36 step0/844 total=3.224e-01 mse=2.449e-01 latent=3.998e-01 pde=3.484e-05 tpde=6.322e-05 ss=0.25
  ep36 step50/844 total=3.782e-01 mse=3.001e-01 latent=4.564e-01 pde=2.704e-05 tpde=6.045e-05 ss=0.25
  ep36 step100/844 total=3.113e-01 mse=2.336e-01 latent=3.890e-01 pde=5.286e-05 tpde=7.714e-05 ss=0.25
  ep36 step150/844 total=3.903e-01 mse=3.046e-01 latent=4.759e-01 pde=6.653e-05 tpde=7.277e-05 ss=0.25
  ep36 step200/844 total=4.695e-01 mse=4.458e-01 latent=4.932e-01 pde=3.623e-05 tpde=6.367e-05 ss=0.25
  ep36 step250/844 total=3.239e-01 mse=2.635e-01 latent=3.843e-01 pde=3.441e-05 tpde=8.742e-05 ss=0.25
  ep36 step300/844 total=4.293e-01 mse=4.055e-01 latent=4.530e-01 pde=5.312e-05 tpde=8.868e-05 ss=0.25
  ep36 step350/844 total=3.091e-01 mse=2.013e-01 latent=4.169e-01 pde=4.407e-05 tpde=6.714e-05 ss=0.25
  ep36 step400/844 total=2.977e-01 mse=2.061e-01 latent=3.893e-01 pde=2.675e-05 tpde=6.107e-05 ss=0.25
  ep36 step450/844 total=3.275e-01 mse=2.382e-01 latent=4.168e-01 pde=4.923e-05 tpde=1.013e-04 ss=0.25
  ep36 step500/844 total=2.932e-01 mse=2.108e-01 latent=3.756e-01 pde=3.063e-05 tpde=7.363e-05 ss=0.25
  ep36 step550/844 total=4.339e-01 mse=3.680e-01 latent=4.998e-01 pde=5.501e-05 tpde=7.018e-05 ss=0.25
  ep36 step600/844 total=3.408e-01 mse=2.820e-01 latent=3.996e-01 pde=6.984e-05 tpde=6.480e-05 ss=0.25
  ep36 step650/844 total=3.418e-01 mse=2.649e-01 latent=4.186e-01 pde=3.960e-05 tpde=6.533e-05 ss=0.25
  ep36 step700/844 total=3.268e-01 mse=2.548e-01 latent=3.989e-01 pde=2.001e-05 tpde=6.486e-05 ss=0.25
  ep36 step750/844 total=3.660e-01 mse=2.949e-01 latent=4.371e-01 pde=2.768e-05 tpde=6.450e-05 ss=0.25
  ep36 step800/844 total=3.963e-01 mse=3.363e-01 latent=4.562e-01 pde=3.894e-05 tpde=6.954e-05 ss=0.25
Epoch 36/60 | train total=3.3790e-01 mse=2.6242e-01 tpde=7.8984e-05 | val_mse=5.5140e-01 | lr_p=1.50e-05 lr_l=5.00e-06 | 1380s
  ep37 step0/844 total=3.714e-01 mse=2.900e-01 latent=4.529e-01 pde=4.387e-05 tpde=7.374e-05 ss=0.25
  ep37 step50/844 total=2.492e-01 mse=1.602e-01 latent=3.381e-01 pde=3.119e-05 tpde=1.048e-04 ss=0.25
  ep37 step100/844 total=2.924e-01 mse=2.020e-01 latent=3.828e-01 pde=2.252e-05 tpde=6.003e-05 ss=0.25
  ep37 step150/844 total=3.634e-01 mse=2.813e-01 latent=4.456e-01 pde=5.441e-05 tpde=6.268e-05 ss=0.25
  ep37 step200/844 total=3.512e-01 mse=2.676e-01 latent=4.349e-01 pde=2.742e-05 tpde=6.026e-05 ss=0.25
  ep37 step250/844 total=4.517e-01 mse=3.731e-01 latent=5.302e-01 pde=3.640e-05 tpde=7.989e-05 ss=0.25
  ep37 step300/844 total=2.975e-01 mse=2.452e-01 latent=3.498e-01 pde=3.296e-05 tpde=5.330e-05 ss=0.25
  ep37 step350/844 total=3.979e-01 mse=3.519e-01 latent=4.439e-01 pde=3.487e-05 tpde=6.517e-05 ss=0.25
  ep37 step400/844 total=4.336e-01 mse=3.850e-01 latent=4.822e-01 pde=3.211e-05 tpde=6.388e-05 ss=0.25
  ep37 step450/844 total=3.141e-01 mse=2.221e-01 latent=4.060e-01 pde=2.820e-05 tpde=7.677e-05 ss=0.25
  ep37 step500/844 total=3.308e-01 mse=2.471e-01 latent=4.145e-01 pde=3.706e-05 tpde=7.102e-05 ss=0.25
  ep37 step550/844 total=2.937e-01 mse=2.067e-01 latent=3.808e-01 pde=2.936e-05 tpde=7.606e-05 ss=0.25
  ep37 step600/844 total=3.159e-01 mse=2.443e-01 latent=3.874e-01 pde=2.779e-05 tpde=7.436e-05 ss=0.25
  ep37 step650/844 total=3.705e-01 mse=2.843e-01 latent=4.567e-01 pde=3.543e-05 tpde=1.107e-04 ss=0.25
  ep37 step700/844 total=3.041e-01 mse=2.386e-01 latent=3.696e-01 pde=2.226e-05 tpde=4.807e-05 ss=0.25
  ep37 step750/844 total=3.957e-01 mse=3.290e-01 latent=4.624e-01 pde=4.709e-05 tpde=5.894e-05 ss=0.25
  ep37 step800/844 total=3.153e-01 mse=2.464e-01 latent=3.841e-01 pde=3.782e-05 tpde=6.847e-05 ss=0.25
Epoch 37/60 | train total=3.3720e-01 mse=2.6216e-01 tpde=7.7327e-05 | val_mse=5.5708e-01 | lr_p=1.50e-05 lr_l=5.00e-06 | 1379s
  ep38 step0/844 total=2.093e-01 mse=1.239e-01 latent=2.946e-01 pde=2.729e-05 tpde=7.164e-05 ss=0.25
  ep38 step50/844 total=2.975e-01 mse=2.444e-01 latent=3.506e-01 pde=3.199e-05 tpde=5.621e-05 ss=0.25
  ep38 step100/844 total=2.985e-01 mse=2.084e-01 latent=3.886e-01 pde=2.916e-05 tpde=7.812e-05 ss=0.25
  ep38 step150/844 total=2.806e-01 mse=2.081e-01 latent=3.531e-01 pde=3.046e-05 tpde=6.347e-05 ss=0.25
  ep38 step200/844 total=3.529e-01 mse=2.714e-01 latent=4.343e-01 pde=2.475e-05 tpde=4.685e-05 ss=0.25
  ep38 step250/844 total=4.194e-01 mse=3.611e-01 latent=4.777e-01 pde=2.814e-05 tpde=7.657e-05 ss=0.25
  ep38 step300/844 total=3.302e-01 mse=2.334e-01 latent=4.270e-01 pde=2.497e-05 tpde=7.947e-05 ss=0.25
  ep38 step350/844 total=3.929e-01 mse=3.240e-01 latent=4.617e-01 pde=3.514e-05 tpde=6.805e-05 ss=0.25
  ep38 step400/844 total=3.391e-01 mse=2.800e-01 latent=3.982e-01 pde=3.162e-05 tpde=6.324e-05 ss=0.25
  ep38 step450/844 total=3.590e-01 mse=2.850e-01 latent=4.331e-01 pde=2.807e-05 tpde=6.638e-05 ss=0.25
  ep38 step500/844 total=3.470e-01 mse=2.608e-01 latent=4.332e-01 pde=2.637e-05 tpde=7.037e-05 ss=0.25
  ep38 step550/844 total=3.624e-01 mse=2.913e-01 latent=4.335e-01 pde=4.975e-05 tpde=7.326e-05 ss=0.25
  ep38 step600/844 total=3.150e-01 mse=2.446e-01 latent=3.854e-01 pde=2.611e-05 tpde=5.116e-05 ss=0.25
  ep38 step650/844 total=3.361e-01 mse=2.451e-01 latent=4.270e-01 pde=2.759e-05 tpde=7.007e-05 ss=0.25
  ep38 step700/844 total=3.590e-01 mse=2.676e-01 latent=4.504e-01 pde=3.666e-05 tpde=7.680e-05 ss=0.25
  ep38 step750/844 total=3.051e-01 mse=2.159e-01 latent=3.943e-01 pde=4.426e-05 tpde=6.133e-05 ss=0.25
  ep38 step800/844 total=3.618e-01 mse=2.732e-01 latent=4.505e-01 pde=3.245e-05 tpde=7.019e-05 ss=0.25
Epoch 38/60 | train total=3.3375e-01 mse=2.5862e-01 tpde=7.8146e-05 | val_mse=5.5891e-01 | lr_p=1.50e-05 lr_l=5.00e-06 | 1383s
  ep39 step0/844 total=3.797e-01 mse=3.119e-01 latent=4.475e-01 pde=3.460e-05 tpde=6.388e-05 ss=0.25
  ep39 step50/844 total=2.523e-01 mse=2.335e-01 latent=2.710e-01 pde=5.090e-05 tpde=6.912e-05 ss=0.25
  ep39 step100/844 total=3.467e-01 mse=2.498e-01 latent=4.437e-01 pde=3.416e-05 tpde=6.625e-05 ss=0.25
  ep39 step150/844 total=3.422e-01 mse=2.677e-01 latent=4.167e-01 pde=3.727e-05 tpde=8.252e-05 ss=0.25
  ep39 step200/844 total=2.823e-01 mse=1.903e-01 latent=3.742e-01 pde=3.110e-05 tpde=8.984e-05 ss=0.25
  ep39 step250/844 total=2.890e-01 mse=2.027e-01 latent=3.752e-01 pde=4.305e-05 tpde=2.463e-04 ss=0.25
  ep39 step300/844 total=3.950e-01 mse=3.189e-01 latent=4.712e-01 pde=3.347e-05 tpde=6.294e-05 ss=0.25
  ep39 step350/844 total=3.453e-01 mse=2.648e-01 latent=4.259e-01 pde=2.960e-05 tpde=7.312e-05 ss=0.25
  ep39 step400/844 total=4.665e-01 mse=4.170e-01 latent=5.160e-01 pde=3.500e-05 tpde=7.245e-05 ss=0.25
  ep39 step450/844 total=4.049e-01 mse=3.237e-01 latent=4.862e-01 pde=3.195e-05 tpde=9.748e-05 ss=0.25
  ep39 step500/844 total=3.463e-01 mse=2.936e-01 latent=3.990e-01 pde=3.895e-05 tpde=6.436e-05 ss=0.25
  ep39 step550/844 total=3.875e-01 mse=3.214e-01 latent=4.535e-01 pde=4.156e-05 tpde=7.559e-05 ss=0.25
  ep39 step600/844 total=3.310e-01 mse=2.503e-01 latent=4.118e-01 pde=3.840e-05 tpde=7.338e-05 ss=0.25
  ep39 step650/844 total=2.843e-01 mse=2.004e-01 latent=3.681e-01 pde=3.866e-05 tpde=7.456e-05 ss=0.25
  ep39 step700/844 total=3.447e-01 mse=2.690e-01 latent=4.204e-01 pde=3.023e-05 tpde=6.311e-05 ss=0.25
  ep39 step750/844 total=3.244e-01 mse=2.546e-01 latent=3.942e-01 pde=3.969e-05 tpde=7.973e-05 ss=0.25
  ep39 step800/844 total=3.519e-01 mse=2.630e-01 latent=4.407e-01 pde=3.248e-05 tpde=7.549e-05 ss=0.25
Epoch 39/60 | train total=3.3380e-01 mse=2.5901e-01 tpde=7.9600e-05 | val_mse=5.5026e-01 | lr_p=1.50e-05 lr_l=5.00e-06 | 1390s
  ep40 step0/844 total=3.744e-01 mse=2.964e-01 latent=4.524e-01 pde=2.724e-05 tpde=5.964e-05 ss=0.25
  ep40 step50/844 total=2.673e-01 mse=1.613e-01 latent=3.732e-01 pde=2.306e-05 tpde=5.164e-05 ss=0.25
  ep40 step100/844 total=3.657e-01 mse=3.411e-01 latent=3.903e-01 pde=6.276e-05 tpde=6.926e-05 ss=0.25
  ep40 step150/844 total=2.647e-01 mse=2.151e-01 latent=3.143e-01 pde=4.896e-05 tpde=6.163e-05 ss=0.25
  ep40 step200/844 total=3.358e-01 mse=2.635e-01 latent=4.081e-01 pde=3.598e-05 tpde=6.743e-05 ss=0.25
  ep40 step250/844 total=3.075e-01 mse=2.221e-01 latent=3.930e-01 pde=3.027e-05 tpde=6.500e-05 ss=0.25
  ep40 step300/844 total=2.902e-01 mse=2.346e-01 latent=3.459e-01 pde=2.975e-05 tpde=5.966e-05 ss=0.25
  ep40 step350/844 total=2.916e-01 mse=1.932e-01 latent=3.900e-01 pde=3.024e-05 tpde=6.621e-05 ss=0.25
  ep40 step400/844 total=3.561e-01 mse=3.238e-01 latent=3.883e-01 pde=4.370e-05 tpde=7.736e-05 ss=0.25
  ep40 step450/844 total=2.488e-01 mse=1.597e-01 latent=3.380e-01 pde=2.582e-05 tpde=6.497e-05 ss=0.25
  ep40 step500/844 total=4.200e-01 mse=3.559e-01 latent=4.841e-01 pde=3.412e-05 tpde=5.780e-05 ss=0.25
  ep40 step550/844 total=2.790e-01 mse=1.938e-01 latent=3.641e-01 pde=3.596e-05 tpde=6.417e-05 ss=0.25
  ep40 step600/844 total=3.149e-01 mse=2.425e-01 latent=3.873e-01 pde=4.365e-05 tpde=8.918e-05 ss=0.25
  ep40 step650/844 total=3.546e-01 mse=2.862e-01 latent=4.230e-01 pde=4.127e-05 tpde=8.194e-05 ss=0.25
  ep40 step700/844 total=3.056e-01 mse=2.131e-01 latent=3.980e-01 pde=3.280e-05 tpde=5.500e-05 ss=0.25
  ep40 step750/844 total=3.052e-01 mse=2.411e-01 latent=3.693e-01 pde=4.252e-05 tpde=6.051e-05 ss=0.25
  ep40 step800/844 total=3.736e-01 mse=3.256e-01 latent=4.215e-01 pde=3.677e-05 tpde=7.564e-05 ss=0.25
Epoch 40/60 | train total=3.3166e-01 mse=2.5651e-01 tpde=7.7195e-05 | val_mse=5.4968e-01 | lr_p=1.50e-05 lr_l=5.00e-06 | 1403s
GSPDEModel saved to ./checkpoints_3a_mixed/epoch_40
  ep41 step0/844 total=3.813e-01 mse=2.894e-01 latent=4.731e-01 pde=3.148e-05 tpde=5.768e-05 ss=0.25
  ep41 step50/844 total=3.095e-01 mse=2.329e-01 latent=3.861e-01 pde=3.208e-05 tpde=5.037e-05 ss=0.25
  ep41 step100/844 total=2.855e-01 mse=2.105e-01 latent=3.604e-01 pde=3.637e-05 tpde=7.376e-05 ss=0.25
  ep41 step150/844 total=3.180e-01 mse=2.743e-01 latent=3.616e-01 pde=4.288e-05 tpde=6.618e-05 ss=0.25
  ep41 step200/844 total=3.314e-01 mse=2.195e-01 latent=4.433e-01 pde=2.305e-05 tpde=7.511e-05 ss=0.25
  ep41 step250/844 total=3.390e-01 mse=2.632e-01 latent=4.148e-01 pde=4.061e-05 tpde=8.167e-05 ss=0.25
  ep41 step300/844 total=3.361e-01 mse=2.483e-01 latent=4.238e-01 pde=2.802e-05 tpde=6.778e-05 ss=0.25
  ep41 step350/844 total=3.369e-01 mse=2.633e-01 latent=4.104e-01 pde=3.229e-05 tpde=7.926e-05 ss=0.25
  ep41 step400/844 total=3.313e-01 mse=2.560e-01 latent=4.065e-01 pde=2.364e-05 tpde=5.714e-05 ss=0.25
  ep41 step450/844 total=3.956e-01 mse=3.373e-01 latent=4.539e-01 pde=3.033e-05 tpde=5.452e-05 ss=0.25
  ep41 step500/844 total=4.465e-01 mse=3.897e-01 latent=5.032e-01 pde=3.998e-05 tpde=8.477e-05 ss=0.25
  ep41 step550/844 total=3.156e-01 mse=2.423e-01 latent=3.888e-01 pde=3.430e-05 tpde=6.450e-05 ss=0.25
  ep41 step600/844 total=4.243e-01 mse=3.468e-01 latent=5.018e-01 pde=3.281e-05 tpde=5.910e-05 ss=0.25
  ep41 step650/844 total=3.830e-01 mse=3.173e-01 latent=4.488e-01 pde=5.882e-05 tpde=2.390e-04 ss=0.25
  ep41 step700/844 total=3.363e-01 mse=2.530e-01 latent=4.196e-01 pde=2.306e-05 tpde=4.974e-05 ss=0.25
  ep41 step750/844 total=2.511e-01 mse=1.624e-01 latent=3.399e-01 pde=2.614e-05 tpde=6.330e-05 ss=0.25
  ep41 step800/844 total=2.180e-01 mse=1.374e-01 latent=2.985e-01 pde=2.271e-05 tpde=1.049e-04 ss=0.25
Epoch 41/60 | train total=3.2918e-01 mse=2.5462e-01 tpde=7.7168e-05 | val_mse=5.5544e-01 | lr_p=1.50e-05 lr_l=5.00e-06 | 1392s
  ep42 step0/844 total=3.124e-01 mse=2.629e-01 latent=3.618e-01 pde=4.085e-05 tpde=7.237e-05 ss=0.25
  ep42 step50/844 total=3.912e-01 mse=3.293e-01 latent=4.530e-01 pde=4.233e-05 tpde=9.332e-05 ss=0.25
  ep42 step100/844 total=2.686e-01 mse=1.799e-01 latent=3.573e-01 pde=2.089e-05 tpde=8.034e-05 ss=0.25
  ep42 step150/844 total=3.094e-01 mse=2.359e-01 latent=3.829e-01 pde=4.178e-05 tpde=6.297e-05 ss=0.25
  ep42 step200/844 total=2.559e-01 mse=1.740e-01 latent=3.378e-01 pde=2.341e-05 tpde=5.791e-05 ss=0.25
  ep42 step250/844 total=3.662e-01 mse=2.951e-01 latent=4.373e-01 pde=3.486e-05 tpde=6.926e-05 ss=0.25
  ep42 step300/844 total=3.494e-01 mse=2.659e-01 latent=4.329e-01 pde=3.218e-05 tpde=6.837e-05 ss=0.25
  ep42 step350/844 total=3.224e-01 mse=2.470e-01 latent=3.977e-01 pde=3.524e-05 tpde=6.283e-05 ss=0.25
  ep42 step400/844 total=3.244e-01 mse=2.541e-01 latent=3.946e-01 pde=3.247e-05 tpde=8.896e-05 ss=0.25
  ep42 step450/844 total=3.654e-01 mse=3.201e-01 latent=4.107e-01 pde=3.553e-05 tpde=6.700e-05 ss=0.25
  ep42 step500/844 total=3.206e-01 mse=2.591e-01 latent=3.821e-01 pde=3.940e-05 tpde=7.064e-05 ss=0.25
  ep42 step550/844 total=3.655e-01 mse=3.141e-01 latent=4.169e-01 pde=3.291e-05 tpde=5.932e-05 ss=0.25
  ep42 step600/844 total=3.203e-01 mse=2.256e-01 latent=4.150e-01 pde=2.785e-05 tpde=8.483e-05 ss=0.25
  ep42 step650/844 total=3.547e-01 mse=2.889e-01 latent=4.206e-01 pde=2.995e-05 tpde=6.732e-05 ss=0.25
  ep42 step700/844 total=3.065e-01 mse=2.204e-01 latent=3.925e-01 pde=2.944e-05 tpde=6.463e-05 ss=0.25
  ep42 step750/844 total=2.966e-01 mse=2.284e-01 latent=3.647e-01 pde=3.270e-05 tpde=6.408e-05 ss=0.25
  ep42 step800/844 total=3.025e-01 mse=2.102e-01 latent=3.948e-01 pde=3.364e-05 tpde=7.299e-05 ss=0.25
Epoch 42/60 | train total=3.2758e-01 mse=2.5248e-01 tpde=7.7554e-05 | val_mse=5.5923e-01 | lr_p=1.50e-05 lr_l=5.00e-06 | 1379s
  ep43 step0/844 total=3.671e-01 mse=2.948e-01 latent=4.395e-01 pde=3.648e-05 tpde=6.938e-05 ss=0.25
  ep43 step50/844 total=2.939e-01 mse=2.051e-01 latent=3.827e-01 pde=2.655e-05 tpde=7.259e-05 ss=0.25
  ep43 step100/844 total=3.895e-01 mse=3.204e-01 latent=4.586e-01 pde=4.613e-05 tpde=7.928e-05 ss=0.25
  ep43 step150/844 total=3.615e-01 mse=2.763e-01 latent=4.466e-01 pde=4.121e-05 tpde=1.011e-04 ss=0.25
  ep43 step200/844 total=3.076e-01 mse=2.344e-01 latent=3.807e-01 pde=3.059e-05 tpde=6.389e-05 ss=0.25
  ep43 step250/844 total=3.678e-01 mse=3.213e-01 latent=4.143e-01 pde=2.636e-05 tpde=7.289e-05 ss=0.25
  ep43 step300/844 total=4.317e-01 mse=3.695e-01 latent=4.939e-01 pde=2.735e-05 tpde=2.205e-04 ss=0.25
  ep43 step350/844 total=3.690e-01 mse=3.055e-01 latent=4.326e-01 pde=7.124e-05 tpde=6.309e-05 ss=0.25
  ep43 step400/844 total=3.339e-01 mse=2.560e-01 latent=4.119e-01 pde=2.657e-05 tpde=7.182e-05 ss=0.25
  ep43 step450/844 total=3.335e-01 mse=2.715e-01 latent=3.955e-01 pde=3.226e-05 tpde=6.788e-05 ss=0.25
  ep43 step500/844 total=3.365e-01 mse=2.514e-01 latent=4.216e-01 pde=2.959e-05 tpde=6.941e-05 ss=0.25
  ep43 step550/844 total=3.170e-01 mse=2.444e-01 latent=3.895e-01 pde=3.441e-05 tpde=1.177e-04 ss=0.25
  ep43 step600/844 total=3.448e-01 mse=2.702e-01 latent=4.195e-01 pde=4.204e-05 tpde=6.750e-05 ss=0.25
  ep43 step650/844 total=3.293e-01 mse=2.425e-01 latent=4.161e-01 pde=2.893e-05 tpde=6.703e-05 ss=0.25
  ep43 step700/844 total=2.892e-01 mse=2.418e-01 latent=3.365e-01 pde=3.183e-05 tpde=5.988e-05 ss=0.25
  ep43 step750/844 total=3.066e-01 mse=2.188e-01 latent=3.943e-01 pde=3.708e-05 tpde=7.300e-05 ss=0.25
  ep43 step800/844 total=3.026e-01 mse=2.379e-01 latent=3.674e-01 pde=2.678e-05 tpde=7.900e-05 ss=0.25
Epoch 43/60 | train total=3.2584e-01 mse=2.5121e-01 tpde=7.7937e-05 | val_mse=5.5533e-01 | lr_p=1.50e-05 lr_l=5.00e-06 | 1382s
  ep44 step0/844 total=3.134e-01 mse=2.539e-01 latent=3.728e-01 pde=2.746e-05 tpde=8.857e-05 ss=0.25
  ep44 step50/844 total=3.371e-01 mse=2.649e-01 latent=4.092e-01 pde=3.045e-05 tpde=8.200e-05 ss=0.25
  ep44 step100/844 total=2.887e-01 mse=1.880e-01 latent=3.893e-01 pde=3.008e-05 tpde=8.769e-05 ss=0.25
  ep44 step150/844 total=2.822e-01 mse=1.991e-01 latent=3.652e-01 pde=2.969e-05 tpde=5.773e-05 ss=0.25
  ep44 step200/844 total=3.437e-01 mse=2.553e-01 latent=4.322e-01 pde=4.482e-05 tpde=5.375e-05 ss=0.25
  ep44 step250/844 total=3.873e-01 mse=3.279e-01 latent=4.467e-01 pde=5.761e-05 tpde=8.364e-05 ss=0.25
  ep44 step300/844 total=3.409e-01 mse=2.773e-01 latent=4.045e-01 pde=2.632e-05 tpde=6.108e-05 ss=0.25
  ep44 step350/844 total=2.907e-01 mse=2.085e-01 latent=3.729e-01 pde=2.504e-05 tpde=6.224e-05 ss=0.25
  ep44 step400/844 total=3.347e-01 mse=2.592e-01 latent=4.102e-01 pde=4.423e-05 tpde=8.704e-05 ss=0.25
  ep44 step450/844 total=4.369e-01 mse=3.670e-01 latent=5.067e-01 pde=4.565e-05 tpde=1.078e-04 ss=0.25
  ep44 step500/844 total=3.577e-01 mse=2.779e-01 latent=4.374e-01 pde=4.741e-05 tpde=8.465e-05 ss=0.25
  ep44 step550/844 total=2.889e-01 mse=1.954e-01 latent=3.824e-01 pde=2.693e-05 tpde=6.748e-05 ss=0.25
  ep44 step600/844 total=3.846e-01 mse=3.382e-01 latent=4.310e-01 pde=2.882e-05 tpde=6.971e-05 ss=0.25
  ep44 step650/844 total=3.498e-01 mse=2.679e-01 latent=4.316e-01 pde=3.321e-05 tpde=7.757e-05 ss=0.25
  ep44 step700/844 total=3.924e-01 mse=3.459e-01 latent=4.388e-01 pde=7.497e-05 tpde=8.417e-05 ss=0.25
  ep44 step750/844 total=3.440e-01 mse=2.975e-01 latent=3.906e-01 pde=4.058e-05 tpde=6.140e-05 ss=0.25
  ep44 step800/844 total=3.352e-01 mse=2.615e-01 latent=4.089e-01 pde=2.311e-05 tpde=5.544e-05 ss=0.25
Epoch 44/60 | train total=3.2145e-01 mse=2.4631e-01 tpde=7.6597e-05 | val_mse=5.6164e-01 | lr_p=1.50e-05 lr_l=5.00e-06 | 1386s
  ep45 step0/844 total=3.413e-01 mse=2.692e-01 latent=4.135e-01 pde=3.908e-05 tpde=6.548e-05 ss=0.25
  ep45 step50/844 total=3.299e-01 mse=2.454e-01 latent=4.144e-01 pde=3.045e-05 tpde=6.418e-05 ss=0.25
  ep45 step100/844 total=2.991e-01 mse=2.277e-01 latent=3.705e-01 pde=2.962e-05 tpde=6.192e-05 ss=0.25
  ep45 step150/844 total=3.159e-01 mse=2.529e-01 latent=3.788e-01 pde=5.813e-05 tpde=6.123e-05 ss=0.25
  ep45 step200/844 total=2.999e-01 mse=2.281e-01 latent=3.718e-01 pde=2.401e-05 tpde=6.334e-05 ss=0.25
  ep45 step250/844 total=3.298e-01 mse=2.578e-01 latent=4.017e-01 pde=4.760e-05 tpde=7.257e-05 ss=0.25
  ep45 step300/844 total=3.528e-01 mse=2.853e-01 latent=4.202e-01 pde=2.589e-05 tpde=6.173e-05 ss=0.25
  ep45 step350/844 total=3.022e-01 mse=2.036e-01 latent=4.008e-01 pde=2.994e-05 tpde=6.563e-05 ss=0.25
  ep45 step400/844 total=2.517e-01 mse=1.989e-01 latent=3.045e-01 pde=3.304e-05 tpde=5.041e-05 ss=0.25
  ep45 step450/844 total=3.453e-01 mse=2.690e-01 latent=4.216e-01 pde=3.101e-05 tpde=7.414e-05 ss=0.25
  ep45 step500/844 total=2.783e-01 mse=1.976e-01 latent=3.590e-01 pde=2.831e-05 tpde=7.274e-05 ss=0.25
  ep45 step550/844 total=3.759e-01 mse=3.007e-01 latent=4.511e-01 pde=3.572e-05 tpde=7.517e-05 ss=0.25
  ep45 step600/844 total=3.874e-01 mse=2.988e-01 latent=4.760e-01 pde=3.600e-05 tpde=6.246e-05 ss=0.25
  ep45 step650/844 total=2.933e-01 mse=2.086e-01 latent=3.780e-01 pde=3.468e-05 tpde=6.636e-05 ss=0.25
  ep45 step700/844 total=3.113e-01 mse=2.226e-01 latent=3.999e-01 pde=3.223e-05 tpde=6.493e-05 ss=0.25
  ep45 step750/844 total=3.793e-01 mse=2.997e-01 latent=4.589e-01 pde=2.749e-05 tpde=6.238e-05 ss=0.25
  ep45 step800/844 total=2.590e-01 mse=1.904e-01 latent=3.276e-01 pde=3.452e-05 tpde=6.233e-05 ss=0.25
Epoch 45/60 | train total=3.2113e-01 mse=2.4628e-01 tpde=7.9927e-05 | val_mse=5.5979e-01 | lr_p=1.50e-05 lr_l=5.00e-06 | 1394s
  ep46 step0/844 total=2.911e-01 mse=2.406e-01 latent=3.416e-01 pde=4.510e-05 tpde=6.334e-05 ss=0.25
  ep46 step50/844 total=3.228e-01 mse=2.361e-01 latent=4.095e-01 pde=3.290e-05 tpde=8.218e-05 ss=0.25
  ep46 step100/844 total=3.574e-01 mse=2.785e-01 latent=4.362e-01 pde=2.898e-05 tpde=5.500e-05 ss=0.25
  ep46 step150/844 total=2.934e-01 mse=2.137e-01 latent=3.732e-01 pde=4.088e-05 tpde=7.889e-05 ss=0.25
  ep46 step200/844 total=3.374e-01 mse=2.491e-01 latent=4.257e-01 pde=4.397e-05 tpde=8.412e-05 ss=0.25
  ep46 step250/844 total=3.834e-01 mse=3.343e-01 latent=4.325e-01 pde=4.835e-05 tpde=8.030e-05 ss=0.25
  ep46 step300/844 total=3.538e-01 mse=2.751e-01 latent=4.324e-01 pde=2.883e-05 tpde=9.366e-05 ss=0.25
  ep46 step350/844 total=3.087e-01 mse=2.136e-01 latent=4.038e-01 pde=2.714e-05 tpde=5.208e-05 ss=0.25
  ep46 step400/844 total=3.368e-01 mse=2.942e-01 latent=3.793e-01 pde=2.509e-05 tpde=6.078e-05 ss=0.25
  ep46 step450/844 total=3.105e-01 mse=2.443e-01 latent=3.768e-01 pde=3.035e-05 tpde=7.495e-05 ss=0.25
  ep46 step500/844 total=3.208e-01 mse=2.355e-01 latent=4.061e-01 pde=2.813e-05 tpde=8.561e-05 ss=0.25
  ep46 step550/844 total=3.496e-01 mse=2.722e-01 latent=4.269e-01 pde=3.298e-05 tpde=8.592e-05 ss=0.25
  ep46 step600/844 total=2.777e-01 mse=2.019e-01 latent=3.535e-01 pde=3.288e-05 tpde=8.467e-05 ss=0.25
  ep46 step650/844 total=3.294e-01 mse=2.636e-01 latent=3.953e-01 pde=3.495e-05 tpde=7.147e-05 ss=0.25
  ep46 step700/844 total=3.592e-01 mse=2.960e-01 latent=4.224e-01 pde=2.738e-05 tpde=1.990e-04 ss=0.25
  ep46 step750/844 total=2.772e-01 mse=1.860e-01 latent=3.685e-01 pde=2.423e-05 tpde=5.146e-05 ss=0.25
  ep46 step800/844 total=3.712e-01 mse=2.979e-01 latent=4.446e-01 pde=4.465e-05 tpde=8.318e-05 ss=0.25
Epoch 46/60 | train total=3.1945e-01 mse=2.4518e-01 tpde=7.5654e-05 | val_mse=5.5297e-01 | lr_p=1.50e-05 lr_l=5.00e-06 | 1380s
  ep47 step0/844 total=3.139e-01 mse=2.261e-01 latent=4.018e-01 pde=2.868e-05 tpde=6.997e-05 ss=0.25
  ep47 step50/844 total=3.811e-01 mse=3.169e-01 latent=4.453e-01 pde=3.741e-05 tpde=6.113e-05 ss=0.25
  ep47 step100/844 total=2.828e-01 mse=1.895e-01 latent=3.762e-01 pde=2.813e-05 tpde=5.896e-05 ss=0.25
  ep47 step150/844 total=2.906e-01 mse=2.010e-01 latent=3.802e-01 pde=2.204e-05 tpde=7.010e-05 ss=0.25
  ep47 step200/844 total=3.203e-01 mse=2.302e-01 latent=4.104e-01 pde=2.535e-05 tpde=6.722e-05 ss=0.25
  ep47 step250/844 total=3.503e-01 mse=2.712e-01 latent=4.293e-01 pde=3.005e-05 tpde=9.943e-05 ss=0.25
  ep47 step300/844 total=3.369e-01 mse=2.628e-01 latent=4.110e-01 pde=3.011e-05 tpde=7.250e-05 ss=0.25
  ep47 step350/844 total=2.482e-01 mse=1.681e-01 latent=3.283e-01 pde=4.877e-05 tpde=7.950e-05 ss=0.25
  ep47 step400/844 total=2.995e-01 mse=2.149e-01 latent=3.841e-01 pde=2.751e-05 tpde=6.738e-05 ss=0.25
  ep47 step450/844 total=3.614e-01 mse=3.037e-01 latent=4.192e-01 pde=5.931e-05 tpde=6.794e-05 ss=0.25
  ep47 step500/844 total=3.680e-01 mse=2.954e-01 latent=4.406e-01 pde=3.472e-05 tpde=5.593e-05 ss=0.25
  ep47 step550/844 total=3.302e-01 mse=2.543e-01 latent=4.061e-01 pde=4.653e-05 tpde=8.629e-05 ss=0.25
  ep47 step600/844 total=2.879e-01 mse=2.091e-01 latent=3.666e-01 pde=2.882e-05 tpde=6.666e-05 ss=0.25
  ep47 step650/844 total=4.048e-01 mse=3.345e-01 latent=4.751e-01 pde=2.548e-05 tpde=5.401e-05 ss=0.25
  ep47 step700/844 total=3.150e-01 mse=2.395e-01 latent=3.905e-01 pde=5.151e-05 tpde=7.787e-05 ss=0.25
  ep47 step750/844 total=2.643e-01 mse=1.829e-01 latent=3.456e-01 pde=2.240e-05 tpde=6.582e-05 ss=0.25
  ep47 step800/844 total=3.342e-01 mse=2.518e-01 latent=4.165e-01 pde=3.163e-05 tpde=9.305e-05 ss=0.25
Epoch 47/60 | train total=3.2022e-01 mse=2.4675e-01 tpde=7.6498e-05 | val_mse=5.5478e-01 | lr_p=1.50e-05 lr_l=5.00e-06 | 1389s
  ep48 step0/844 total=2.617e-01 mse=1.836e-01 latent=3.398e-01 pde=2.807e-05 tpde=7.921e-05 ss=0.25
  ep48 step50/844 total=3.108e-01 mse=2.151e-01 latent=4.065e-01 pde=2.907e-05 tpde=7.392e-05 ss=0.25
  ep48 step100/844 total=2.775e-01 mse=2.024e-01 latent=3.525e-01 pde=3.369e-05 tpde=7.919e-05 ss=0.25
  ep48 step150/844 total=3.418e-01 mse=2.605e-01 latent=4.231e-01 pde=2.603e-05 tpde=6.753e-05 ss=0.25
  ep48 step200/844 total=3.505e-01 mse=3.039e-01 latent=3.970e-01 pde=6.861e-05 tpde=7.961e-05 ss=0.25
  ep48 step250/844 total=3.266e-01 mse=2.659e-01 latent=3.873e-01 pde=5.070e-05 tpde=1.586e-04 ss=0.25
  ep48 step300/844 total=2.792e-01 mse=2.032e-01 latent=3.552e-01 pde=2.344e-05 tpde=6.157e-05 ss=0.25
  ep48 step350/844 total=2.879e-01 mse=1.921e-01 latent=3.837e-01 pde=2.504e-05 tpde=9.626e-05 ss=0.25
  ep48 step400/844 total=2.432e-01 mse=1.490e-01 latent=3.373e-01 pde=2.762e-05 tpde=4.877e-05 ss=0.25
  ep48 step450/844 total=3.295e-01 mse=2.722e-01 latent=3.868e-01 pde=3.035e-05 tpde=8.402e-05 ss=0.25
  ep48 step500/844 total=3.184e-01 mse=2.392e-01 latent=3.976e-01 pde=3.067e-05 tpde=5.944e-05 ss=0.25
  ep48 step550/844 total=2.660e-01 mse=1.923e-01 latent=3.396e-01 pde=3.282e-05 tpde=5.807e-05 ss=0.25
  ep48 step600/844 total=2.304e-01 mse=1.577e-01 latent=3.031e-01 pde=2.264e-05 tpde=6.535e-05 ss=0.25
  ep48 step650/844 total=3.043e-01 mse=2.452e-01 latent=3.634e-01 pde=3.712e-05 tpde=5.274e-05 ss=0.25
  ep48 step700/844 total=2.803e-01 mse=1.783e-01 latent=3.824e-01 pde=2.842e-05 tpde=6.498e-05 ss=0.25
  ep48 step750/844 total=3.356e-01 mse=2.840e-01 latent=3.872e-01 pde=3.565e-05 tpde=7.142e-05 ss=0.25
  ep48 step800/844 total=3.442e-01 mse=2.802e-01 latent=4.083e-01 pde=4.297e-05 tpde=5.822e-05 ss=0.25
Epoch 48/60 | train total=3.1639e-01 mse=2.4218e-01 tpde=7.7149e-05 | val_mse=5.5676e-01 | lr_p=1.50e-05 lr_l=5.00e-06 | 1374s
  ep49 step0/844 total=2.683e-01 mse=1.974e-01 latent=3.392e-01 pde=4.212e-05 tpde=4.959e-05 ss=0.25
  ep49 step50/844 total=3.111e-01 mse=2.319e-01 latent=3.903e-01 pde=3.885e-05 tpde=5.919e-05 ss=0.25
  ep49 step100/844 total=3.526e-01 mse=2.673e-01 latent=4.378e-01 pde=3.381e-05 tpde=5.966e-05 ss=0.25
  ep49 step150/844 total=3.294e-01 mse=2.469e-01 latent=4.119e-01 pde=3.901e-05 tpde=8.170e-05 ss=0.25
  ep49 step200/844 total=2.806e-01 mse=1.953e-01 latent=3.659e-01 pde=2.215e-05 tpde=6.273e-05 ss=0.25
  ep49 step250/844 total=4.117e-01 mse=3.448e-01 latent=4.786e-01 pde=2.866e-05 tpde=6.949e-05 ss=0.25
  ep49 step300/844 total=3.118e-01 mse=2.380e-01 latent=3.855e-01 pde=4.206e-05 tpde=7.397e-05 ss=0.25
  ep49 step350/844 total=3.675e-01 mse=2.886e-01 latent=4.464e-01 pde=3.415e-05 tpde=7.756e-05 ss=0.25
  ep49 step400/844 total=2.413e-01 mse=1.762e-01 latent=3.063e-01 pde=2.537e-05 tpde=1.045e-04 ss=0.25
  ep49 step450/844 total=2.950e-01 mse=2.064e-01 latent=3.836e-01 pde=2.994e-05 tpde=8.135e-05 ss=0.25
  ep49 step500/844 total=3.517e-01 mse=2.790e-01 latent=4.244e-01 pde=4.880e-05 tpde=1.172e-04 ss=0.25
  ep49 step550/844 total=3.044e-01 mse=2.433e-01 latent=3.655e-01 pde=4.289e-05 tpde=1.347e-04 ss=0.25
  ep49 step600/844 total=3.684e-01 mse=2.857e-01 latent=4.511e-01 pde=4.087e-05 tpde=7.909e-05 ss=0.25
  ep49 step650/844 total=2.707e-01 mse=1.861e-01 latent=3.553e-01 pde=2.470e-05 tpde=5.374e-05 ss=0.25
  ep49 step700/844 total=2.229e-01 mse=1.326e-01 latent=3.131e-01 pde=3.167e-05 tpde=5.658e-05 ss=0.25
  ep49 step750/844 total=3.221e-01 mse=2.394e-01 latent=4.047e-01 pde=4.232e-05 tpde=1.079e-04 ss=0.25
  ep49 step800/844 total=3.040e-01 mse=2.268e-01 latent=3.813e-01 pde=2.740e-05 tpde=6.382e-05 ss=0.25
Epoch 49/60 | train total=3.1496e-01 mse=2.4101e-01 tpde=7.3924e-05 | val_mse=5.6331e-01 | lr_p=1.50e-05 lr_l=5.00e-06 | 1402s
  ep50 step0/844 total=2.809e-01 mse=1.941e-01 latent=3.677e-01 pde=2.581e-05 tpde=6.332e-05 ss=0.25
  ep50 step50/844 total=2.123e-01 mse=1.451e-01 latent=2.794e-01 pde=2.687e-05 tpde=5.957e-05 ss=0.25
  ep50 step100/844 total=2.827e-01 mse=2.010e-01 latent=3.645e-01 pde=3.186e-05 tpde=1.993e-04 ss=0.25
  ep50 step150/844 total=2.107e-01 mse=1.176e-01 latent=3.038e-01 pde=2.096e-05 tpde=7.228e-05 ss=0.25
  ep50 step200/844 total=2.621e-01 mse=1.798e-01 latent=3.445e-01 pde=5.373e-05 tpde=5.715e-05 ss=0.25
  ep50 step250/844 total=4.341e-01 mse=3.735e-01 latent=4.947e-01 pde=3.268e-05 tpde=5.765e-05 ss=0.25
  ep50 step300/844 total=4.020e-01 mse=3.304e-01 latent=4.736e-01 pde=4.149e-05 tpde=8.027e-05 ss=0.25
  ep50 step350/844 total=3.530e-01 mse=2.836e-01 latent=4.225e-01 pde=3.074e-05 tpde=4.791e-05 ss=0.25
  ep50 step400/844 total=3.025e-01 mse=2.504e-01 latent=3.547e-01 pde=4.175e-05 tpde=8.899e-05 ss=0.25
  ep50 step450/844 total=3.299e-01 mse=2.276e-01 latent=4.323e-01 pde=2.821e-05 tpde=7.991e-05 ss=0.25
  ep50 step500/844 total=2.773e-01 mse=2.053e-01 latent=3.493e-01 pde=2.841e-05 tpde=7.053e-05 ss=0.25
  ep50 step550/844 total=2.900e-01 mse=1.944e-01 latent=3.857e-01 pde=2.990e-05 tpde=6.211e-05 ss=0.25
  ep50 step600/844 total=2.656e-01 mse=2.045e-01 latent=3.267e-01 pde=4.044e-05 tpde=6.472e-05 ss=0.25
  ep50 step650/844 total=3.087e-01 mse=2.072e-01 latent=4.102e-01 pde=3.386e-05 tpde=7.779e-05 ss=0.25
  ep50 step700/844 total=3.110e-01 mse=2.221e-01 latent=3.999e-01 pde=3.137e-05 tpde=7.099e-05 ss=0.25
  ep50 step750/844 total=2.746e-01 mse=2.091e-01 latent=3.402e-01 pde=3.514e-05 tpde=6.948e-05 ss=0.25
  ep50 step800/844 total=2.362e-01 mse=1.710e-01 latent=3.013e-01 pde=3.009e-05 tpde=7.291e-05 ss=0.25
Epoch 50/60 | train total=3.1371e-01 mse=2.3970e-01 tpde=7.4787e-05 | val_mse=5.6173e-01 | lr_p=1.50e-05 lr_l=5.00e-06 | 1380s
  ep51 step0/844 total=3.103e-01 mse=2.562e-01 latent=3.644e-01 pde=2.305e-05 tpde=7.518e-05 ss=0.25
  ep51 step50/844 total=2.797e-01 mse=2.049e-01 latent=3.545e-01 pde=3.083e-05 tpde=8.372e-05 ss=0.25
  ep51 step100/844 total=2.831e-01 mse=2.134e-01 latent=3.528e-01 pde=3.995e-05 tpde=6.721e-05 ss=0.25
  ep51 step150/844 total=3.795e-01 mse=3.090e-01 latent=4.501e-01 pde=4.614e-05 tpde=5.755e-05 ss=0.25
  ep51 step200/844 total=3.220e-01 mse=2.697e-01 latent=3.744e-01 pde=5.214e-05 tpde=7.297e-05 ss=0.25
  ep51 step250/844 total=3.170e-01 mse=2.445e-01 latent=3.895e-01 pde=2.961e-05 tpde=4.651e-05 ss=0.25
  ep51 step300/844 total=3.644e-01 mse=2.837e-01 latent=4.450e-01 pde=3.025e-05 tpde=7.331e-05 ss=0.25
  ep51 step350/844 total=3.825e-01 mse=3.408e-01 latent=4.242e-01 pde=7.112e-05 tpde=7.352e-05 ss=0.25
  ep51 step400/844 total=2.697e-01 mse=1.750e-01 latent=3.643e-01 pde=2.654e-05 tpde=6.596e-05 ss=0.25
  ep51 step450/844 total=3.076e-01 mse=2.314e-01 latent=3.837e-01 pde=3.136e-05 tpde=6.913e-05 ss=0.25
  ep51 step500/844 total=3.378e-01 mse=2.679e-01 latent=4.076e-01 pde=3.098e-05 tpde=4.793e-05 ss=0.25
  ep51 step550/844 total=3.377e-01 mse=2.675e-01 latent=4.079e-01 pde=4.239e-05 tpde=6.635e-05 ss=0.25
  ep51 step600/844 total=3.190e-01 mse=2.374e-01 latent=4.006e-01 pde=3.190e-05 tpde=6.605e-05 ss=0.25
  ep51 step650/844 total=3.562e-01 mse=2.711e-01 latent=4.414e-01 pde=3.227e-05 tpde=6.346e-05 ss=0.25
  ep51 step700/844 total=3.197e-01 mse=2.570e-01 latent=3.824e-01 pde=2.280e-05 tpde=7.175e-05 ss=0.25
  ep51 step750/844 total=2.913e-01 mse=2.003e-01 latent=3.824e-01 pde=2.954e-05 tpde=7.270e-05 ss=0.25
  ep51 step800/844 total=2.914e-01 mse=2.389e-01 latent=3.439e-01 pde=2.974e-05 tpde=1.294e-04 ss=0.25
Epoch 51/60 | train total=3.1160e-01 mse=2.3769e-01 tpde=7.3428e-05 | val_mse=5.6453e-01 | lr_p=1.50e-05 lr_l=5.00e-06 | 1373s
  ep52 step0/844 total=2.789e-01 mse=2.051e-01 latent=3.527e-01 pde=3.159e-05 tpde=5.073e-05 ss=0.25
  ep52 step50/844 total=3.644e-01 mse=2.759e-01 latent=4.529e-01 pde=2.749e-05 tpde=7.901e-05 ss=0.25
  ep52 step100/844 total=2.334e-01 mse=1.577e-01 latent=3.092e-01 pde=2.327e-05 tpde=5.395e-05 ss=0.25
  ep52 step150/844 total=3.353e-01 mse=2.741e-01 latent=3.965e-01 pde=4.001e-05 tpde=7.252e-05 ss=0.25
  ep52 step200/844 total=3.329e-01 mse=2.707e-01 latent=3.950e-01 pde=4.569e-05 tpde=9.574e-05 ss=0.25
  ep52 step250/844 total=3.629e-01 mse=2.930e-01 latent=4.328e-01 pde=3.568e-05 tpde=7.023e-05 ss=0.25
  ep52 step300/844 total=3.021e-01 mse=2.107e-01 latent=3.935e-01 pde=2.375e-05 tpde=9.649e-05 ss=0.25
  ep52 step350/844 total=2.504e-01 mse=1.795e-01 latent=3.212e-01 pde=2.681e-05 tpde=5.920e-05 ss=0.25
  ep52 step400/844 total=3.572e-01 mse=3.149e-01 latent=3.994e-01 pde=3.972e-05 tpde=5.184e-05 ss=0.25
  ep52 step450/844 total=3.195e-01 mse=2.551e-01 latent=3.839e-01 pde=2.874e-05 tpde=5.044e-05 ss=0.25
  ep52 step500/844 total=3.079e-01 mse=2.299e-01 latent=3.859e-01 pde=2.800e-05 tpde=6.438e-05 ss=0.25
  ep52 step550/844 total=3.233e-01 mse=2.565e-01 latent=3.901e-01 pde=4.073e-05 tpde=6.470e-05 ss=0.25
  ep52 step600/844 total=3.539e-01 mse=2.904e-01 latent=4.174e-01 pde=2.717e-05 tpde=6.796e-05 ss=0.25
  ep52 step650/844 total=3.552e-01 mse=2.982e-01 latent=4.121e-01 pde=3.774e-05 tpde=6.707e-05 ss=0.25
  ep52 step700/844 total=4.371e-01 mse=4.024e-01 latent=4.717e-01 pde=3.990e-05 tpde=5.464e-05 ss=0.25
  ep52 step750/844 total=3.427e-01 mse=2.805e-01 latent=4.048e-01 pde=3.938e-05 tpde=7.735e-05 ss=0.25
  ep52 step800/844 total=2.883e-01 mse=2.055e-01 latent=3.710e-01 pde=2.206e-05 tpde=5.157e-05 ss=0.25
Epoch 52/60 | train total=3.1099e-01 mse=2.3768e-01 tpde=7.5230e-05 | val_mse=5.6083e-01 | lr_p=1.50e-05 lr_l=5.00e-06 | 1381s
  ep53 step0/844 total=4.154e-01 mse=3.355e-01 latent=4.953e-01 pde=3.418e-05 tpde=4.797e-05 ss=0.25
  ep53 step50/844 total=3.434e-01 mse=2.637e-01 latent=4.230e-01 pde=2.807e-05 tpde=5.556e-05 ss=0.25
  ep53 step100/844 total=3.802e-01 mse=2.992e-01 latent=4.612e-01 pde=3.795e-05 tpde=7.353e-05 ss=0.25
  ep53 step150/844 total=3.034e-01 mse=2.166e-01 latent=3.903e-01 pde=2.885e-05 tpde=5.876e-05 ss=0.25
  ep53 step200/844 total=2.964e-01 mse=2.329e-01 latent=3.598e-01 pde=3.250e-05 tpde=6.900e-05 ss=0.25
  ep53 step250/844 total=3.978e-01 mse=3.332e-01 latent=4.625e-01 pde=2.547e-05 tpde=5.389e-05 ss=0.25
  ep53 step300/844 total=2.821e-01 mse=2.154e-01 latent=3.487e-01 pde=4.140e-05 tpde=7.733e-05 ss=0.25
  ep53 step350/844 total=3.166e-01 mse=2.229e-01 latent=4.103e-01 pde=2.521e-05 tpde=6.345e-05 ss=0.25
  ep53 step400/844 total=2.887e-01 mse=2.178e-01 latent=3.596e-01 pde=2.494e-05 tpde=1.797e-04 ss=0.25
  ep53 step450/844 total=2.304e-01 mse=1.548e-01 latent=3.060e-01 pde=2.041e-05 tpde=6.560e-05 ss=0.25
  ep53 step500/844 total=2.322e-01 mse=1.280e-01 latent=3.363e-01 pde=2.254e-05 tpde=5.955e-05 ss=0.25
  ep53 step550/844 total=3.680e-01 mse=2.973e-01 latent=4.387e-01 pde=4.132e-05 tpde=9.626e-05 ss=0.25
  ep53 step600/844 total=3.484e-01 mse=2.842e-01 latent=4.126e-01 pde=3.382e-05 tpde=7.004e-05 ss=0.25
  ep53 step650/844 total=2.935e-01 mse=1.955e-01 latent=3.915e-01 pde=2.245e-05 tpde=5.153e-05 ss=0.25
  ep53 step700/844 total=3.557e-01 mse=2.828e-01 latent=4.285e-01 pde=2.554e-05 tpde=5.477e-05 ss=0.25
  ep53 step750/844 total=3.792e-01 mse=3.275e-01 latent=4.310e-01 pde=2.252e-05 tpde=4.668e-05 ss=0.25
  ep53 step800/844 total=2.995e-01 mse=2.353e-01 latent=3.637e-01 pde=5.231e-05 tpde=6.815e-05 ss=0.25
Epoch 53/60 | train total=3.0922e-01 mse=2.3618e-01 tpde=7.4808e-05 | val_mse=5.6989e-01 | lr_p=1.50e-05 lr_l=5.00e-06 | 1396s
  ep54 step0/844 total=3.010e-01 mse=2.154e-01 latent=3.865e-01 pde=3.177e-05 tpde=7.109e-05 ss=0.25
  ep54 step50/844 total=2.633e-01 mse=1.704e-01 latent=3.561e-01 pde=2.380e-05 tpde=7.489e-05 ss=0.25
  ep54 step100/844 total=3.048e-01 mse=2.216e-01 latent=3.881e-01 pde=3.073e-05 tpde=6.885e-05 ss=0.25
  ep54 step150/844 total=3.028e-01 mse=2.462e-01 latent=3.595e-01 pde=4.750e-05 tpde=7.884e-05 ss=0.25
  ep54 step200/844 total=2.686e-01 mse=1.951e-01 latent=3.420e-01 pde=2.290e-05 tpde=6.075e-05 ss=0.25
  ep54 step250/844 total=3.570e-01 mse=2.789e-01 latent=4.350e-01 pde=2.350e-05 tpde=7.308e-05 ss=0.25
  ep54 step300/844 total=2.811e-01 mse=2.278e-01 latent=3.344e-01 pde=4.506e-05 tpde=4.837e-05 ss=0.25
  ep54 step350/844 total=1.639e-01 mse=9.542e-02 latent=2.323e-01 pde=2.211e-05 tpde=5.654e-05 ss=0.25
  ep54 step400/844 total=3.381e-01 mse=2.585e-01 latent=4.177e-01 pde=3.505e-05 tpde=7.367e-05 ss=0.25
  ep54 step450/844 total=2.912e-01 mse=2.122e-01 latent=3.701e-01 pde=2.402e-05 tpde=6.400e-05 ss=0.25
  ep54 step500/844 total=3.644e-01 mse=2.904e-01 latent=4.385e-01 pde=3.638e-05 tpde=8.028e-05 ss=0.25
  ep54 step550/844 total=2.868e-01 mse=2.417e-01 latent=3.319e-01 pde=3.848e-05 tpde=9.271e-05 ss=0.25
  ep54 step600/844 total=2.184e-01 mse=1.410e-01 latent=2.957e-01 pde=1.929e-05 tpde=4.999e-05 ss=0.25
  ep54 step650/844 total=3.095e-01 mse=2.311e-01 latent=3.879e-01 pde=3.392e-05 tpde=1.323e-04 ss=0.25
  ep54 step700/844 total=2.237e-01 mse=1.594e-01 latent=2.879e-01 pde=3.324e-05 tpde=6.535e-05 ss=0.25
  ep54 step750/844 total=3.379e-01 mse=2.640e-01 latent=4.118e-01 pde=2.861e-05 tpde=6.795e-05 ss=0.25
  ep54 step800/844 total=3.095e-01 mse=2.203e-01 latent=3.987e-01 pde=3.441e-05 tpde=8.746e-05 ss=0.25
Epoch 54/60 | train total=3.0709e-01 mse=2.3395e-01 tpde=7.6466e-05 | val_mse=5.5766e-01 | lr_p=1.50e-05 lr_l=5.00e-06 | 1378s
  ep55 step0/844 total=1.711e-01 mse=1.198e-01 latent=2.225e-01 pde=2.514e-05 tpde=6.499e-05 ss=0.25
  ep55 step50/844 total=3.173e-01 mse=2.385e-01 latent=3.960e-01 pde=4.012e-05 tpde=6.123e-05 ss=0.25
  ep55 step100/844 total=3.107e-01 mse=2.314e-01 latent=3.899e-01 pde=3.035e-05 tpde=6.291e-05 ss=0.25
  ep55 step150/844 total=3.208e-01 mse=2.313e-01 latent=4.102e-01 pde=3.685e-05 tpde=7.292e-05 ss=0.25
  ep55 step200/844 total=2.763e-01 mse=1.840e-01 latent=3.685e-01 pde=2.285e-05 tpde=6.780e-05 ss=0.25
  ep55 step250/844 total=2.922e-01 mse=2.107e-01 latent=3.738e-01 pde=3.153e-05 tpde=7.022e-05 ss=0.25
  ep55 step300/844 total=2.863e-01 mse=2.016e-01 latent=3.711e-01 pde=2.865e-05 tpde=6.340e-05 ss=0.25
  ep55 step350/844 total=2.750e-01 mse=2.139e-01 latent=3.361e-01 pde=3.302e-05 tpde=6.464e-05 ss=0.25
  ep55 step400/844 total=3.082e-01 mse=2.237e-01 latent=3.927e-01 pde=3.779e-05 tpde=7.107e-05 ss=0.25
  ep55 step450/844 total=3.635e-01 mse=2.836e-01 latent=4.433e-01 pde=3.714e-05 tpde=7.968e-05 ss=0.25
  ep55 step500/844 total=3.241e-01 mse=2.456e-01 latent=4.025e-01 pde=3.865e-05 tpde=8.297e-05 ss=0.25
  ep55 step550/844 total=3.629e-01 mse=3.079e-01 latent=4.179e-01 pde=3.977e-05 tpde=1.084e-04 ss=0.25
  ep55 step600/844 total=2.380e-01 mse=1.602e-01 latent=3.157e-01 pde=2.421e-05 tpde=5.883e-05 ss=0.25
  ep55 step650/844 total=2.151e-01 mse=1.317e-01 latent=2.986e-01 pde=2.176e-05 tpde=4.682e-05 ss=0.25
  ep55 step700/844 total=3.430e-01 mse=2.715e-01 latent=4.145e-01 pde=3.214e-05 tpde=4.482e-05 ss=0.25
  ep55 step750/844 total=2.845e-01 mse=2.173e-01 latent=3.518e-01 pde=2.878e-05 tpde=7.043e-05 ss=0.25
  ep55 step800/844 total=3.792e-01 mse=3.206e-01 latent=4.377e-01 pde=3.470e-05 tpde=7.869e-05 ss=0.25
Epoch 55/60 | train total=3.0636e-01 mse=2.3377e-01 tpde=7.3535e-05 | val_mse=5.6146e-01 | lr_p=1.50e-05 lr_l=5.00e-06 | 1389s
  ep56 step0/844 total=3.173e-01 mse=2.313e-01 latent=4.032e-01 pde=5.870e-05 tpde=8.412e-05 ss=0.25
  ep56 step50/844 total=2.962e-01 mse=2.048e-01 latent=3.875e-01 pde=3.537e-05 tpde=5.864e-05 ss=0.25
  ep56 step100/844 total=3.083e-01 mse=2.503e-01 latent=3.663e-01 pde=3.147e-05 tpde=5.653e-05 ss=0.25
  ep56 step150/844 total=2.529e-01 mse=1.906e-01 latent=3.152e-01 pde=1.878e-05 tpde=6.007e-05 ss=0.25
  ep56 step200/844 total=3.077e-01 mse=2.449e-01 latent=3.705e-01 pde=3.170e-05 tpde=5.306e-05 ss=0.25
  ep56 step250/844 total=3.239e-01 mse=2.364e-01 latent=4.114e-01 pde=3.041e-05 tpde=7.336e-05 ss=0.25
  ep56 step300/844 total=3.035e-01 mse=2.300e-01 latent=3.769e-01 pde=2.922e-05 tpde=1.562e-04 ss=0.25
  ep56 step350/844 total=3.633e-01 mse=3.080e-01 latent=4.186e-01 pde=5.829e-05 tpde=9.284e-05 ss=0.25
  ep56 step400/844 total=2.679e-01 mse=2.030e-01 latent=3.328e-01 pde=2.062e-05 tpde=4.310e-05 ss=0.25
  ep56 step450/844 total=2.992e-01 mse=2.311e-01 latent=3.673e-01 pde=5.406e-05 tpde=8.064e-05 ss=0.25
  ep56 step500/844 total=2.854e-01 mse=2.037e-01 latent=3.670e-01 pde=3.076e-05 tpde=1.212e-04 ss=0.25
  ep56 step550/844 total=2.295e-01 mse=1.524e-01 latent=3.065e-01 pde=2.328e-05 tpde=8.075e-05 ss=0.25
  ep56 step600/844 total=2.898e-01 mse=2.207e-01 latent=3.589e-01 pde=3.699e-05 tpde=6.926e-05 ss=0.25
  ep56 step650/844 total=2.700e-01 mse=1.871e-01 latent=3.530e-01 pde=2.450e-05 tpde=6.647e-05 ss=0.25
  ep56 step700/844 total=3.342e-01 mse=2.720e-01 latent=3.963e-01 pde=2.898e-05 tpde=1.012e-04 ss=0.25
  ep56 step750/844 total=2.715e-01 mse=1.855e-01 latent=3.574e-01 pde=3.031e-05 tpde=1.409e-04 ss=0.25
  ep56 step800/844 total=2.756e-01 mse=1.893e-01 latent=3.619e-01 pde=3.594e-05 tpde=6.803e-05 ss=0.25
Epoch 56/60 | train total=3.0478e-01 mse=2.3180e-01 tpde=7.4511e-05 | val_mse=5.6027e-01 | lr_p=7.50e-06 lr_l=2.50e-06 | 1395s
  ep57 step0/844 total=2.913e-01 mse=2.171e-01 latent=3.655e-01 pde=2.854e-05 tpde=5.319e-05 ss=0.25
  ep57 step50/844 total=3.045e-01 mse=2.369e-01 latent=3.720e-01 pde=2.939e-05 tpde=9.989e-05 ss=0.25
  ep57 step100/844 total=2.446e-01 mse=1.856e-01 latent=3.037e-01 pde=2.482e-05 tpde=5.645e-05 ss=0.25
  ep57 step150/844 total=3.161e-01 mse=2.692e-01 latent=3.630e-01 pde=3.528e-05 tpde=5.694e-05 ss=0.25
  ep57 step200/844 total=2.423e-01 mse=1.698e-01 latent=3.147e-01 pde=2.147e-05 tpde=2.199e-04 ss=0.25
  ep57 step250/844 total=3.345e-01 mse=2.813e-01 latent=3.878e-01 pde=4.502e-05 tpde=1.544e-04 ss=0.25
  ep57 step300/844 total=2.884e-01 mse=1.932e-01 latent=3.836e-01 pde=2.614e-05 tpde=5.731e-05 ss=0.25
  ep57 step350/844 total=2.492e-01 mse=1.704e-01 latent=3.280e-01 pde=2.431e-05 tpde=8.617e-05 ss=0.25
  ep57 step400/844 total=2.294e-01 mse=1.591e-01 latent=2.998e-01 pde=2.030e-05 tpde=4.960e-05 ss=0.25
  ep57 step450/844 total=2.886e-01 mse=2.181e-01 latent=3.591e-01 pde=3.699e-05 tpde=7.708e-05 ss=0.25
  ep57 step500/844 total=2.883e-01 mse=2.099e-01 latent=3.666e-01 pde=3.695e-05 tpde=7.938e-05 ss=0.25
  ep57 step550/844 total=3.385e-01 mse=2.428e-01 latent=4.342e-01 pde=3.087e-05 tpde=6.897e-05 ss=0.25
  ep57 step600/844 total=2.453e-01 mse=1.683e-01 latent=3.222e-01 pde=2.629e-05 tpde=4.342e-05 ss=0.25
  ep57 step650/844 total=2.671e-01 mse=2.139e-01 latent=3.202e-01 pde=2.752e-05 tpde=6.724e-05 ss=0.25
  ep57 step700/844 total=2.867e-01 mse=2.020e-01 latent=3.715e-01 pde=2.471e-05 tpde=6.904e-05 ss=0.25
  ep57 step750/844 total=2.341e-01 mse=1.676e-01 latent=3.006e-01 pde=2.325e-05 tpde=7.948e-05 ss=0.25
  ep57 step800/844 total=2.957e-01 mse=2.197e-01 latent=3.717e-01 pde=3.964e-05 tpde=9.540e-05 ss=0.25
Epoch 57/60 | train total=2.9745e-01 mse=2.2381e-01 tpde=7.2757e-05 | val_mse=5.6658e-01 | lr_p=7.50e-06 lr_l=2.50e-06 | 1383s
  ep58 step0/844 total=2.825e-01 mse=1.978e-01 latent=3.672e-01 pde=3.021e-05 tpde=6.945e-05 ss=0.25
  ep58 step50/844 total=2.855e-01 mse=1.928e-01 latent=3.781e-01 pde=2.632e-05 tpde=4.698e-05 ss=0.25
  ep58 step100/844 total=2.986e-01 mse=2.175e-01 latent=3.797e-01 pde=2.745e-05 tpde=6.405e-05 ss=0.25
  ep58 step150/844 total=2.657e-01 mse=1.818e-01 latent=3.496e-01 pde=2.830e-05 tpde=6.534e-05 ss=0.25
  ep58 step200/844 total=2.431e-01 mse=1.661e-01 latent=3.201e-01 pde=3.003e-05 tpde=5.795e-05 ss=0.25
  ep58 step250/844 total=3.375e-01 mse=2.804e-01 latent=3.946e-01 pde=4.361e-05 tpde=1.130e-04 ss=0.25
  ep58 step300/844 total=3.121e-01 mse=2.332e-01 latent=3.909e-01 pde=3.030e-05 tpde=6.811e-05 ss=0.25
  ep58 step350/844 total=2.681e-01 mse=1.892e-01 latent=3.470e-01 pde=2.441e-05 tpde=7.743e-05 ss=0.25
  ep58 step400/844 total=2.898e-01 mse=2.145e-01 latent=3.652e-01 pde=2.481e-05 tpde=6.823e-05 ss=0.25
  ep58 step450/844 total=2.640e-01 mse=1.942e-01 latent=3.338e-01 pde=2.669e-05 tpde=5.045e-05 ss=0.25
  ep58 step500/844 total=2.350e-01 mse=1.702e-01 latent=2.998e-01 pde=2.887e-05 tpde=9.116e-05 ss=0.25
  ep58 step550/844 total=2.238e-01 mse=1.350e-01 latent=3.126e-01 pde=2.936e-05 tpde=6.377e-05 ss=0.25
  ep58 step600/844 total=3.256e-01 mse=2.517e-01 latent=3.995e-01 pde=3.587e-05 tpde=6.107e-05 ss=0.25
  ep58 step650/844 total=3.315e-01 mse=2.458e-01 latent=4.173e-01 pde=3.701e-05 tpde=5.736e-05 ss=0.25
  ep58 step700/844 total=3.947e-01 mse=3.292e-01 latent=4.601e-01 pde=3.683e-05 tpde=6.652e-05 ss=0.25
  ep58 step750/844 total=2.481e-01 mse=1.560e-01 latent=3.402e-01 pde=3.004e-05 tpde=6.959e-05 ss=0.25
  ep58 step800/844 total=2.706e-01 mse=1.966e-01 latent=3.447e-01 pde=2.886e-05 tpde=5.742e-05 ss=0.25
Epoch 58/60 | train total=2.9727e-01 mse=2.2378e-01 tpde=7.1580e-05 | val_mse=5.6158e-01 | lr_p=7.50e-06 lr_l=2.50e-06 | 1379s
  ep59 step0/844 total=3.101e-01 mse=2.804e-01 latent=3.398e-01 pde=5.314e-05 tpde=8.052e-05 ss=0.25
  ep59 step50/844 total=2.948e-01 mse=2.453e-01 latent=3.442e-01 pde=4.861e-05 tpde=8.533e-05 ss=0.25
  ep59 step100/844 total=3.407e-01 mse=2.664e-01 latent=4.150e-01 pde=4.741e-05 tpde=6.729e-05 ss=0.25
  ep59 step150/844 total=2.785e-01 mse=2.029e-01 latent=3.541e-01 pde=2.132e-05 tpde=5.549e-05 ss=0.25
  ep59 step200/844 total=3.347e-01 mse=2.883e-01 latent=3.811e-01 pde=5.573e-05 tpde=1.025e-04 ss=0.25
  ep59 step250/844 total=3.734e-01 mse=3.090e-01 latent=4.378e-01 pde=3.988e-05 tpde=8.603e-05 ss=0.25
  ep59 step300/844 total=3.005e-01 mse=2.366e-01 latent=3.645e-01 pde=3.545e-05 tpde=1.807e-04 ss=0.25
  ep59 step350/844 total=2.564e-01 mse=1.688e-01 latent=3.441e-01 pde=3.790e-05 tpde=8.380e-05 ss=0.25
  ep59 step400/844 total=3.242e-01 mse=2.381e-01 latent=4.103e-01 pde=2.498e-05 tpde=4.948e-05 ss=0.25
  ep59 step450/844 total=2.730e-01 mse=2.046e-01 latent=3.414e-01 pde=2.533e-05 tpde=6.729e-05 ss=0.25
  ep59 step500/844 total=3.443e-01 mse=2.659e-01 latent=4.228e-01 pde=3.042e-05 tpde=6.142e-05 ss=0.25
  ep59 step550/844 total=3.000e-01 mse=2.345e-01 latent=3.655e-01 pde=3.857e-05 tpde=9.078e-05 ss=0.25
  ep59 step600/844 total=2.651e-01 mse=1.868e-01 latent=3.434e-01 pde=3.616e-05 tpde=7.442e-05 ss=0.25
  ep59 step650/844 total=2.762e-01 mse=2.105e-01 latent=3.419e-01 pde=2.747e-05 tpde=8.455e-05 ss=0.25
  ep59 step700/844 total=3.012e-01 mse=2.210e-01 latent=3.815e-01 pde=3.421e-05 tpde=7.592e-05 ss=0.25
  ep59 step750/844 total=3.069e-01 mse=2.416e-01 latent=3.723e-01 pde=3.251e-05 tpde=1.219e-04 ss=0.25
  ep59 step800/844 total=3.211e-01 mse=2.579e-01 latent=3.844e-01 pde=2.883e-05 tpde=5.035e-05 ss=0.25
Epoch 59/60 | train total=2.9540e-01 mse=2.2194e-01 tpde=7.1138e-05 | val_mse=5.6301e-01 | lr_p=7.50e-06 lr_l=2.50e-06 | 1400s
  ep60 step0/844 total=2.099e-01 mse=1.385e-01 latent=2.813e-01 pde=2.923e-05 tpde=8.284e-05 ss=0.25
  ep60 step50/844 total=2.683e-01 mse=1.937e-01 latent=3.430e-01 pde=2.132e-05 tpde=4.759e-05 ss=0.25
  ep60 step100/844 total=3.137e-01 mse=2.256e-01 latent=4.018e-01 pde=2.838e-05 tpde=5.329e-05 ss=0.25
  ep60 step150/844 total=2.438e-01 mse=1.607e-01 latent=3.269e-01 pde=2.762e-05 tpde=7.369e-05 ss=0.25
  ep60 step200/844 total=3.596e-01 mse=2.757e-01 latent=4.434e-01 pde=3.483e-05 tpde=7.158e-05 ss=0.25
  ep60 step250/844 total=3.041e-01 mse=2.513e-01 latent=3.569e-01 pde=3.342e-05 tpde=5.889e-05 ss=0.25
  ep60 step300/844 total=2.674e-01 mse=1.959e-01 latent=3.388e-01 pde=2.558e-05 tpde=7.439e-05 ss=0.25
  ep60 step350/844 total=2.771e-01 mse=2.077e-01 latent=3.465e-01 pde=2.557e-05 tpde=6.810e-05 ss=0.25
  ep60 step400/844 total=2.803e-01 mse=2.096e-01 latent=3.510e-01 pde=3.703e-05 tpde=6.466e-05 ss=0.25
  ep60 step450/844 total=2.585e-01 mse=1.781e-01 latent=3.389e-01 pde=3.826e-05 tpde=9.473e-05 ss=0.25
  ep60 step500/844 total=2.856e-01 mse=2.068e-01 latent=3.644e-01 pde=2.720e-05 tpde=7.079e-05 ss=0.25
  ep60 step550/844 total=2.106e-01 mse=1.226e-01 latent=2.985e-01 pde=2.511e-05 tpde=7.013e-05 ss=0.25
  ep60 step600/844 total=2.846e-01 mse=2.060e-01 latent=3.632e-01 pde=2.366e-05 tpde=5.681e-05 ss=0.25
  ep60 step650/844 total=2.823e-01 mse=1.696e-01 latent=3.951e-01 pde=2.716e-05 tpde=7.707e-05 ss=0.25
  ep60 step700/844 total=3.345e-01 mse=2.583e-01 latent=4.106e-01 pde=2.955e-05 tpde=5.299e-05 ss=0.25
  ep60 step750/844 total=2.242e-01 mse=1.434e-01 latent=3.049e-01 pde=2.915e-05 tpde=7.444e-05 ss=0.25
  ep60 step800/844 total=3.282e-01 mse=2.750e-01 latent=3.815e-01 pde=3.275e-05 tpde=6.410e-05 ss=0.25
Epoch 60/60 | train total=2.9669e-01 mse=2.2356e-01 tpde=7.2452e-05 | val_mse=5.6594e-01 | lr_p=7.50e-06 lr_l=2.50e-06 | 1366s
GSPDEModel saved to ./checkpoints_3a_mixed/epoch_60
=== Step-3a done Sat 13 Jun 2026 06:55:36 AM UTC ===
