=== [arm1_pretrained] PHASE2 with-context fixed-K (RAND=0) Sun 28 Jun 2026 08:00:42 PM UTC ===
fresh model  (no_context_prob=0.0)
[rank0] loading AE from /home/zfc5231/work/BBBB_qwen_pde_branch/paper/GS/L1/ckpt/epoch_60/autoencoder2d.pt
[rank3] loading AE from /home/zfc5231/work/BBBB_qwen_pde_branch/paper/GS/L1/ckpt/epoch_60/autoencoder2d.pt
[rank0] FDM physics residual loss enabled (lambda_pde=0.02)
[rank1] loading AE from /home/zfc5231/work/BBBB_qwen_pde_branch/paper/GS/L1/ckpt/epoch_60/autoencoder2d.pt
[rank3] FDM physics residual loss enabled (lambda_pde=0.02)
[rank2] loading AE from /home/zfc5231/work/BBBB_qwen_pde_branch/paper/GS/L1/ckpt/epoch_60/autoencoder2d.pt
[rank1] FDM physics residual loss enabled (lambda_pde=0.02)
[rank2] FDM physics residual loss enabled (lambda_pde=0.02)
[rank0] loading Qwen Qwen/Qwen2.5-7B-Instruct -> cuda:0
[rank3] loading Qwen Qwen/Qwen2.5-7B-Instruct -> cuda:3
[rank1] loading Qwen Qwen/Qwen2.5-7B-Instruct -> cuda:1
[rank2] loading Qwen Qwen/Qwen2.5-7B-Instruct -> cuda:2
trainable params: 10,092,544 || all params: 7,625,709,056 || trainable%: 0.1323
trainable params: 10,092,544 || all params: 7,625,709,056 || trainable%: 0.1323
trainable params: 10,092,544 || all params: 7,625,709,056 || trainable%: 0.1323
proj params 8,336,008  lora params 10,092,544
trainable params: 10,092,544 || all params: 7,625,709,056 || trainable%: 0.1323
  ep1 step0/237 total=1.858e+01 mse=2.378e+00 latent=3.477e+01 pde=4.665e-03 tpde=3.805e-03 ss=0.02
  ep1 step50/237 total=6.644e+00 mse=1.350e+00 latent=1.194e+01 pde=2.253e-03 tpde=2.109e-03 ss=0.02
  ep1 step100/237 total=2.680e+00 mse=1.147e+00 latent=4.214e+00 pde=2.130e-03 tpde=1.916e-03 ss=0.02
  ep1 step150/237 total=2.891e+00 mse=1.425e+00 latent=4.357e+00 pde=2.214e-03 tpde=2.206e-03 ss=0.02
  ep1 step200/237 total=1.184e+00 mse=9.843e-01 latent=1.385e+00 pde=2.611e-03 tpde=2.904e-03 ss=0.02
Epoch 1/80 | train total=4.8931e+00 mse=1.2696e+00 tpde=2.4783e-03 nt=0.0000e+00 | val_mse=9.4464e-01 | lr_p=1.00e-04 lr_l=2.00e-05 | 913s
GSPDEModel saved to /home/zfc5231/work/BBBB_qwen_pde_branch/paper/GS/L1/ablation/ckpt_arm1_pretrained_p2/best_model
  -> best (val_mse=9.4464e-01)
  ep2 step0/237 total=8.990e-01 mse=7.909e-01 latent=1.007e+00 pde=2.630e-03 tpde=2.651e-03 ss=0.03
  ep2 step50/237 total=1.111e+00 mse=8.779e-01 latent=1.345e+00 pde=2.132e-03 tpde=1.936e-03 ss=0.03
  ep2 step100/237 total=7.113e-01 mse=7.022e-01 latent=7.203e-01 pde=2.596e-03 tpde=3.233e-03 ss=0.03
  ep2 step150/237 total=1.009e+00 mse=9.166e-01 latent=1.101e+00 pde=2.070e-03 tpde=2.076e-03 ss=0.03
  ep2 step200/237 total=1.052e+00 mse=1.036e+00 latent=1.069e+00 pde=2.212e-03 tpde=2.395e-03 ss=0.03
Epoch 2/80 | train total=1.0402e+00 mse=9.0462e-01 tpde=2.3805e-03 nt=0.0000e+00 | val_mse=8.1994e-01 | lr_p=1.00e-04 lr_l=2.00e-05 | 926s
GSPDEModel saved to /home/zfc5231/work/BBBB_qwen_pde_branch/paper/GS/L1/ablation/ckpt_arm1_pretrained_p2/best_model
  -> best (val_mse=8.1994e-01)
  ep3 step0/237 total=8.476e-01 mse=8.511e-01 latent=8.439e-01 pde=3.289e-03 tpde=4.379e-03 ss=0.05
  ep3 step50/237 total=8.290e-01 mse=7.979e-01 latent=8.600e-01 pde=2.662e-03 tpde=2.985e-03 ss=0.05
  ep3 step100/237 total=9.747e-01 mse=8.995e-01 latent=1.050e+00 pde=2.534e-03 tpde=2.492e-03 ss=0.05
  ep3 step150/237 total=1.133e+00 mse=1.106e+00 latent=1.159e+00 pde=2.077e-03 tpde=2.566e-03 ss=0.05
  ep3 step200/237 total=1.036e+00 mse=8.916e-01 latent=1.180e+00 pde=2.342e-03 tpde=2.350e-03 ss=0.05
Epoch 3/80 | train total=9.3410e-01 mse=8.6924e-01 tpde=2.6588e-03 nt=0.0000e+00 | val_mse=7.1534e-01 | lr_p=1.00e-04 lr_l=2.00e-05 | 788s
GSPDEModel saved to /home/zfc5231/work/BBBB_qwen_pde_branch/paper/GS/L1/ablation/ckpt_arm1_pretrained_p2/best_model
  -> best (val_mse=7.1534e-01)
  ep4 step0/237 total=1.102e+00 mse=1.099e+00 latent=1.104e+00 pde=2.418e-03 tpde=2.269e-03 ss=0.07
  ep4 step50/237 total=9.131e-01 mse=8.773e-01 latent=9.487e-01 pde=2.307e-03 tpde=2.131e-03 ss=0.07
  ep4 step100/237 total=8.670e-01 mse=8.298e-01 latent=9.041e-01 pde=2.564e-03 tpde=2.870e-03 ss=0.07
  ep4 step150/237 total=8.496e-01 mse=8.876e-01 latent=8.116e-01 pde=2.543e-03 tpde=2.640e-03 ss=0.07
  ep4 step200/237 total=8.387e-01 mse=8.417e-01 latent=8.358e-01 pde=2.832e-03 tpde=2.585e-03 ss=0.07
Epoch 4/80 | train total=8.6949e-01 mse=8.7963e-01 tpde=2.5764e-03 nt=0.0000e+00 | val_mse=6.5062e-01 | lr_p=1.00e-04 lr_l=2.00e-05 | 633s
GSPDEModel saved to /home/zfc5231/work/BBBB_qwen_pde_branch/paper/GS/L1/ablation/ckpt_arm1_pretrained_p2/best_model
  -> best (val_mse=6.5062e-01)
  ep5 step0/237 total=8.538e-01 mse=9.012e-01 latent=8.063e-01 pde=3.082e-03 tpde=3.516e-03 ss=0.08
  ep5 step50/237 total=6.589e-01 mse=6.951e-01 latent=6.227e-01 pde=2.323e-03 tpde=2.496e-03 ss=0.08
  ep5 step100/237 total=7.212e-01 mse=7.588e-01 latent=6.835e-01 pde=2.683e-03 tpde=2.701e-03 ss=0.08
  ep5 step150/237 total=7.897e-01 mse=8.445e-01 latent=7.349e-01 pde=2.421e-03 tpde=2.552e-03 ss=0.08
  ep5 step200/237 total=7.783e-01 mse=8.508e-01 latent=7.058e-01 pde=3.187e-03 tpde=3.863e-03 ss=0.08
Epoch 5/80 | train total=7.8423e-01 mse=8.4403e-01 tpde=2.9797e-03 nt=0.0000e+00 | val_mse=6.4230e-01 | lr_p=1.00e-04 lr_l=2.00e-05 | 596s
GSPDEModel saved to /home/zfc5231/work/BBBB_qwen_pde_branch/paper/GS/L1/ablation/ckpt_arm1_pretrained_p2/best_model
  -> best (val_mse=6.4230e-01)
  ep6 step0/237 total=8.802e-01 mse=9.900e-01 latent=7.702e-01 pde=2.814e-03 tpde=3.455e-03 ss=0.10
  ep6 step50/237 total=7.461e-01 mse=7.756e-01 latent=7.164e-01 pde=2.959e-03 tpde=3.310e-03 ss=0.10
  ep6 step100/237 total=7.996e-01 mse=8.496e-01 latent=7.496e-01 pde=2.715e-03 tpde=3.016e-03 ss=0.10
  ep6 step150/237 total=8.212e-01 mse=8.455e-01 latent=7.968e-01 pde=2.537e-03 tpde=2.987e-03 ss=0.10
  ep6 step200/237 total=8.202e-01 mse=8.759e-01 latent=7.642e-01 pde=3.375e-03 tpde=4.644e-03 ss=0.10
Epoch 6/80 | train total=7.4301e-01 mse=7.8581e-01 tpde=3.4246e-03 nt=0.0000e+00 | val_mse=6.0863e-01 | lr_p=1.00e-04 lr_l=2.00e-05 | 610s
GSPDEModel saved to /home/zfc5231/work/BBBB_qwen_pde_branch/paper/GS/L1/ablation/ckpt_arm1_pretrained_p2/best_model
  -> best (val_mse=6.0863e-01)
  ep7 step0/237 total=6.461e-01 mse=6.666e-01 latent=6.255e-01 pde=2.954e-03 tpde=3.553e-03 ss=0.12
  ep7 step50/237 total=7.635e-01 mse=7.717e-01 latent=7.552e-01 pde=2.908e-03 tpde=3.855e-03 ss=0.12
  ep7 step100/237 total=7.341e-01 mse=7.538e-01 latent=7.142e-01 pde=2.953e-03 tpde=3.368e-03 ss=0.12
  ep7 step150/237 total=7.002e-01 mse=7.484e-01 latent=6.519e-01 pde=2.996e-03 tpde=4.093e-03 ss=0.12
  ep7 step200/237 total=6.924e-01 mse=6.667e-01 latent=7.179e-01 pde=2.870e-03 tpde=3.995e-03 ss=0.12
Epoch 7/80 | train total=6.9857e-01 mse=7.1670e-01 tpde=3.7855e-03 nt=0.0000e+00 | val_mse=5.6764e-01 | lr_p=1.00e-04 lr_l=2.00e-05 | 684s
GSPDEModel saved to /home/zfc5231/work/BBBB_qwen_pde_branch/paper/GS/L1/ablation/ckpt_arm1_pretrained_p2/best_model
  -> best (val_mse=5.6764e-01)
  ep8 step0/237 total=6.126e-01 mse=5.901e-01 latent=6.349e-01 pde=2.631e-03 tpde=3.788e-03 ss=0.13
  ep8 step50/237 total=6.318e-01 mse=6.252e-01 latent=6.382e-01 pde=3.058e-03 tpde=4.507e-03 ss=0.13
  ep8 step100/237 total=6.190e-01 mse=6.350e-01 latent=6.029e-01 pde=2.962e-03 tpde=3.977e-03 ss=0.13
  ep8 step150/237 total=6.866e-01 mse=7.156e-01 latent=6.574e-01 pde=2.596e-03 tpde=2.759e-03 ss=0.13
  ep8 step200/237 total=6.674e-01 mse=7.077e-01 latent=6.270e-01 pde=2.422e-03 tpde=2.691e-03 ss=0.13
Epoch 8/80 | train total=6.4863e-01 mse=6.4746e-01 tpde=3.5681e-03 nt=0.0000e+00 | val_mse=5.2701e-01 | lr_p=1.00e-04 lr_l=2.00e-05 | 592s
GSPDEModel saved to /home/zfc5231/work/BBBB_qwen_pde_branch/paper/GS/L1/ablation/ckpt_arm1_pretrained_p2/best_model
  -> best (val_mse=5.2701e-01)
  ep9 step0/237 total=6.265e-01 mse=6.191e-01 latent=6.336e-01 pde=2.523e-03 tpde=2.923e-03 ss=0.15
  ep9 step50/237 total=6.411e-01 mse=6.540e-01 latent=6.280e-01 pde=2.485e-03 tpde=2.958e-03 ss=0.15
  ep9 step100/237 total=5.611e-01 mse=5.627e-01 latent=5.592e-01 pde=3.401e-03 tpde=3.654e-03 ss=0.15
  ep9 step150/237 total=5.796e-01 mse=5.611e-01 latent=5.979e-01 pde=2.494e-03 tpde=3.141e-03 ss=0.15
  ep9 step200/237 total=6.674e-01 mse=6.902e-01 latent=6.446e-01 pde=2.186e-03 tpde=2.717e-03 ss=0.15
Epoch 9/80 | train total=6.0625e-01 mse=5.9597e-01 tpde=3.2780e-03 nt=0.0000e+00 | val_mse=5.0362e-01 | lr_p=1.00e-04 lr_l=2.00e-05 | 562s
GSPDEModel saved to /home/zfc5231/work/BBBB_qwen_pde_branch/paper/GS/L1/ablation/ckpt_arm1_pretrained_p2/best_model
  -> best (val_mse=5.0362e-01)
  ep10 step0/237 total=7.635e-01 mse=8.039e-01 latent=7.230e-01 pde=2.076e-03 tpde=2.584e-03 ss=0.17
  ep10 step50/237 total=5.092e-01 mse=4.621e-01 latent=5.561e-01 pde=2.704e-03 tpde=3.043e-03 ss=0.17
  ep10 step100/237 total=4.701e-01 mse=4.786e-01 latent=4.613e-01 pde=2.633e-03 tpde=2.915e-03 ss=0.17
  ep10 step150/237 total=5.641e-01 mse=5.126e-01 latent=6.154e-01 pde=3.652e-03 tpde=4.188e-03 ss=0.17
  ep10 step200/237 total=7.213e-01 mse=7.659e-01 latent=6.766e-01 pde=1.942e-03 tpde=2.550e-03 ss=0.17
Epoch 10/80 | train total=5.7123e-01 mse=5.6027e-01 tpde=3.1136e-03 nt=0.0000e+00 | val_mse=4.8637e-01 | lr_p=1.00e-04 lr_l=2.00e-05 | 566s
GSPDEModel saved to /home/zfc5231/work/BBBB_qwen_pde_branch/paper/GS/L1/ablation/ckpt_arm1_pretrained_p2/best_model
  -> best (val_mse=4.8637e-01)
GSPDEModel saved to /home/zfc5231/work/BBBB_qwen_pde_branch/paper/GS/L1/ablation/ckpt_arm1_pretrained_p2/epoch_10
  ep11 step0/237 total=5.951e-01 mse=6.016e-01 latent=5.885e-01 pde=2.499e-03 tpde=2.766e-03 ss=0.18
  ep11 step50/237 total=5.915e-01 mse=6.151e-01 latent=5.678e-01 pde=3.016e-03 tpde=2.931e-03 ss=0.18
  ep11 step100/237 total=6.309e-01 mse=6.497e-01 latent=6.119e-01 pde=2.517e-03 tpde=2.496e-03 ss=0.18
  ep11 step150/237 total=6.798e-01 mse=7.196e-01 latent=6.398e-01 pde=2.305e-03 tpde=2.971e-03 ss=0.18
  ep11 step200/237 total=5.184e-01 mse=5.074e-01 latent=5.292e-01 pde=2.191e-03 tpde=2.359e-03 ss=0.18
Epoch 11/80 | train total=5.5593e-01 mse=5.4735e-01 tpde=2.9979e-03 nt=0.0000e+00 | val_mse=4.7802e-01 | lr_p=1.00e-04 lr_l=2.00e-05 | 562s
GSPDEModel saved to /home/zfc5231/work/BBBB_qwen_pde_branch/paper/GS/L1/ablation/ckpt_arm1_pretrained_p2/best_model
  -> best (val_mse=4.7802e-01)
  ep12 step0/237 total=4.550e-01 mse=4.698e-01 latent=4.400e-01 pde=2.795e-03 tpde=2.995e-03 ss=0.20
  ep12 step50/237 total=6.315e-01 mse=6.314e-01 latent=6.314e-01 pde=2.101e-03 tpde=3.311e-03 ss=0.20
  ep12 step100/237 total=7.143e-01 mse=7.698e-01 latent=6.586e-01 pde=2.590e-03 tpde=2.605e-03 ss=0.20
  ep12 step150/237 total=6.044e-01 mse=5.908e-01 latent=6.179e-01 pde=2.243e-03 tpde=3.157e-03 ss=0.20
  ep12 step200/237 total=5.042e-01 mse=5.062e-01 latent=5.019e-01 pde=3.294e-03 tpde=2.198e-03 ss=0.20
Epoch 12/80 | train total=5.3761e-01 mse=5.2915e-01 tpde=2.7480e-03 nt=0.0000e+00 | val_mse=4.6766e-01 | lr_p=1.00e-04 lr_l=2.00e-05 | 569s
GSPDEModel saved to /home/zfc5231/work/BBBB_qwen_pde_branch/paper/GS/L1/ablation/ckpt_arm1_pretrained_p2/best_model
  -> best (val_mse=4.6766e-01)
  ep13 step0/237 total=5.145e-01 mse=5.039e-01 latent=5.249e-01 pde=2.657e-03 tpde=2.544e-03 ss=0.22
  ep13 step50/237 total=6.876e-01 mse=7.140e-01 latent=6.612e-01 pde=2.195e-03 tpde=2.901e-03 ss=0.22
  ep13 step100/237 total=4.281e-01 mse=3.998e-01 latent=4.563e-01 pde=2.677e-03 tpde=2.511e-03 ss=0.22
  ep13 step150/237 total=3.042e-01 mse=2.610e-01 latent=3.472e-01 pde=3.198e-03 tpde=2.174e-03 ss=0.22
  ep13 step200/237 total=6.586e-01 mse=6.984e-01 latent=6.187e-01 pde=3.249e-03 tpde=3.521e-03 ss=0.22
Epoch 13/80 | train total=5.2489e-01 mse=5.1622e-01 tpde=2.6695e-03 nt=0.0000e+00 | val_mse=4.5746e-01 | lr_p=1.00e-04 lr_l=2.00e-05 | 572s
GSPDEModel saved to /home/zfc5231/work/BBBB_qwen_pde_branch/paper/GS/L1/ablation/ckpt_arm1_pretrained_p2/best_model
  -> best (val_mse=4.5746e-01)
  ep14 step0/237 total=4.833e-01 mse=4.617e-01 latent=5.048e-01 pde=2.332e-03 tpde=2.945e-03 ss=0.23
  ep14 step50/237 total=5.099e-01 mse=4.763e-01 latent=5.434e-01 pde=2.210e-03 tpde=2.371e-03 ss=0.23
  ep14 step100/237 total=4.620e-01 mse=4.327e-01 latent=4.912e-01 pde=3.098e-03 tpde=2.315e-03 ss=0.23
  ep14 step150/237 total=5.678e-01 mse=5.659e-01 latent=5.694e-01 pde=3.166e-03 tpde=2.345e-03 ss=0.23
  ep14 step200/237 total=5.817e-01 mse=5.688e-01 latent=5.945e-01 pde=2.170e-03 tpde=2.615e-03 ss=0.23
Epoch 14/80 | train total=5.0694e-01 mse=4.9500e-01 tpde=2.6705e-03 nt=0.0000e+00 | val_mse=4.5346e-01 | lr_p=1.00e-04 lr_l=2.00e-05 | 567s
GSPDEModel saved to /home/zfc5231/work/BBBB_qwen_pde_branch/paper/GS/L1/ablation/ckpt_arm1_pretrained_p2/best_model
  -> best (val_mse=4.5346e-01)
  ep15 step0/237 total=6.001e-01 mse=6.687e-01 latent=5.315e-01 pde=2.617e-03 tpde=2.536e-03 ss=0.25
  ep15 step50/237 total=5.505e-01 mse=5.629e-01 latent=5.380e-01 pde=2.626e-03 tpde=2.511e-03 ss=0.25
  ep15 step100/237 total=3.693e-01 mse=3.225e-01 latent=4.159e-01 pde=2.957e-03 tpde=3.237e-03 ss=0.25
  ep15 step150/237 total=4.300e-01 mse=4.010e-01 latent=4.589e-01 pde=3.176e-03 tpde=2.915e-03 ss=0.25
  ep15 step200/237 total=4.739e-01 mse=4.549e-01 latent=4.928e-01 pde=2.976e-03 tpde=2.547e-03 ss=0.25
Epoch 15/80 | train total=5.0033e-01 mse=4.8891e-01 tpde=2.6571e-03 nt=0.0000e+00 | val_mse=4.4629e-01 | lr_p=1.00e-04 lr_l=2.00e-05 | 668s
GSPDEModel saved to /home/zfc5231/work/BBBB_qwen_pde_branch/paper/GS/L1/ablation/ckpt_arm1_pretrained_p2/best_model
  -> best (val_mse=4.4629e-01)
  ep16 step0/237 total=4.277e-01 mse=3.906e-01 latent=4.647e-01 pde=3.257e-03 tpde=2.106e-03 ss=0.25
  ep16 step50/237 total=4.406e-01 mse=4.198e-01 latent=4.612e-01 pde=3.005e-03 tpde=2.626e-03 ss=0.25
  ep16 step100/237 total=5.255e-01 mse=5.220e-01 latent=5.289e-01 pde=2.787e-03 tpde=2.343e-03 ss=0.25
  ep16 step150/237 total=5.051e-01 mse=5.067e-01 latent=5.033e-01 pde=2.750e-03 tpde=2.284e-03 ss=0.25
  ep16 step200/237 total=4.688e-01 mse=4.447e-01 latent=4.926e-01 pde=3.116e-03 tpde=2.304e-03 ss=0.25
Epoch 16/80 | train total=4.8536e-01 mse=4.7030e-01 tpde=2.5521e-03 nt=0.0000e+00 | val_mse=4.3559e-01 | lr_p=1.00e-04 lr_l=2.00e-05 | 710s
GSPDEModel saved to /home/zfc5231/work/BBBB_qwen_pde_branch/paper/GS/L1/ablation/ckpt_arm1_pretrained_p2/best_model
  -> best (val_mse=4.3559e-01)
  ep17 step0/237 total=5.267e-01 mse=5.576e-01 latent=4.957e-01 pde=3.859e-03 tpde=2.012e-03 ss=0.25
  ep17 step50/237 total=5.393e-01 mse=5.332e-01 latent=5.453e-01 pde=2.453e-03 tpde=2.313e-03 ss=0.25
  ep17 step100/237 total=4.991e-01 mse=4.762e-01 latent=5.218e-01 pde=2.338e-03 tpde=2.924e-03 ss=0.25
  ep17 step150/237 total=2.954e-01 mse=2.430e-01 latent=3.477e-01 pde=3.736e-03 tpde=2.889e-03 ss=0.25
  ep17 step200/237 total=4.743e-01 mse=4.524e-01 latent=4.961e-01 pde=2.295e-03 tpde=2.216e-03 ss=0.25
Epoch 17/80 | train total=4.7662e-01 mse=4.6211e-01 tpde=2.5570e-03 nt=0.0000e+00 | val_mse=4.3153e-01 | lr_p=1.00e-04 lr_l=2.00e-05 | 679s
GSPDEModel saved to /home/zfc5231/work/BBBB_qwen_pde_branch/paper/GS/L1/ablation/ckpt_arm1_pretrained_p2/best_model
  -> best (val_mse=4.3153e-01)
  ep18 step0/237 total=4.523e-01 mse=4.337e-01 latent=4.709e-01 pde=2.408e-03 tpde=2.320e-03 ss=0.25
  ep18 step50/237 total=5.021e-01 mse=5.142e-01 latent=4.898e-01 pde=2.468e-03 tpde=2.393e-03 ss=0.25
  ep18 step100/237 total=4.236e-01 mse=3.956e-01 latent=4.514e-01 pde=2.377e-03 tpde=2.324e-03 ss=0.25
  ep18 step150/237 total=4.993e-01 mse=4.572e-01 latent=5.412e-01 pde=3.246e-03 tpde=2.730e-03 ss=0.25
  ep18 step200/237 total=4.013e-01 mse=3.614e-01 latent=4.411e-01 pde=2.153e-03 tpde=2.431e-03 ss=0.25
Epoch 18/80 | train total=4.6560e-01 mse=4.5155e-01 tpde=2.4479e-03 nt=0.0000e+00 | val_mse=4.2070e-01 | lr_p=1.00e-04 lr_l=2.00e-05 | 727s
GSPDEModel saved to /home/zfc5231/work/BBBB_qwen_pde_branch/paper/GS/L1/ablation/ckpt_arm1_pretrained_p2/best_model
  -> best (val_mse=4.2070e-01)
  ep19 step0/237 total=4.961e-01 mse=4.668e-01 latent=5.252e-01 pde=3.308e-03 tpde=3.036e-03 ss=0.25
  ep19 step50/237 total=4.964e-01 mse=5.188e-01 latent=4.739e-01 pde=2.304e-03 tpde=2.230e-03 ss=0.25
  ep19 step100/237 total=4.629e-01 mse=4.533e-01 latent=4.723e-01 pde=3.383e-03 tpde=2.204e-03 ss=0.25
  ep19 step150/237 total=4.958e-01 mse=4.665e-01 latent=5.250e-01 pde=2.471e-03 tpde=2.817e-03 ss=0.25
  ep19 step200/237 total=5.424e-01 mse=5.591e-01 latent=5.255e-01 pde=2.292e-03 tpde=2.493e-03 ss=0.25
Epoch 19/80 | train total=4.5579e-01 mse=4.3897e-01 tpde=2.4717e-03 nt=0.0000e+00 | val_mse=4.1432e-01 | lr_p=1.00e-04 lr_l=2.00e-05 | 646s
GSPDEModel saved to /home/zfc5231/work/BBBB_qwen_pde_branch/paper/GS/L1/ablation/ckpt_arm1_pretrained_p2/best_model
  -> best (val_mse=4.1432e-01)
  ep20 step0/237 total=5.041e-01 mse=5.160e-01 latent=4.920e-01 pde=2.889e-03 tpde=2.511e-03 ss=0.25
  ep20 step50/237 total=5.793e-01 mse=5.951e-01 latent=5.634e-01 pde=2.457e-03 tpde=2.058e-03 ss=0.25
  ep20 step100/237 total=3.477e-01 mse=3.237e-01 latent=3.715e-01 pde=2.369e-03 tpde=2.523e-03 ss=0.25
  ep20 step150/237 total=3.284e-01 mse=2.729e-01 latent=3.838e-01 pde=2.246e-03 tpde=2.690e-03 ss=0.25
  ep20 step200/237 total=6.116e-01 mse=6.176e-01 latent=6.054e-01 pde=2.061e-03 tpde=2.309e-03 ss=0.25
Epoch 20/80 | train total=4.4070e-01 mse=4.2297e-01 tpde=2.4618e-03 nt=0.0000e+00 | val_mse=4.1376e-01 | lr_p=1.00e-04 lr_l=2.00e-05 | 571s
GSPDEModel saved to /home/zfc5231/work/BBBB_qwen_pde_branch/paper/GS/L1/ablation/ckpt_arm1_pretrained_p2/best_model
  -> best (val_mse=4.1376e-01)
GSPDEModel saved to /home/zfc5231/work/BBBB_qwen_pde_branch/paper/GS/L1/ablation/ckpt_arm1_pretrained_p2/epoch_20
  ep21 step0/237 total=2.743e-01 mse=2.446e-01 latent=3.039e-01 pde=2.582e-03 tpde=2.142e-03 ss=0.25
  ep21 step50/237 total=5.691e-01 mse=5.460e-01 latent=5.920e-01 pde=2.251e-03 tpde=2.796e-03 ss=0.25
  ep21 step100/237 total=4.978e-01 mse=4.969e-01 latent=4.985e-01 pde=3.126e-03 tpde=1.898e-03 ss=0.25
  ep21 step150/237 total=5.824e-01 mse=5.664e-01 latent=5.983e-01 pde=1.956e-03 tpde=1.948e-03 ss=0.25
  ep21 step200/237 total=4.812e-01 mse=4.744e-01 latent=4.878e-01 pde=1.703e-03 tpde=2.313e-03 ss=0.25
Epoch 21/80 | train total=4.3838e-01 mse=4.2067e-01 tpde=2.4348e-03 nt=0.0000e+00 | val_mse=4.1214e-01 | lr_p=1.00e-04 lr_l=2.00e-05 | 569s
GSPDEModel saved to /home/zfc5231/work/BBBB_qwen_pde_branch/paper/GS/L1/ablation/ckpt_arm1_pretrained_p2/best_model
  -> best (val_mse=4.1214e-01)
  ep22 step0/237 total=3.876e-01 mse=3.612e-01 latent=4.139e-01 pde=2.101e-03 tpde=2.703e-03 ss=0.25
  ep22 step50/237 total=4.541e-01 mse=4.138e-01 latent=4.942e-01 pde=2.617e-03 tpde=1.969e-03 ss=0.25
  ep22 step100/237 total=4.516e-01 mse=4.082e-01 latent=4.947e-01 pde=2.843e-03 tpde=4.522e-03 ss=0.25
  ep22 step150/237 total=4.207e-01 mse=3.978e-01 latent=4.435e-01 pde=2.244e-03 tpde=2.374e-03 ss=0.25
  ep22 step200/237 total=4.214e-01 mse=3.577e-01 latent=4.850e-01 pde=1.930e-03 tpde=2.017e-03 ss=0.25
Epoch 22/80 | train total=4.2801e-01 mse=4.0838e-01 tpde=2.3915e-03 nt=0.0000e+00 | val_mse=4.0370e-01 | lr_p=1.00e-04 lr_l=2.00e-05 | 573s
GSPDEModel saved to /home/zfc5231/work/BBBB_qwen_pde_branch/paper/GS/L1/ablation/ckpt_arm1_pretrained_p2/best_model
  -> best (val_mse=4.0370e-01)
  ep23 step0/237 total=4.602e-01 mse=4.442e-01 latent=4.760e-01 pde=2.226e-03 tpde=2.099e-03 ss=0.25
  ep23 step50/237 total=4.821e-01 mse=4.946e-01 latent=4.694e-01 pde=2.048e-03 tpde=2.091e-03 ss=0.25
  ep23 step100/237 total=2.342e-01 mse=1.918e-01 latent=2.765e-01 pde=2.516e-03 tpde=2.506e-03 ss=0.25
  ep23 step150/237 total=3.457e-01 mse=3.232e-01 latent=3.681e-01 pde=2.536e-03 tpde=2.570e-03 ss=0.25
  ep23 step200/237 total=3.204e-01 mse=2.827e-01 latent=3.580e-01 pde=2.223e-03 tpde=1.931e-03 ss=0.25
Epoch 23/80 | train total=4.2475e-01 mse=4.0581e-01 tpde=2.3242e-03 nt=0.0000e+00 | val_mse=3.9746e-01 | lr_p=1.00e-04 lr_l=2.00e-05 | 567s
GSPDEModel saved to /home/zfc5231/work/BBBB_qwen_pde_branch/paper/GS/L1/ablation/ckpt_arm1_pretrained_p2/best_model
  -> best (val_mse=3.9746e-01)
  ep24 step0/237 total=4.103e-01 mse=3.844e-01 latent=4.360e-01 pde=2.384e-03 tpde=2.489e-03 ss=0.25
  ep24 step50/237 total=4.043e-01 mse=3.906e-01 latent=4.178e-01 pde=2.877e-03 tpde=2.848e-03 ss=0.25
  ep24 step100/237 total=5.597e-01 mse=5.562e-01 latent=5.631e-01 pde=2.393e-03 tpde=1.801e-03 ss=0.25
  ep24 step150/237 total=4.526e-01 mse=4.315e-01 latent=4.737e-01 pde=1.905e-03 tpde=2.194e-03 ss=0.25
  ep24 step200/237 total=4.429e-01 mse=4.132e-01 latent=4.725e-01 pde=2.418e-03 tpde=2.201e-03 ss=0.25
Epoch 24/80 | train total=4.1835e-01 mse=3.9969e-01 tpde=2.3363e-03 nt=0.0000e+00 | val_mse=3.9835e-01 | lr_p=1.00e-04 lr_l=2.00e-05 | 568s
  ep25 step0/237 total=4.277e-01 mse=3.945e-01 latent=4.609e-01 pde=1.924e-03 tpde=2.132e-03 ss=0.25
  ep25 step50/237 total=2.721e-01 mse=2.117e-01 latent=3.323e-01 pde=2.193e-03 tpde=2.276e-03 ss=0.25
  ep25 step100/237 total=4.448e-01 mse=4.045e-01 latent=4.850e-01 pde=2.428e-03 tpde=2.578e-03 ss=0.25
  ep25 step150/237 total=4.130e-01 mse=3.809e-01 latent=4.449e-01 pde=1.982e-03 tpde=2.029e-03 ss=0.25
  ep25 step200/237 total=3.283e-01 mse=2.901e-01 latent=3.663e-01 pde=2.194e-03 tpde=2.620e-03 ss=0.25
Epoch 25/80 | train total=4.0876e-01 mse=3.8966e-01 tpde=2.3842e-03 nt=0.0000e+00 | val_mse=3.9133e-01 | lr_p=1.00e-04 lr_l=2.00e-05 | 569s
GSPDEModel saved to /home/zfc5231/work/BBBB_qwen_pde_branch/paper/GS/L1/ablation/ckpt_arm1_pretrained_p2/best_model
  -> best (val_mse=3.9133e-01)
  ep26 step0/237 total=2.743e-01 mse=2.013e-01 latent=3.472e-01 pde=1.922e-03 tpde=2.127e-03 ss=0.25
  ep26 step50/237 total=4.863e-01 mse=4.689e-01 latent=5.036e-01 pde=1.829e-03 tpde=2.256e-03 ss=0.25
  ep26 step100/237 total=4.455e-01 mse=4.274e-01 latent=4.634e-01 pde=1.784e-03 tpde=2.053e-03 ss=0.25
  ep26 step150/237 total=3.848e-01 mse=3.363e-01 latent=4.332e-01 pde=2.007e-03 tpde=2.350e-03 ss=0.25
  ep26 step200/237 total=3.090e-01 mse=2.740e-01 latent=3.439e-01 pde=2.140e-03 tpde=2.222e-03 ss=0.25
Epoch 26/80 | train total=4.0520e-01 mse=3.8658e-01 tpde=2.4777e-03 nt=0.0000e+00 | val_mse=3.8399e-01 | lr_p=1.00e-04 lr_l=2.00e-05 | 563s
GSPDEModel saved to /home/zfc5231/work/BBBB_qwen_pde_branch/paper/GS/L1/ablation/ckpt_arm1_pretrained_p2/best_model
  -> best (val_mse=3.8399e-01)
  ep27 step0/237 total=5.323e-01 mse=5.538e-01 latent=5.107e-01 pde=1.954e-03 tpde=2.042e-03 ss=0.25
  ep27 step50/237 total=4.861e-01 mse=5.111e-01 latent=4.610e-01 pde=2.689e-03 tpde=2.208e-03 ss=0.25
  ep27 step100/237 total=2.556e-01 mse=2.258e-01 latent=2.853e-01 pde=1.999e-03 tpde=2.190e-03 ss=0.25
  ep27 step150/237 total=4.363e-01 mse=4.203e-01 latent=4.522e-01 pde=2.168e-03 tpde=2.285e-03 ss=0.25
  ep27 step200/237 total=4.873e-01 mse=4.976e-01 latent=4.769e-01 pde=2.284e-03 tpde=2.041e-03 ss=0.25
Epoch 27/80 | train total=3.9746e-01 mse=3.7920e-01 tpde=2.3737e-03 nt=0.0000e+00 | val_mse=3.8923e-01 | lr_p=1.00e-04 lr_l=2.00e-05 | 568s
  ep28 step0/237 total=2.026e-01 mse=1.600e-01 latent=2.451e-01 pde=1.811e-03 tpde=2.342e-03 ss=0.25
  ep28 step50/237 total=3.697e-01 mse=3.469e-01 latent=3.923e-01 pde=2.043e-03 tpde=1.988e-03 ss=0.25
  ep28 step100/237 total=3.205e-01 mse=2.898e-01 latent=3.509e-01 pde=2.210e-03 tpde=2.693e-03 ss=0.25
  ep28 step150/237 total=4.390e-01 mse=4.309e-01 latent=4.469e-01 pde=2.203e-03 tpde=2.208e-03 ss=0.25
  ep28 step200/237 total=4.742e-01 mse=4.917e-01 latent=4.565e-01 pde=1.688e-03 tpde=2.019e-03 ss=0.25
Epoch 28/80 | train total=3.9692e-01 mse=3.7926e-01 tpde=2.3936e-03 nt=0.0000e+00 | val_mse=3.8474e-01 | lr_p=1.00e-04 lr_l=2.00e-05 | 565s
  ep29 step0/237 total=4.108e-01 mse=3.756e-01 latent=4.459e-01 pde=1.793e-03 tpde=2.016e-03 ss=0.25
  ep29 step50/237 total=3.257e-01 mse=3.010e-01 latent=3.502e-01 pde=2.652e-03 tpde=2.313e-03 ss=0.25
  ep29 step100/237 total=4.568e-01 mse=4.258e-01 latent=4.877e-01 pde=1.987e-03 tpde=2.111e-03 ss=0.25
  ep29 step150/237 total=4.386e-01 mse=4.313e-01 latent=4.457e-01 pde=2.302e-03 tpde=2.434e-03 ss=0.25
  ep29 step200/237 total=3.306e-01 mse=3.074e-01 latent=3.537e-01 pde=2.151e-03 tpde=2.253e-03 ss=0.25
Epoch 29/80 | train total=3.9695e-01 mse=3.8039e-01 tpde=2.3983e-03 nt=0.0000e+00 | val_mse=3.7824e-01 | lr_p=1.00e-04 lr_l=2.00e-05 | 565s
GSPDEModel saved to /home/zfc5231/work/BBBB_qwen_pde_branch/paper/GS/L1/ablation/ckpt_arm1_pretrained_p2/best_model
  -> best (val_mse=3.7824e-01)
  ep30 step0/237 total=3.647e-01 mse=3.226e-01 latent=4.066e-01 pde=1.881e-03 tpde=2.019e-03 ss=0.25
  ep30 step50/237 total=4.579e-01 mse=4.434e-01 latent=4.722e-01 pde=2.151e-03 tpde=1.829e-03 ss=0.25
  ep30 step100/237 total=4.784e-01 mse=4.718e-01 latent=4.849e-01 pde=2.082e-03 tpde=2.239e-03 ss=0.25
  ep30 step150/237 total=2.697e-01 mse=2.334e-01 latent=3.058e-01 pde=2.133e-03 tpde=2.267e-03 ss=0.25
  ep30 step200/237 total=2.783e-01 mse=2.656e-01 latent=2.908e-01 pde=2.349e-03 tpde=2.284e-03 ss=0.25
Epoch 30/80 | train total=3.8660e-01 mse=3.6842e-01 tpde=2.4309e-03 nt=0.0000e+00 | val_mse=3.8238e-01 | lr_p=1.00e-04 lr_l=2.00e-05 | 567s
GSPDEModel saved to /home/zfc5231/work/BBBB_qwen_pde_branch/paper/GS/L1/ablation/ckpt_arm1_pretrained_p2/epoch_30
  ep31 step0/237 total=5.025e-01 mse=5.119e-01 latent=4.931e-01 pde=1.821e-03 tpde=2.129e-03 ss=0.25
  ep31 step50/237 total=3.376e-01 mse=2.967e-01 latent=3.784e-01 pde=1.726e-03 tpde=2.025e-03 ss=0.25
  ep31 step100/237 total=4.124e-01 mse=3.894e-01 latent=4.353e-01 pde=1.792e-03 tpde=2.522e-03 ss=0.25
  ep31 step150/237 total=2.665e-01 mse=2.442e-01 latent=2.887e-01 pde=2.101e-03 tpde=2.593e-03 ss=0.25
  ep31 step200/237 total=3.843e-01 mse=3.591e-01 latent=4.095e-01 pde=2.085e-03 tpde=2.259e-03 ss=0.25
Epoch 31/80 | train total=3.8041e-01 mse=3.6198e-01 tpde=2.3630e-03 nt=0.0000e+00 | val_mse=3.7545e-01 | lr_p=1.00e-04 lr_l=2.00e-05 | 563s
GSPDEModel saved to /home/zfc5231/work/BBBB_qwen_pde_branch/paper/GS/L1/ablation/ckpt_arm1_pretrained_p2/best_model
  -> best (val_mse=3.7545e-01)
  ep32 step0/237 total=3.540e-01 mse=3.313e-01 latent=3.766e-01 pde=2.092e-03 tpde=2.540e-03 ss=0.25
  ep32 step50/237 total=5.034e-01 mse=4.775e-01 latent=5.293e-01 pde=2.024e-03 tpde=2.470e-03 ss=0.25
  ep32 step100/237 total=3.955e-01 mse=3.725e-01 latent=4.185e-01 pde=2.192e-03 tpde=2.151e-03 ss=0.25
  ep32 step150/237 total=2.960e-01 mse=2.634e-01 latent=3.283e-01 pde=2.518e-03 tpde=2.735e-03 ss=0.25
  ep32 step200/237 total=2.677e-01 mse=2.501e-01 latent=2.852e-01 pde=2.530e-03 tpde=2.018e-03 ss=0.25
Epoch 32/80 | train total=3.8025e-01 mse=3.6261e-01 tpde=2.5292e-03 nt=0.0000e+00 | val_mse=3.7203e-01 | lr_p=1.00e-04 lr_l=2.00e-05 | 564s
GSPDEModel saved to /home/zfc5231/work/BBBB_qwen_pde_branch/paper/GS/L1/ablation/ckpt_arm1_pretrained_p2/best_model
  -> best (val_mse=3.7203e-01)
  ep33 step0/237 total=3.047e-01 mse=2.626e-01 latent=3.468e-01 pde=1.819e-03 tpde=2.164e-03 ss=0.25
  ep33 step50/237 total=4.193e-01 mse=3.934e-01 latent=4.450e-01 pde=2.085e-03 tpde=2.618e-03 ss=0.25
  ep33 step100/237 total=3.527e-01 mse=3.400e-01 latent=3.653e-01 pde=1.908e-03 tpde=2.446e-03 ss=0.25
  ep33 step150/237 total=4.024e-01 mse=3.837e-01 latent=4.209e-01 pde=1.913e-03 tpde=2.179e-03 ss=0.25
  ep33 step200/237 total=4.242e-01 mse=4.130e-01 latent=4.354e-01 pde=1.926e-03 tpde=2.766e-03 ss=0.25
Epoch 33/80 | train total=3.7460e-01 mse=3.5668e-01 tpde=2.4980e-03 nt=0.0000e+00 | val_mse=3.8326e-01 | lr_p=1.00e-04 lr_l=2.00e-05 | 567s
  ep34 step0/237 total=4.539e-01 mse=4.405e-01 latent=4.671e-01 pde=2.886e-03 tpde=2.273e-03 ss=0.25
  ep34 step50/237 total=4.810e-01 mse=5.073e-01 latent=4.547e-01 pde=1.894e-03 tpde=2.148e-03 ss=0.25
  ep34 step100/237 total=2.846e-01 mse=2.158e-01 latent=3.533e-01 pde=2.091e-03 tpde=6.153e-03 ss=0.25
  ep34 step150/237 total=2.678e-01 mse=2.546e-01 latent=2.808e-01 pde=2.226e-03 tpde=2.548e-03 ss=0.25
  ep34 step200/237 total=3.487e-01 mse=3.233e-01 latent=3.739e-01 pde=1.889e-03 tpde=2.618e-03 ss=0.25
Epoch 34/80 | train total=3.7306e-01 mse=3.5597e-01 tpde=2.4799e-03 nt=0.0000e+00 | val_mse=3.7635e-01 | lr_p=1.00e-04 lr_l=2.00e-05 | 564s
  ep35 step0/237 total=3.646e-01 mse=3.454e-01 latent=3.836e-01 pde=2.116e-03 tpde=2.099e-03 ss=0.25
  ep35 step50/237 total=4.505e-01 mse=4.812e-01 latent=4.196e-01 pde=1.862e-03 tpde=2.144e-03 ss=0.25
  ep35 step100/237 total=4.723e-01 mse=4.757e-01 latent=4.688e-01 pde=1.867e-03 tpde=1.981e-03 ss=0.25
  ep35 step150/237 total=2.531e-01 mse=2.142e-01 latent=2.918e-01 pde=1.665e-03 tpde=2.434e-03 ss=0.25
  ep35 step200/237 total=3.347e-01 mse=3.193e-01 latent=3.500e-01 pde=2.083e-03 tpde=2.274e-03 ss=0.25
Epoch 35/80 | train total=3.6775e-01 mse=3.4984e-01 tpde=2.4807e-03 nt=0.0000e+00 | val_mse=3.6691e-01 | lr_p=1.00e-04 lr_l=2.00e-05 | 572s
GSPDEModel saved to /home/zfc5231/work/BBBB_qwen_pde_branch/paper/GS/L1/ablation/ckpt_arm1_pretrained_p2/best_model
  -> best (val_mse=3.6691e-01)
  ep36 step0/237 total=4.549e-01 mse=4.379e-01 latent=4.717e-01 pde=2.274e-03 tpde=2.375e-03 ss=0.25
  ep36 step50/237 total=4.671e-01 mse=4.360e-01 latent=4.980e-01 pde=1.778e-03 tpde=2.590e-03 ss=0.25
  ep36 step100/237 total=4.619e-01 mse=4.543e-01 latent=4.694e-01 pde=2.239e-03 tpde=3.116e-03 ss=0.25
  ep36 step150/237 total=3.212e-01 mse=3.009e-01 latent=3.415e-01 pde=1.960e-03 tpde=2.303e-03 ss=0.25
  ep36 step200/237 total=3.196e-01 mse=2.964e-01 latent=3.427e-01 pde=2.421e-03 tpde=2.494e-03 ss=0.25
Epoch 36/80 | train total=3.6943e-01 mse=3.5229e-01 tpde=2.4222e-03 nt=0.0000e+00 | val_mse=3.7157e-01 | lr_p=1.00e-04 lr_l=2.00e-05 | 565s
  ep37 step0/237 total=4.314e-01 mse=4.183e-01 latent=4.444e-01 pde=2.266e-03 tpde=2.186e-03 ss=0.25
  ep37 step50/237 total=4.583e-01 mse=4.760e-01 latent=4.404e-01 pde=2.661e-03 tpde=2.405e-03 ss=0.25
  ep37 step100/237 total=3.960e-01 mse=3.901e-01 latent=4.019e-01 pde=2.180e-03 tpde=2.063e-03 ss=0.25
  ep37 step150/237 total=4.980e-01 mse=4.963e-01 latent=4.995e-01 pde=1.839e-03 tpde=2.421e-03 ss=0.25
  ep37 step200/237 total=2.499e-01 mse=2.277e-01 latent=2.719e-01 pde=2.312e-03 tpde=3.311e-03 ss=0.25
Epoch 37/80 | train total=3.5997e-01 mse=3.4238e-01 tpde=2.4583e-03 nt=0.0000e+00 | val_mse=3.7013e-01 | lr_p=1.00e-04 lr_l=2.00e-05 | 568s
  ep38 step0/237 total=1.697e-01 mse=1.197e-01 latent=2.196e-01 pde=2.550e-03 tpde=2.240e-03 ss=0.25
  ep38 step50/237 total=3.628e-01 mse=3.447e-01 latent=3.808e-01 pde=2.067e-03 tpde=2.364e-03 ss=0.25
  ep38 step100/237 total=3.683e-01 mse=3.563e-01 latent=3.801e-01 pde=2.949e-03 tpde=2.225e-03 ss=0.25
  ep38 step150/237 total=2.621e-01 mse=2.503e-01 latent=2.738e-01 pde=2.140e-03 tpde=2.565e-03 ss=0.25
  ep38 step200/237 total=1.737e-01 mse=1.276e-01 latent=2.196e-01 pde=1.668e-03 tpde=2.150e-03 ss=0.25
Epoch 38/80 | train total=3.5570e-01 mse=3.3696e-01 tpde=2.3984e-03 nt=0.0000e+00 | val_mse=3.6452e-01 | lr_p=1.00e-04 lr_l=2.00e-05 | 579s
GSPDEModel saved to /home/zfc5231/work/BBBB_qwen_pde_branch/paper/GS/L1/ablation/ckpt_arm1_pretrained_p2/best_model
  -> best (val_mse=3.6452e-01)
  ep39 step0/237 total=3.951e-01 mse=3.971e-01 latent=3.930e-01 pde=1.749e-03 tpde=2.349e-03 ss=0.25
  ep39 step50/237 total=4.315e-01 mse=4.167e-01 latent=4.463e-01 pde=1.898e-03 tpde=2.110e-03 ss=0.25
  ep39 step100/237 total=3.873e-01 mse=3.826e-01 latent=3.918e-01 pde=2.498e-03 tpde=3.108e-03 ss=0.25
  ep39 step150/237 total=4.238e-01 mse=4.179e-01 latent=4.295e-01 pde=2.022e-03 tpde=3.078e-03 ss=0.25
  ep39 step200/237 total=3.563e-01 mse=3.229e-01 latent=3.895e-01 pde=2.098e-03 tpde=2.573e-03 ss=0.25
Epoch 39/80 | train total=3.5704e-01 mse=3.3942e-01 tpde=2.4077e-03 nt=0.0000e+00 | val_mse=3.5680e-01 | lr_p=1.00e-04 lr_l=2.00e-05 | 602s
GSPDEModel saved to /home/zfc5231/work/BBBB_qwen_pde_branch/paper/GS/L1/ablation/ckpt_arm1_pretrained_p2/best_model
  -> best (val_mse=3.5680e-01)
  ep40 step0/237 total=3.720e-01 mse=3.399e-01 latent=4.040e-01 pde=2.306e-03 tpde=2.465e-03 ss=0.25
  ep40 step50/237 total=2.859e-01 mse=2.697e-01 latent=3.020e-01 pde=2.001e-03 tpde=1.931e-03 ss=0.25
  ep40 step100/237 total=3.835e-01 mse=3.873e-01 latent=3.796e-01 pde=2.105e-03 tpde=2.536e-03 ss=0.25
  ep40 step150/237 total=3.801e-01 mse=3.628e-01 latent=3.972e-01 pde=2.201e-03 tpde=2.072e-03 ss=0.25
  ep40 step200/237 total=2.483e-01 mse=2.043e-01 latent=2.922e-01 pde=2.946e-03 tpde=2.282e-03 ss=0.25
Epoch 40/80 | train total=3.5075e-01 mse=3.3251e-01 tpde=2.3547e-03 nt=0.0000e+00 | val_mse=3.5938e-01 | lr_p=1.00e-04 lr_l=2.00e-05 | 587s
GSPDEModel saved to /home/zfc5231/work/BBBB_qwen_pde_branch/paper/GS/L1/ablation/ckpt_arm1_pretrained_p2/epoch_40
  ep41 step0/237 total=3.931e-01 mse=3.948e-01 latent=3.912e-01 pde=2.180e-03 tpde=2.603e-03 ss=0.25
  ep41 step50/237 total=3.764e-01 mse=3.455e-01 latent=4.072e-01 pde=1.857e-03 tpde=1.949e-03 ss=0.25
  ep41 step100/237 total=2.247e-01 mse=2.040e-01 latent=2.452e-01 pde=2.762e-03 tpde=2.511e-03 ss=0.25
  ep41 step150/237 total=4.032e-01 mse=4.020e-01 latent=4.042e-01 pde=2.409e-03 tpde=4.724e-03 ss=0.25
  ep41 step200/237 total=3.667e-01 mse=3.473e-01 latent=3.859e-01 pde=2.030e-03 tpde=2.362e-03 ss=0.25
Epoch 41/80 | train total=3.5050e-01 mse=3.3299e-01 tpde=2.3747e-03 nt=0.0000e+00 | val_mse=3.5334e-01 | lr_p=1.00e-04 lr_l=2.00e-05 | 574s
GSPDEModel saved to /home/zfc5231/work/BBBB_qwen_pde_branch/paper/GS/L1/ablation/ckpt_arm1_pretrained_p2/best_model
  -> best (val_mse=3.5334e-01)
  ep42 step0/237 total=3.173e-01 mse=3.199e-01 latent=3.145e-01 pde=2.187e-03 tpde=2.666e-03 ss=0.25
  ep42 step50/237 total=3.406e-01 mse=2.990e-01 latent=3.820e-01 pde=2.230e-03 tpde=2.487e-03 ss=0.25
  ep42 step100/237 total=3.178e-01 mse=2.849e-01 latent=3.506e-01 pde=2.122e-03 tpde=2.393e-03 ss=0.25
  ep42 step150/237 total=2.458e-01 mse=2.074e-01 latent=2.842e-01 pde=2.308e-03 tpde=2.548e-03 ss=0.25
  ep42 step200/237 total=3.466e-01 mse=3.145e-01 latent=3.786e-01 pde=2.024e-03 tpde=2.145e-03 ss=0.25
Epoch 42/80 | train total=3.4741e-01 mse=3.2903e-01 tpde=2.3585e-03 nt=0.0000e+00 | val_mse=3.5658e-01 | lr_p=1.00e-04 lr_l=2.00e-05 | 575s
  ep43 step0/237 total=3.876e-01 mse=3.942e-01 latent=3.810e-01 pde=2.091e-03 tpde=2.550e-03 ss=0.25
  ep43 step50/237 total=2.612e-01 mse=2.472e-01 latent=2.750e-01 pde=2.277e-03 tpde=2.549e-03 ss=0.25
  ep43 step100/237 total=5.050e-01 mse=4.893e-01 latent=5.206e-01 pde=1.995e-03 tpde=1.939e-03 ss=0.25
  ep43 step150/237 total=1.821e-01 mse=1.599e-01 latent=2.042e-01 pde=1.932e-03 tpde=1.823e-03 ss=0.25
  ep43 step200/237 total=4.273e-01 mse=3.888e-01 latent=4.656e-01 pde=1.873e-03 tpde=1.929e-03 ss=0.25
Epoch 43/80 | train total=3.4261e-01 mse=3.2435e-01 tpde=2.3714e-03 nt=0.0000e+00 | val_mse=3.5291e-01 | lr_p=1.00e-04 lr_l=2.00e-05 | 570s
GSPDEModel saved to /home/zfc5231/work/BBBB_qwen_pde_branch/paper/GS/L1/ablation/ckpt_arm1_pretrained_p2/best_model
  -> best (val_mse=3.5291e-01)
  ep44 step0/237 total=3.385e-01 mse=3.078e-01 latent=3.691e-01 pde=2.361e-03 tpde=1.726e-03 ss=0.25
  ep44 step50/237 total=4.133e-01 mse=3.907e-01 latent=4.357e-01 pde=2.242e-03 tpde=2.290e-03 ss=0.25
  ep44 step100/237 total=2.996e-01 mse=2.860e-01 latent=3.130e-01 pde=2.399e-03 tpde=2.532e-03 ss=0.25
  ep44 step150/237 total=2.911e-01 mse=2.308e-01 latent=3.512e-01 pde=1.872e-03 tpde=2.459e-03 ss=0.25
  ep44 step200/237 total=3.257e-01 mse=3.318e-01 latent=3.194e-01 pde=2.301e-03 tpde=2.506e-03 ss=0.25
Epoch 44/80 | train total=3.4303e-01 mse=3.2516e-01 tpde=2.4857e-03 nt=0.0000e+00 | val_mse=3.5110e-01 | lr_p=1.00e-04 lr_l=2.00e-05 | 564s
GSPDEModel saved to /home/zfc5231/work/BBBB_qwen_pde_branch/paper/GS/L1/ablation/ckpt_arm1_pretrained_p2/best_model
  -> best (val_mse=3.5110e-01)
  ep45 step0/237 total=2.436e-01 mse=2.340e-01 latent=2.530e-01 pde=2.070e-03 tpde=2.518e-03 ss=0.25
  ep45 step50/237 total=4.143e-01 mse=4.008e-01 latent=4.276e-01 pde=1.755e-03 tpde=1.834e-03 ss=0.25
  ep45 step100/237 total=4.076e-01 mse=3.723e-01 latent=4.428e-01 pde=2.307e-03 tpde=2.701e-03 ss=0.25
  ep45 step150/237 total=4.005e-01 mse=3.780e-01 latent=4.229e-01 pde=2.036e-03 tpde=2.197e-03 ss=0.25
  ep45 step200/237 total=4.022e-01 mse=3.847e-01 latent=4.197e-01 pde=2.181e-03 tpde=1.939e-03 ss=0.25
Epoch 45/80 | train total=3.3859e-01 mse=3.2028e-01 tpde=2.3982e-03 nt=0.0000e+00 | val_mse=3.4704e-01 | lr_p=1.00e-04 lr_l=2.00e-05 | 570s
GSPDEModel saved to /home/zfc5231/work/BBBB_qwen_pde_branch/paper/GS/L1/ablation/ckpt_arm1_pretrained_p2/best_model
  -> best (val_mse=3.4704e-01)
  ep46 step0/237 total=3.964e-01 mse=3.566e-01 latent=4.360e-01 pde=1.872e-03 tpde=2.033e-03 ss=0.25
  ep46 step50/237 total=3.914e-01 mse=3.774e-01 latent=4.052e-01 pde=2.296e-03 tpde=2.891e-03 ss=0.25
  ep46 step100/237 total=2.816e-01 mse=2.681e-01 latent=2.950e-01 pde=1.954e-03 tpde=2.541e-03 ss=0.25
  ep46 step150/237 total=3.608e-01 mse=3.691e-01 latent=3.524e-01 pde=1.966e-03 tpde=3.095e-03 ss=0.25
  ep46 step200/237 total=1.869e-01 mse=1.403e-01 latent=2.334e-01 pde=1.836e-03 tpde=2.467e-03 ss=0.25
Epoch 46/80 | train total=3.3524e-01 mse=3.1620e-01 tpde=2.3516e-03 nt=0.0000e+00 | val_mse=3.4254e-01 | lr_p=1.00e-04 lr_l=2.00e-05 | 561s
GSPDEModel saved to /home/zfc5231/work/BBBB_qwen_pde_branch/paper/GS/L1/ablation/ckpt_arm1_pretrained_p2/best_model
  -> best (val_mse=3.4254e-01)
  ep47 step0/237 total=4.245e-01 mse=4.148e-01 latent=4.342e-01 pde=1.747e-03 tpde=2.175e-03 ss=0.25
  ep47 step50/237 total=3.605e-01 mse=3.318e-01 latent=3.891e-01 pde=2.886e-03 tpde=2.459e-03 ss=0.25
  ep47 step100/237 total=4.656e-01 mse=4.995e-01 latent=4.316e-01 pde=2.963e-03 tpde=2.227e-03 ss=0.25
  ep47 step150/237 total=3.628e-01 mse=3.529e-01 latent=3.726e-01 pde=1.977e-03 tpde=2.527e-03 ss=0.25
  ep47 step200/237 total=3.144e-01 mse=2.824e-01 latent=3.463e-01 pde=2.175e-03 tpde=1.840e-03 ss=0.25
Epoch 47/80 | train total=3.3106e-01 mse=3.1224e-01 tpde=2.3988e-03 nt=0.0000e+00 | val_mse=3.5734e-01 | lr_p=1.00e-04 lr_l=2.00e-05 | 569s
  ep48 step0/237 total=5.800e-01 mse=6.149e-01 latent=5.450e-01 pde=2.512e-03 tpde=2.545e-03 ss=0.25
  ep48 step50/237 total=2.763e-01 mse=2.442e-01 latent=3.083e-01 pde=2.499e-03 tpde=2.135e-03 ss=0.25
  ep48 step100/237 total=3.853e-01 mse=3.502e-01 latent=4.203e-01 pde=1.865e-03 tpde=2.126e-03 ss=0.25
  ep48 step150/237 total=4.031e-01 mse=4.157e-01 latent=3.904e-01 pde=1.766e-03 tpde=2.154e-03 ss=0.25
  ep48 step200/237 total=4.411e-01 mse=4.304e-01 latent=4.516e-01 pde=1.898e-03 tpde=2.630e-03 ss=0.25
Epoch 48/80 | train total=3.3499e-01 mse=3.1630e-01 tpde=2.3783e-03 nt=0.0000e+00 | val_mse=3.4270e-01 | lr_p=1.00e-04 lr_l=2.00e-05 | 560s
  ep49 step0/237 total=3.515e-01 mse=3.549e-01 latent=3.480e-01 pde=2.200e-03 tpde=2.299e-03 ss=0.25
  ep49 step50/237 total=3.417e-01 mse=3.339e-01 latent=3.494e-01 pde=1.994e-03 tpde=2.596e-03 ss=0.25
  ep49 step100/237 total=3.164e-01 mse=2.861e-01 latent=3.465e-01 pde=1.742e-03 tpde=2.372e-03 ss=0.25
  ep49 step150/237 total=4.049e-01 mse=3.894e-01 latent=4.202e-01 pde=2.007e-03 tpde=2.803e-03 ss=0.25
  ep49 step200/237 total=3.781e-01 mse=3.610e-01 latent=3.950e-01 pde=2.185e-03 tpde=2.294e-03 ss=0.25
Epoch 49/80 | train total=3.3263e-01 mse=3.1453e-01 tpde=2.4143e-03 nt=0.0000e+00 | val_mse=3.5025e-01 | lr_p=1.00e-04 lr_l=2.00e-05 | 562s
  ep50 step0/237 total=2.331e-01 mse=1.787e-01 latent=2.874e-01 pde=2.051e-03 tpde=2.280e-03 ss=0.25
  ep50 step50/237 total=3.682e-01 mse=3.739e-01 latent=3.625e-01 pde=1.854e-03 tpde=2.486e-03 ss=0.25
  ep50 step100/237 total=3.322e-01 mse=3.131e-01 latent=3.513e-01 pde=1.695e-03 tpde=2.213e-03 ss=0.25
  ep50 step150/237 total=3.366e-01 mse=3.057e-01 latent=3.674e-01 pde=2.183e-03 tpde=2.525e-03 ss=0.25
  ep50 step200/237 total=2.449e-01 mse=2.045e-01 latent=2.850e-01 pde=3.482e-03 tpde=2.165e-03 ss=0.25
Epoch 50/80 | train total=3.2661e-01 mse=3.0718e-01 tpde=2.3853e-03 nt=0.0000e+00 | val_mse=3.4058e-01 | lr_p=1.00e-04 lr_l=2.00e-05 | 561s
GSPDEModel saved to /home/zfc5231/work/BBBB_qwen_pde_branch/paper/GS/L1/ablation/ckpt_arm1_pretrained_p2/best_model
  -> best (val_mse=3.4058e-01)
GSPDEModel saved to /home/zfc5231/work/BBBB_qwen_pde_branch/paper/GS/L1/ablation/ckpt_arm1_pretrained_p2/epoch_50
  ep51 step0/237 total=3.642e-01 mse=3.443e-01 latent=3.840e-01 pde=1.952e-03 tpde=2.348e-03 ss=0.25
  ep51 step50/237 total=4.177e-01 mse=4.091e-01 latent=4.262e-01 pde=1.922e-03 tpde=2.400e-03 ss=0.25
  ep51 step100/237 total=3.509e-01 mse=3.502e-01 latent=3.514e-01 pde=3.082e-03 tpde=2.421e-03 ss=0.25
  ep51 step150/237 total=2.653e-01 mse=2.221e-01 latent=3.083e-01 pde=1.757e-03 tpde=2.367e-03 ss=0.25
  ep51 step200/237 total=2.997e-01 mse=2.906e-01 latent=3.086e-01 pde=1.833e-03 tpde=2.731e-03 ss=0.25
Epoch 51/80 | train total=3.1988e-01 mse=2.9989e-01 tpde=2.3934e-03 nt=0.0000e+00 | val_mse=3.3963e-01 | lr_p=1.00e-04 lr_l=2.00e-05 | 566s
GSPDEModel saved to /home/zfc5231/work/BBBB_qwen_pde_branch/paper/GS/L1/ablation/ckpt_arm1_pretrained_p2/best_model
  -> best (val_mse=3.3963e-01)
  ep52 step0/237 total=3.036e-01 mse=2.755e-01 latent=3.315e-01 pde=1.675e-03 tpde=2.022e-03 ss=0.25
  ep52 step50/237 total=3.522e-01 mse=3.238e-01 latent=3.805e-01 pde=2.064e-03 tpde=2.223e-03 ss=0.25
  ep52 step100/237 total=4.525e-01 mse=4.599e-01 latent=4.448e-01 pde=4.222e-03 tpde=2.307e-03 ss=0.25
  ep52 step150/237 total=3.708e-01 mse=3.366e-01 latent=4.049e-01 pde=1.931e-03 tpde=2.290e-03 ss=0.25
  ep52 step200/237 total=5.074e-01 mse=5.006e-01 latent=5.141e-01 pde=2.147e-03 tpde=2.725e-03 ss=0.25
Epoch 52/80 | train total=3.2250e-01 mse=3.0150e-01 tpde=2.4122e-03 nt=0.0000e+00 | val_mse=3.2614e-01 | lr_p=1.00e-04 lr_l=2.00e-05 | 566s
GSPDEModel saved to /home/zfc5231/work/BBBB_qwen_pde_branch/paper/GS/L1/ablation/ckpt_arm1_pretrained_p2/best_model
  -> best (val_mse=3.2614e-01)
  ep53 step0/237 total=4.090e-01 mse=3.912e-01 latent=4.267e-01 pde=2.012e-03 tpde=2.094e-03 ss=0.25
  ep53 step50/237 total=3.610e-01 mse=3.474e-01 latent=3.746e-01 pde=1.766e-03 tpde=2.805e-03 ss=0.25
  ep53 step100/237 total=3.813e-01 mse=3.557e-01 latent=4.067e-01 pde=2.305e-03 tpde=2.655e-03 ss=0.25
  ep53 step150/237 total=2.865e-01 mse=2.752e-01 latent=2.977e-01 pde=1.803e-03 tpde=1.878e-03 ss=0.25
  ep53 step200/237 total=3.503e-01 mse=3.324e-01 latent=3.681e-01 pde=1.953e-03 tpde=2.508e-03 ss=0.25
Epoch 53/80 | train total=3.1922e-01 mse=2.9965e-01 tpde=2.3625e-03 nt=0.0000e+00 | val_mse=3.4176e-01 | lr_p=1.00e-04 lr_l=2.00e-05 | 560s
  ep54 step0/237 total=2.638e-01 mse=2.452e-01 latent=2.822e-01 pde=2.958e-03 tpde=2.119e-03 ss=0.25
  ep54 step50/237 total=3.104e-01 mse=2.777e-01 latent=3.430e-01 pde=2.126e-03 tpde=1.840e-03 ss=0.25
  ep54 step100/237 total=4.253e-01 mse=4.197e-01 latent=4.308e-01 pde=2.616e-03 tpde=1.827e-03 ss=0.25
  ep54 step150/237 total=3.926e-01 mse=3.545e-01 latent=4.306e-01 pde=2.037e-03 tpde=2.918e-03 ss=0.25
  ep54 step200/237 total=2.458e-01 mse=1.824e-01 latent=3.091e-01 pde=1.722e-03 tpde=1.852e-03 ss=0.25
Epoch 54/80 | train total=3.1746e-01 mse=2.9840e-01 tpde=2.4051e-03 nt=0.0000e+00 | val_mse=3.3480e-01 | lr_p=1.00e-04 lr_l=2.00e-05 | 559s
  ep55 step0/237 total=2.009e-01 mse=1.759e-01 latent=2.256e-01 pde=2.966e-03 tpde=2.554e-03 ss=0.25
  ep55 step50/237 total=2.902e-01 mse=2.878e-01 latent=2.924e-01 pde=2.035e-03 tpde=2.596e-03 ss=0.25
  ep55 step100/237 total=3.065e-01 mse=2.845e-01 latent=3.283e-01 pde=1.852e-03 tpde=2.115e-03 ss=0.25
  ep55 step150/237 total=3.626e-01 mse=3.340e-01 latent=3.910e-01 pde=2.660e-03 tpde=1.904e-03 ss=0.25
  ep55 step200/237 total=3.784e-01 mse=3.592e-01 latent=3.974e-01 pde=1.973e-03 tpde=2.133e-03 ss=0.25
Epoch 55/80 | train total=3.1760e-01 mse=2.9913e-01 tpde=2.3799e-03 nt=0.0000e+00 | val_mse=3.4235e-01 | lr_p=1.00e-04 lr_l=2.00e-05 | 563s
  ep56 step0/237 total=2.758e-01 mse=2.585e-01 latent=2.930e-01 pde=1.623e-03 tpde=2.097e-03 ss=0.25
  ep56 step50/237 total=2.601e-01 mse=2.258e-01 latent=2.944e-01 pde=1.789e-03 tpde=2.042e-03 ss=0.25
  ep56 step100/237 total=3.438e-01 mse=3.154e-01 latent=3.721e-01 pde=2.834e-03 tpde=2.645e-03 ss=0.25
  ep56 step150/237 total=3.776e-01 mse=3.494e-01 latent=4.057e-01 pde=1.834e-03 tpde=3.150e-03 ss=0.25
  ep56 step200/237 total=2.889e-01 mse=2.739e-01 latent=3.037e-01 pde=1.842e-03 tpde=2.975e-03 ss=0.25
Epoch 56/80 | train total=3.1328e-01 mse=2.9461e-01 tpde=2.4572e-03 nt=0.0000e+00 | val_mse=3.3729e-01 | lr_p=1.00e-04 lr_l=2.00e-05 | 565s
  ep57 step0/237 total=3.278e-01 mse=3.122e-01 latent=3.433e-01 pde=1.909e-03 tpde=2.524e-03 ss=0.25
  ep57 step50/237 total=3.225e-01 mse=3.074e-01 latent=3.374e-01 pde=1.895e-03 tpde=2.406e-03 ss=0.25
  ep57 step100/237 total=3.797e-01 mse=3.552e-01 latent=4.042e-01 pde=1.802e-03 tpde=2.246e-03 ss=0.25
  ep57 step150/237 total=2.517e-01 mse=2.458e-01 latent=2.574e-01 pde=2.120e-03 tpde=2.076e-03 ss=0.25
  ep57 step200/237 total=3.074e-01 mse=2.845e-01 latent=3.301e-01 pde=1.781e-03 tpde=2.381e-03 ss=0.25
Epoch 57/80 | train total=3.1012e-01 mse=2.8938e-01 tpde=2.5227e-03 nt=0.0000e+00 | val_mse=3.3918e-01 | lr_p=1.00e-04 lr_l=2.00e-05 | 568s
  ep58 step0/237 total=3.260e-01 mse=3.249e-01 latent=3.269e-01 pde=1.933e-03 tpde=2.946e-03 ss=0.25
  ep58 step50/237 total=2.159e-01 mse=1.790e-01 latent=2.527e-01 pde=2.079e-03 tpde=2.345e-03 ss=0.25
  ep58 step100/237 total=3.153e-01 mse=2.844e-01 latent=3.462e-01 pde=2.021e-03 tpde=2.415e-03 ss=0.25
  ep58 step150/237 total=2.145e-01 mse=1.834e-01 latent=2.454e-01 pde=1.718e-03 tpde=2.244e-03 ss=0.25
  ep58 step200/237 total=2.921e-01 mse=2.948e-01 latent=2.892e-01 pde=1.976e-03 tpde=2.442e-03 ss=0.25
Epoch 58/80 | train total=3.1227e-01 mse=2.9397e-01 tpde=2.4466e-03 nt=0.0000e+00 | val_mse=3.3330e-01 | lr_p=1.00e-04 lr_l=2.00e-05 | 567s
  ep59 step0/237 total=2.945e-01 mse=2.710e-01 latent=3.178e-01 pde=2.229e-03 tpde=2.140e-03 ss=0.25
  ep59 step50/237 total=3.392e-01 mse=3.063e-01 latent=3.721e-01 pde=1.624e-03 tpde=2.049e-03 ss=0.25
  ep59 step100/237 total=3.164e-01 mse=2.935e-01 latent=3.392e-01 pde=1.632e-03 tpde=2.732e-03 ss=0.25
  ep59 step150/237 total=2.861e-01 mse=2.712e-01 latent=3.008e-01 pde=2.938e-03 tpde=2.061e-03 ss=0.25
  ep59 step200/237 total=3.001e-01 mse=2.748e-01 latent=3.251e-01 pde=1.900e-03 tpde=2.000e-03 ss=0.25
Epoch 59/80 | train total=3.0822e-01 mse=2.8787e-01 tpde=2.4230e-03 nt=0.0000e+00 | val_mse=3.3697e-01 | lr_p=1.00e-04 lr_l=2.00e-05 | 572s
  ep60 step0/237 total=3.012e-01 mse=2.770e-01 latent=3.253e-01 pde=1.961e-03 tpde=2.114e-03 ss=0.25
  ep60 step50/237 total=3.614e-01 mse=3.523e-01 latent=3.703e-01 pde=2.575e-03 tpde=2.049e-03 ss=0.25
  ep60 step100/237 total=2.129e-01 mse=1.895e-01 latent=2.360e-01 pde=1.970e-03 tpde=2.189e-03 ss=0.25
  ep60 step150/237 total=2.871e-01 mse=2.758e-01 latent=2.983e-01 pde=2.514e-03 tpde=2.358e-03 ss=0.25
  ep60 step200/237 total=2.774e-01 mse=2.541e-01 latent=3.005e-01 pde=1.822e-03 tpde=2.321e-03 ss=0.25
Epoch 60/80 | train total=3.0373e-01 mse=2.8382e-01 tpde=2.3098e-03 nt=0.0000e+00 | val_mse=3.3447e-01 | lr_p=1.00e-04 lr_l=2.00e-05 | 565s
GSPDEModel saved to /home/zfc5231/work/BBBB_qwen_pde_branch/paper/GS/L1/ablation/ckpt_arm1_pretrained_p2/epoch_60
  ep61 step0/237 total=1.882e-01 mse=1.511e-01 latent=2.251e-01 pde=2.181e-03 tpde=2.293e-03 ss=0.25
  ep61 step50/237 total=3.363e-01 mse=3.174e-01 latent=3.551e-01 pde=1.705e-03 tpde=2.035e-03 ss=0.25
  ep61 step100/237 total=3.849e-01 mse=3.532e-01 latent=4.165e-01 pde=2.257e-03 tpde=2.049e-03 ss=0.25
  ep61 step150/237 total=3.219e-01 mse=2.866e-01 latent=3.570e-01 pde=1.751e-03 tpde=1.843e-03 ss=0.25
  ep61 step200/237 total=3.616e-01 mse=3.818e-01 latent=3.413e-01 pde=1.930e-03 tpde=4.818e-03 ss=0.25
Epoch 61/80 | train total=3.0197e-01 mse=2.8173e-01 tpde=2.3011e-03 nt=0.0000e+00 | val_mse=3.4393e-01 | lr_p=1.00e-04 lr_l=2.00e-05 | 569s
  ep62 step0/237 total=2.404e-01 mse=2.074e-01 latent=2.733e-01 pde=2.086e-03 tpde=3.045e-03 ss=0.25
  ep62 step50/237 total=3.415e-01 mse=3.326e-01 latent=3.503e-01 pde=2.061e-03 tpde=2.413e-03 ss=0.25
  ep62 step100/237 total=2.267e-01 mse=2.044e-01 latent=2.489e-01 pde=2.243e-03 tpde=2.048e-03 ss=0.25
  ep62 step150/237 total=2.393e-01 mse=2.136e-01 latent=2.649e-01 pde=1.941e-03 tpde=2.066e-03 ss=0.25
  ep62 step200/237 total=2.597e-01 mse=2.441e-01 latent=2.752e-01 pde=1.726e-03 tpde=2.500e-03 ss=0.25
Epoch 62/80 | train total=3.0374e-01 mse=2.8382e-01 tpde=2.3729e-03 nt=0.0000e+00 | val_mse=3.3126e-01 | lr_p=1.00e-04 lr_l=2.00e-05 | 568s
  ep63 step0/237 total=3.819e-01 mse=4.000e-01 latent=3.636e-01 pde=2.556e-03 tpde=2.241e-03 ss=0.25
  ep63 step50/237 total=3.406e-01 mse=3.118e-01 latent=3.693e-01 pde=1.768e-03 tpde=2.368e-03 ss=0.25
  ep63 step100/237 total=2.448e-01 mse=2.083e-01 latent=2.812e-01 pde=2.021e-03 tpde=2.341e-03 ss=0.25
  ep63 step150/237 total=2.685e-01 mse=2.477e-01 latent=2.892e-01 pde=1.780e-03 tpde=3.073e-03 ss=0.25
  ep63 step200/237 total=3.248e-01 mse=3.341e-01 latent=3.154e-01 pde=1.807e-03 tpde=2.021e-03 ss=0.25
Epoch 63/80 | train total=3.0163e-01 mse=2.8098e-01 tpde=2.3162e-03 nt=0.0000e+00 | val_mse=3.3330e-01 | lr_p=1.00e-04 lr_l=2.00e-05 | 570s
  ep64 step0/237 total=2.125e-01 mse=2.137e-01 latent=2.110e-01 pde=3.524e-03 tpde=3.994e-03 ss=0.25
  ep64 step50/237 total=3.843e-01 mse=3.520e-01 latent=4.165e-01 pde=2.076e-03 tpde=2.561e-03 ss=0.25
  ep64 step100/237 total=2.319e-01 mse=2.148e-01 latent=2.489e-01 pde=1.694e-03 tpde=3.705e-03 ss=0.25
  ep64 step150/237 total=2.595e-01 mse=2.182e-01 latent=3.006e-01 pde=1.821e-03 tpde=1.988e-03 ss=0.25
  ep64 step200/237 total=2.986e-01 mse=3.156e-01 latent=2.815e-01 pde=1.727e-03 tpde=4.143e-03 ss=0.25
Epoch 64/80 | train total=2.9850e-01 mse=2.7786e-01 tpde=2.4828e-03 nt=0.0000e+00 | val_mse=3.3071e-01 | lr_p=1.00e-04 lr_l=2.00e-05 | 566s
  ep65 step0/237 total=2.969e-01 mse=2.673e-01 latent=3.262e-01 pde=1.805e-03 tpde=2.279e-03 ss=0.25
  ep65 step50/237 total=3.451e-01 mse=3.359e-01 latent=3.541e-01 pde=2.364e-03 tpde=2.626e-03 ss=0.25
  ep65 step100/237 total=2.652e-01 mse=2.571e-01 latent=2.732e-01 pde=1.640e-03 tpde=2.237e-03 ss=0.25
  ep65 step150/237 total=3.591e-01 mse=3.452e-01 latent=3.728e-01 pde=2.608e-03 tpde=2.274e-03 ss=0.25
  ep65 step200/237 total=2.470e-01 mse=2.276e-01 latent=2.662e-01 pde=2.098e-03 tpde=2.576e-03 ss=0.25
Epoch 65/80 | train total=2.9865e-01 mse=2.7836e-01 tpde=2.4467e-03 nt=0.0000e+00 | val_mse=3.3023e-01 | lr_p=1.00e-04 lr_l=2.00e-05 | 567s
  ep66 step0/237 total=3.626e-01 mse=3.640e-01 latent=3.610e-01 pde=2.039e-03 tpde=2.148e-03 ss=0.25
  ep66 step50/237 total=2.820e-01 mse=2.493e-01 latent=3.145e-01 pde=1.623e-03 tpde=2.535e-03 ss=0.25
  ep66 step100/237 total=2.946e-01 mse=2.979e-01 latent=2.911e-01 pde=2.672e-03 tpde=2.265e-03 ss=0.25
  ep66 step150/237 total=3.483e-01 mse=3.612e-01 latent=3.352e-01 pde=2.000e-03 tpde=2.800e-03 ss=0.25
  ep66 step200/237 total=2.394e-01 mse=2.110e-01 latent=2.676e-01 pde=1.663e-03 tpde=2.029e-03 ss=0.25
Epoch 66/80 | train total=2.9809e-01 mse=2.7784e-01 tpde=2.4879e-03 nt=0.0000e+00 | val_mse=3.3106e-01 | lr_p=1.00e-04 lr_l=2.00e-05 | 564s
  ep67 step0/237 total=3.310e-01 mse=2.962e-01 latent=3.655e-01 pde=2.322e-03 tpde=2.229e-03 ss=0.25
  ep67 step50/237 total=2.090e-01 mse=1.908e-01 latent=2.270e-01 pde=2.254e-03 tpde=2.035e-03 ss=0.25
  ep67 step100/237 total=2.220e-01 mse=2.069e-01 latent=2.370e-01 pde=1.947e-03 tpde=2.289e-03 ss=0.25
  ep67 step150/237 total=4.038e-01 mse=3.812e-01 latent=4.262e-01 pde=2.608e-03 tpde=2.450e-03 ss=0.25
  ep67 step200/237 total=2.729e-01 mse=2.396e-01 latent=3.062e-01 pde=1.849e-03 tpde=1.790e-03 ss=0.25
Epoch 67/80 | train total=2.9148e-01 mse=2.7007e-01 tpde=2.3702e-03 nt=0.0000e+00 | val_mse=3.2833e-01 | lr_p=1.00e-04 lr_l=2.00e-05 | 567s
  ep68 step0/237 total=2.656e-01 mse=2.596e-01 latent=2.715e-01 pde=1.743e-03 tpde=2.734e-03 ss=0.25
  ep68 step50/237 total=2.489e-01 mse=2.178e-01 latent=2.799e-01 pde=1.661e-03 tpde=2.031e-03 ss=0.25
  ep68 step100/237 total=1.735e-01 mse=1.623e-01 latent=1.846e-01 pde=1.657e-03 tpde=2.139e-03 ss=0.25
  ep68 step150/237 total=2.233e-01 mse=1.873e-01 latent=2.592e-01 pde=1.705e-03 tpde=2.889e-03 ss=0.25
  ep68 step200/237 total=3.093e-01 mse=2.968e-01 latent=3.216e-01 pde=1.642e-03 tpde=2.096e-03 ss=0.25
Epoch 68/80 | train total=2.9327e-01 mse=2.7314e-01 tpde=2.4155e-03 nt=0.0000e+00 | val_mse=3.3407e-01 | lr_p=1.00e-04 lr_l=2.00e-05 | 568s
  ep69 step0/237 total=2.158e-01 mse=1.945e-01 latent=2.369e-01 pde=1.997e-03 tpde=2.581e-03 ss=0.25
  ep69 step50/237 total=3.043e-01 mse=2.788e-01 latent=3.297e-01 pde=2.931e-03 tpde=2.537e-03 ss=0.25
  ep69 step100/237 total=2.531e-01 mse=2.466e-01 latent=2.594e-01 pde=2.857e-03 tpde=3.983e-03 ss=0.25
  ep69 step150/237 total=2.515e-01 mse=2.124e-01 latent=2.906e-01 pde=1.676e-03 tpde=1.813e-03 ss=0.25
  ep69 step200/237 total=3.017e-01 mse=2.862e-01 latent=3.171e-01 pde=2.086e-03 tpde=1.882e-03 ss=0.25
Epoch 69/80 | train total=2.9202e-01 mse=2.7280e-01 tpde=2.4547e-03 nt=0.0000e+00 | val_mse=3.2636e-01 | lr_p=1.00e-04 lr_l=2.00e-05 | 565s
  ep70 step0/237 total=4.255e-01 mse=4.453e-01 latent=4.055e-01 pde=2.199e-03 tpde=2.402e-03 ss=0.25
  ep70 step50/237 total=3.551e-01 mse=3.456e-01 latent=3.644e-01 pde=1.800e-03 tpde=2.143e-03 ss=0.25
  ep70 step100/237 total=3.119e-01 mse=2.957e-01 latent=3.280e-01 pde=1.847e-03 tpde=2.254e-03 ss=0.25
  ep70 step150/237 total=2.261e-01 mse=2.120e-01 latent=2.401e-01 pde=2.517e-03 tpde=2.270e-03 ss=0.25
  ep70 step200/237 total=3.572e-01 mse=3.445e-01 latent=3.697e-01 pde=2.207e-03 tpde=1.975e-03 ss=0.25
Epoch 70/80 | train total=2.8699e-01 mse=2.6495e-01 tpde=2.4577e-03 nt=0.0000e+00 | val_mse=3.2969e-01 | lr_p=1.00e-04 lr_l=2.00e-05 | 563s
GSPDEModel saved to /home/zfc5231/work/BBBB_qwen_pde_branch/paper/GS/L1/ablation/ckpt_arm1_pretrained_p2/epoch_70
  ep71 step0/237 total=4.034e-01 mse=4.002e-01 latent=4.063e-01 pde=9.968e-03 tpde=2.158e-03 ss=0.25
  ep71 step50/237 total=2.546e-01 mse=2.251e-01 latent=2.840e-01 pde=1.798e-03 tpde=2.499e-03 ss=0.25
  ep71 step100/237 total=1.560e-01 mse=1.204e-01 latent=1.915e-01 pde=2.472e-03 tpde=2.036e-03 ss=0.25
  ep71 step150/237 total=3.303e-01 mse=3.349e-01 latent=3.256e-01 pde=2.177e-03 tpde=2.491e-03 ss=0.25
  ep71 step200/237 total=2.400e-01 mse=2.141e-01 latent=2.659e-01 pde=1.775e-03 tpde=1.938e-03 ss=0.25
Epoch 71/80 | train total=2.9063e-01 mse=2.7038e-01 tpde=2.4050e-03 nt=0.0000e+00 | val_mse=3.2104e-01 | lr_p=1.00e-04 lr_l=2.00e-05 | 567s
GSPDEModel saved to /home/zfc5231/work/BBBB_qwen_pde_branch/paper/GS/L1/ablation/ckpt_arm1_pretrained_p2/best_model
  -> best (val_mse=3.2104e-01)
  ep72 step0/237 total=3.469e-01 mse=3.342e-01 latent=3.596e-01 pde=1.751e-03 tpde=2.128e-03 ss=0.25
  ep72 step50/237 total=2.278e-01 mse=2.085e-01 latent=2.470e-01 pde=2.029e-03 tpde=2.440e-03 ss=0.25
  ep72 step100/237 total=2.074e-01 mse=1.593e-01 latent=2.553e-01 pde=2.273e-03 tpde=3.023e-03 ss=0.25
  ep72 step150/237 total=2.240e-01 mse=2.096e-01 latent=2.383e-01 pde=1.962e-03 tpde=2.096e-03 ss=0.25
  ep72 step200/237 total=1.749e-01 mse=1.418e-01 latent=2.078e-01 pde=2.134e-03 tpde=2.527e-03 ss=0.25
Epoch 72/80 | train total=2.8886e-01 mse=2.6721e-01 tpde=2.5144e-03 nt=0.0000e+00 | val_mse=3.2791e-01 | lr_p=1.00e-04 lr_l=2.00e-05 | 569s
  ep73 step0/237 total=3.029e-01 mse=2.873e-01 latent=3.183e-01 pde=2.026e-03 tpde=2.095e-03 ss=0.25
  ep73 step50/237 total=4.028e-01 mse=4.119e-01 latent=3.935e-01 pde=2.177e-03 tpde=2.245e-03 ss=0.25
  ep73 step100/237 total=3.343e-01 mse=3.276e-01 latent=3.407e-01 pde=1.825e-03 tpde=3.459e-03 ss=0.25
  ep73 step150/237 total=3.591e-01 mse=3.177e-01 latent=4.004e-01 pde=1.671e-03 tpde=1.937e-03 ss=0.25
  ep73 step200/237 total=3.387e-01 mse=3.416e-01 latent=3.357e-01 pde=1.846e-03 tpde=2.506e-03 ss=0.25
Epoch 73/80 | train total=2.8619e-01 mse=2.6569e-01 tpde=2.4580e-03 nt=0.0000e+00 | val_mse=3.3368e-01 | lr_p=1.00e-04 lr_l=2.00e-05 | 560s
  ep74 step0/237 total=2.678e-01 mse=2.266e-01 latent=3.089e-01 pde=1.826e-03 tpde=2.639e-03 ss=0.25
  ep74 step50/237 total=2.981e-01 mse=3.235e-01 latent=2.725e-01 pde=3.088e-03 tpde=2.769e-03 ss=0.25
  ep74 step100/237 total=2.570e-01 mse=2.284e-01 latent=2.854e-01 pde=1.874e-03 tpde=2.974e-03 ss=0.25
  ep74 step150/237 total=2.498e-01 mse=2.312e-01 latent=2.684e-01 pde=1.807e-03 tpde=2.426e-03 ss=0.25
  ep74 step200/237 total=3.442e-01 mse=3.473e-01 latent=3.409e-01 pde=2.424e-03 tpde=2.294e-03 ss=0.25
Epoch 74/80 | train total=2.8502e-01 mse=2.6445e-01 tpde=2.4725e-03 nt=0.0000e+00 | val_mse=3.3189e-01 | lr_p=1.00e-04 lr_l=2.00e-05 | 566s
  ep75 step0/237 total=3.359e-01 mse=3.285e-01 latent=3.432e-01 pde=1.844e-03 tpde=2.666e-03 ss=0.25
  ep75 step50/237 total=2.179e-01 mse=1.777e-01 latent=2.580e-01 pde=1.926e-03 tpde=2.511e-03 ss=0.25
  ep75 step100/237 total=3.842e-01 mse=3.819e-01 latent=3.863e-01 pde=2.306e-03 tpde=2.570e-03 ss=0.25
  ep75 step150/237 total=1.813e-01 mse=1.445e-01 latent=2.180e-01 pde=2.271e-03 tpde=2.407e-03 ss=0.25
  ep75 step200/237 total=1.638e-01 mse=1.633e-01 latent=1.641e-01 pde=2.709e-03 tpde=2.605e-03 ss=0.25
Epoch 75/80 | train total=2.8331e-01 mse=2.6215e-01 tpde=2.4678e-03 nt=0.0000e+00 | val_mse=3.2323e-01 | lr_p=1.00e-04 lr_l=2.00e-05 | 567s
  ep76 step0/237 total=3.364e-01 mse=3.004e-01 latent=3.722e-01 pde=1.664e-03 tpde=2.015e-03 ss=0.25
  ep76 step50/237 total=4.123e-01 mse=3.968e-01 latent=4.277e-01 pde=1.994e-03 tpde=2.124e-03 ss=0.25
  ep76 step100/237 total=2.382e-01 mse=1.894e-01 latent=2.869e-01 pde=2.196e-03 tpde=3.096e-03 ss=0.25
  ep76 step150/237 total=2.267e-01 mse=1.941e-01 latent=2.592e-01 pde=1.805e-03 tpde=2.334e-03 ss=0.25
  ep76 step200/237 total=2.186e-01 mse=1.894e-01 latent=2.477e-01 pde=1.757e-03 tpde=2.582e-03 ss=0.25
Epoch 76/80 | train total=2.7976e-01 mse=2.5802e-01 tpde=2.4239e-03 nt=0.0000e+00 | val_mse=3.2850e-01 | lr_p=1.00e-04 lr_l=2.00e-05 | 569s
  ep77 step0/237 total=3.017e-01 mse=2.922e-01 latent=3.109e-01 pde=1.775e-03 tpde=2.847e-03 ss=0.25
  ep77 step50/237 total=2.757e-01 mse=2.411e-01 latent=3.102e-01 pde=1.775e-03 tpde=2.724e-03 ss=0.25
  ep77 step100/237 total=1.575e-01 mse=1.416e-01 latent=1.733e-01 pde=2.266e-03 tpde=1.964e-03 ss=0.25
  ep77 step150/237 total=3.543e-01 mse=3.029e-01 latent=4.055e-01 pde=2.407e-03 tpde=2.500e-03 ss=0.25
  ep77 step200/237 total=3.406e-01 mse=3.312e-01 latent=3.498e-01 pde=1.673e-03 tpde=1.857e-03 ss=0.25
Epoch 77/80 | train total=2.8010e-01 mse=2.5826e-01 tpde=2.4116e-03 nt=0.0000e+00 | val_mse=3.3122e-01 | lr_p=1.00e-04 lr_l=2.00e-05 | 563s
  ep78 step0/237 total=3.226e-01 mse=2.782e-01 latent=3.669e-01 pde=1.805e-03 tpde=2.126e-03 ss=0.25
  ep78 step50/237 total=3.832e-01 mse=3.518e-01 latent=4.145e-01 pde=2.045e-03 tpde=2.554e-03 ss=0.25
  ep78 step100/237 total=3.103e-01 mse=2.910e-01 latent=3.295e-01 pde=1.742e-03 tpde=1.994e-03 ss=0.25
  ep78 step150/237 total=2.098e-01 mse=1.848e-01 latent=2.346e-01 pde=2.351e-03 tpde=2.610e-03 ss=0.25
  ep78 step200/237 total=2.166e-01 mse=1.988e-01 latent=2.343e-01 pde=2.797e-03 tpde=3.583e-03 ss=0.25
Epoch 78/80 | train total=2.8093e-01 mse=2.5906e-01 tpde=2.4497e-03 nt=0.0000e+00 | val_mse=3.2586e-01 | lr_p=1.00e-04 lr_l=2.00e-05 | 571s
  ep79 step0/237 total=2.178e-01 mse=2.077e-01 latent=2.278e-01 pde=2.886e-03 tpde=3.004e-03 ss=0.25
  ep79 step50/237 total=3.080e-01 mse=2.809e-01 latent=3.349e-01 pde=1.882e-03 tpde=2.357e-03 ss=0.25
  ep79 step100/237 total=1.871e-01 mse=1.472e-01 latent=2.268e-01 pde=1.739e-03 tpde=2.801e-03 ss=0.25
  ep79 step150/237 total=2.632e-01 mse=2.508e-01 latent=2.756e-01 pde=1.715e-03 tpde=2.584e-03 ss=0.25
  ep79 step200/237 total=3.229e-01 mse=3.075e-01 latent=3.381e-01 pde=4.075e-03 tpde=2.263e-03 ss=0.25
Epoch 79/80 | train total=2.7533e-01 mse=2.5333e-01 tpde=2.4846e-03 nt=0.0000e+00 | val_mse=3.2846e-01 | lr_p=1.00e-04 lr_l=2.00e-05 | 573s
  ep80 step0/237 total=1.793e-01 mse=1.439e-01 latent=2.145e-01 pde=2.115e-03 tpde=1.919e-03 ss=0.25
  ep80 step50/237 total=2.170e-01 mse=1.988e-01 latent=2.350e-01 pde=2.259e-03 tpde=2.328e-03 ss=0.25
  ep80 step100/237 total=2.062e-01 mse=1.644e-01 latent=2.479e-01 pde=1.624e-03 tpde=2.288e-03 ss=0.25
  ep80 step150/237 total=2.331e-01 mse=2.222e-01 latent=2.439e-01 pde=1.756e-03 tpde=2.348e-03 ss=0.25
  ep80 step200/237 total=2.578e-01 mse=2.305e-01 latent=2.850e-01 pde=1.831e-03 tpde=2.126e-03 ss=0.25
Epoch 80/80 | train total=2.7432e-01 mse=2.5272e-01 tpde=2.5451e-03 nt=0.0000e+00 | val_mse=3.2480e-01 | lr_p=1.00e-04 lr_l=2.00e-05 | 569s
GSPDEModel saved to /home/zfc5231/work/BBBB_qwen_pde_branch/paper/GS/L1/ablation/ckpt_arm1_pretrained_p2/epoch_80
=== [arm1_pretrained] PHASE3 no-context fixed-K (RAND=0) Mon 29 Jun 2026 09:07:50 AM UTC ===
[rank3] FDM physics residual loss enabled (lambda_pde=0.02)
resuming from /home/zfc5231/work/BBBB_qwen_pde_branch/paper/GS/L1/ablation/ckpt_arm1_pretrained_p2/best_model  (no_context_prob=1.0)
[rank0] FDM physics residual loss enabled (lambda_pde=0.02)
[rank1] FDM physics residual loss enabled (lambda_pde=0.02)
[rank2] FDM physics residual loss enabled (lambda_pde=0.02)
proj params 8,336,008  lora params 10,092,544
  ep1 step0/237 total=5.903e-01 mse=5.498e-01 latent=6.308e-01 pde=1.915e-03 tpde=2.228e-03 ss=0.02
  ep1 step50/237 total=3.945e-01 mse=3.292e-01 latent=4.597e-01 pde=2.234e-03 tpde=2.136e-03 ss=0.02
  ep1 step100/237 total=3.479e-01 mse=2.952e-01 latent=4.006e-01 pde=1.706e-03 tpde=2.090e-03 ss=0.02
  ep1 step150/237 total=4.620e-01 mse=4.504e-01 latent=4.736e-01 pde=2.419e-03 tpde=2.272e-03 ss=0.02
  ep1 step200/237 total=3.242e-01 mse=2.821e-01 latent=3.663e-01 pde=1.726e-03 tpde=2.214e-03 ss=0.02
Epoch 1/60 | train total=3.6302e-01 mse=3.1275e-01 tpde=2.3249e-03 nt=0.0000e+00 | val_mse=3.6790e-01 | lr_p=3.00e-05 lr_l=1.00e-05 | 185s
GSPDEModel saved to /home/zfc5231/work/BBBB_qwen_pde_branch/paper/GS/L1/ablation/ckpt_arm1_pretrained_p3/best_model
  -> best (val_mse=3.6790e-01)
  ep2 step0/237 total=2.668e-01 mse=2.307e-01 latent=3.029e-01 pde=2.432e-03 tpde=2.195e-03 ss=0.03
  ep2 step50/237 total=2.610e-01 mse=2.050e-01 latent=3.171e-01 pde=1.968e-03 tpde=2.195e-03 ss=0.03
  ep2 step100/237 total=2.224e-01 mse=1.845e-01 latent=2.603e-01 pde=2.842e-03 tpde=2.162e-03 ss=0.03
  ep2 step150/237 total=3.362e-01 mse=2.941e-01 latent=3.783e-01 pde=2.071e-03 tpde=2.143e-03 ss=0.03
  ep2 step200/237 total=3.074e-01 mse=2.754e-01 latent=3.394e-01 pde=2.409e-03 tpde=2.165e-03 ss=0.03
Epoch 2/60 | train total=2.9612e-01 mse=2.4976e-01 tpde=2.3427e-03 nt=0.0000e+00 | val_mse=3.5003e-01 | lr_p=3.00e-05 lr_l=1.00e-05 | 181s
GSPDEModel saved to /home/zfc5231/work/BBBB_qwen_pde_branch/paper/GS/L1/ablation/ckpt_arm1_pretrained_p3/best_model
  -> best (val_mse=3.5003e-01)
  ep3 step0/237 total=2.829e-01 mse=2.446e-01 latent=3.212e-01 pde=2.273e-03 tpde=2.484e-03 ss=0.05
  ep3 step50/237 total=2.528e-01 mse=2.003e-01 latent=3.052e-01 pde=2.121e-03 tpde=2.140e-03 ss=0.05
  ep3 step100/237 total=2.333e-01 mse=1.876e-01 latent=2.790e-01 pde=2.759e-03 tpde=2.313e-03 ss=0.05
  ep3 step150/237 total=3.469e-01 mse=3.041e-01 latent=3.897e-01 pde=1.612e-03 tpde=1.926e-03 ss=0.05
  ep3 step200/237 total=2.333e-01 mse=1.785e-01 latent=2.880e-01 pde=1.929e-03 tpde=1.872e-03 ss=0.05
Epoch 3/60 | train total=2.7312e-01 mse=2.2778e-01 tpde=2.3122e-03 nt=0.0000e+00 | val_mse=3.4212e-01 | lr_p=3.00e-05 lr_l=1.00e-05 | 181s
GSPDEModel saved to /home/zfc5231/work/BBBB_qwen_pde_branch/paper/GS/L1/ablation/ckpt_arm1_pretrained_p3/best_model
  -> best (val_mse=3.4212e-01)
  ep4 step0/237 total=2.840e-01 mse=2.103e-01 latent=3.576e-01 pde=1.689e-03 tpde=2.130e-03 ss=0.07
  ep4 step50/237 total=2.235e-01 mse=1.622e-01 latent=2.848e-01 pde=1.736e-03 tpde=2.077e-03 ss=0.07
  ep4 step100/237 total=2.160e-01 mse=1.609e-01 latent=2.711e-01 pde=1.915e-03 tpde=2.919e-03 ss=0.07
  ep4 step150/237 total=2.655e-01 mse=2.282e-01 latent=3.028e-01 pde=2.342e-03 tpde=2.096e-03 ss=0.07
  ep4 step200/237 total=2.044e-01 mse=1.454e-01 latent=2.632e-01 pde=2.179e-03 tpde=2.464e-03 ss=0.07
Epoch 4/60 | train total=2.6444e-01 mse=2.2097e-01 tpde=2.4177e-03 nt=0.0000e+00 | val_mse=3.3168e-01 | lr_p=3.00e-05 lr_l=1.00e-05 | 180s
GSPDEModel saved to /home/zfc5231/work/BBBB_qwen_pde_branch/paper/GS/L1/ablation/ckpt_arm1_pretrained_p3/best_model
  -> best (val_mse=3.3168e-01)
  ep5 step0/237 total=3.266e-01 mse=2.872e-01 latent=3.659e-01 pde=1.929e-03 tpde=2.401e-03 ss=0.08
  ep5 step50/237 total=2.866e-01 mse=2.364e-01 latent=3.368e-01 pde=2.094e-03 tpde=2.722e-03 ss=0.08
  ep5 step100/237 total=2.749e-01 mse=2.410e-01 latent=3.088e-01 pde=1.907e-03 tpde=2.439e-03 ss=0.08
  ep5 step150/237 total=2.625e-01 mse=2.236e-01 latent=3.014e-01 pde=1.893e-03 tpde=2.095e-03 ss=0.08
  ep5 step200/237 total=1.953e-01 mse=1.430e-01 latent=2.476e-01 pde=1.818e-03 tpde=2.221e-03 ss=0.08
Epoch 5/60 | train total=2.5300e-01 mse=2.1019e-01 tpde=2.4813e-03 nt=0.0000e+00 | val_mse=3.3021e-01 | lr_p=3.00e-05 lr_l=1.00e-05 | 181s
GSPDEModel saved to /home/zfc5231/work/BBBB_qwen_pde_branch/paper/GS/L1/ablation/ckpt_arm1_pretrained_p3/best_model
  -> best (val_mse=3.3021e-01)
  ep6 step0/237 total=3.443e-01 mse=2.961e-01 latent=3.923e-01 pde=1.785e-03 tpde=2.500e-03 ss=0.10
  ep6 step50/237 total=2.608e-01 mse=1.985e-01 latent=3.230e-01 pde=1.777e-03 tpde=2.117e-03 ss=0.10
  ep6 step100/237 total=2.241e-01 mse=1.697e-01 latent=2.783e-01 pde=1.945e-03 tpde=2.019e-03 ss=0.10
  ep6 step150/237 total=2.232e-01 mse=1.544e-01 latent=2.919e-01 pde=1.619e-03 tpde=2.509e-03 ss=0.10
  ep6 step200/237 total=2.693e-01 mse=1.981e-01 latent=3.405e-01 pde=1.958e-03 tpde=2.308e-03 ss=0.10
Epoch 6/60 | train total=2.4778e-01 mse=2.0744e-01 tpde=2.5089e-03 nt=0.0000e+00 | val_mse=3.2513e-01 | lr_p=3.00e-05 lr_l=1.00e-05 | 180s
GSPDEModel saved to /home/zfc5231/work/BBBB_qwen_pde_branch/paper/GS/L1/ablation/ckpt_arm1_pretrained_p3/best_model
  -> best (val_mse=3.2513e-01)
  ep7 step0/237 total=2.077e-01 mse=1.860e-01 latent=2.292e-01 pde=1.878e-03 tpde=2.182e-03 ss=0.12
  ep7 step50/237 total=2.347e-01 mse=1.788e-01 latent=2.905e-01 pde=1.816e-03 tpde=5.301e-03 ss=0.12
  ep7 step100/237 total=2.711e-01 mse=2.595e-01 latent=2.826e-01 pde=2.125e-03 tpde=4.748e-03 ss=0.12
  ep7 step150/237 total=2.452e-01 mse=2.081e-01 latent=2.822e-01 pde=3.121e-03 tpde=3.293e-03 ss=0.12
  ep7 step200/237 total=3.426e-01 mse=3.106e-01 latent=3.745e-01 pde=1.680e-03 tpde=2.713e-03 ss=0.12
Epoch 7/60 | train total=2.4284e-01 mse=2.0150e-01 tpde=2.6144e-03 nt=0.0000e+00 | val_mse=3.2567e-01 | lr_p=3.00e-05 lr_l=1.00e-05 | 181s
  ep8 step0/237 total=1.922e-01 mse=1.433e-01 latent=2.410e-01 pde=1.640e-03 tpde=2.115e-03 ss=0.13
  ep8 step50/237 total=2.326e-01 mse=2.037e-01 latent=2.614e-01 pde=3.592e-03 tpde=3.223e-03 ss=0.13
  ep8 step100/237 total=2.137e-01 mse=1.817e-01 latent=2.455e-01 pde=1.751e-03 tpde=2.470e-03 ss=0.13
  ep8 step150/237 total=2.113e-01 mse=1.650e-01 latent=2.575e-01 pde=1.883e-03 tpde=2.231e-03 ss=0.13
  ep8 step200/237 total=2.409e-01 mse=1.978e-01 latent=2.840e-01 pde=1.805e-03 tpde=2.689e-03 ss=0.13
Epoch 8/60 | train total=2.3870e-01 mse=1.9831e-01 tpde=2.6818e-03 nt=0.0000e+00 | val_mse=3.1958e-01 | lr_p=3.00e-05 lr_l=1.00e-05 | 181s
GSPDEModel saved to /home/zfc5231/work/BBBB_qwen_pde_branch/paper/GS/L1/ablation/ckpt_arm1_pretrained_p3/best_model
  -> best (val_mse=3.1958e-01)
  ep9 step0/237 total=3.094e-01 mse=2.789e-01 latent=3.397e-01 pde=2.006e-03 tpde=3.086e-03 ss=0.15
  ep9 step50/237 total=2.440e-01 mse=2.030e-01 latent=2.848e-01 pde=2.907e-03 tpde=2.629e-03 ss=0.15
  ep9 step100/237 total=2.088e-01 mse=1.714e-01 latent=2.459e-01 pde=1.998e-03 tpde=3.048e-03 ss=0.15
  ep9 step150/237 total=1.660e-01 mse=1.139e-01 latent=2.180e-01 pde=2.417e-03 tpde=2.717e-03 ss=0.15
  ep9 step200/237 total=2.143e-01 mse=1.734e-01 latent=2.552e-01 pde=1.777e-03 tpde=2.382e-03 ss=0.15
Epoch 9/60 | train total=2.3978e-01 mse=2.0081e-01 tpde=2.6899e-03 nt=0.0000e+00 | val_mse=3.1354e-01 | lr_p=3.00e-05 lr_l=1.00e-05 | 181s
GSPDEModel saved to /home/zfc5231/work/BBBB_qwen_pde_branch/paper/GS/L1/ablation/ckpt_arm1_pretrained_p3/best_model
  -> best (val_mse=3.1354e-01)
  ep10 step0/237 total=3.370e-01 mse=2.981e-01 latent=3.758e-01 pde=1.710e-03 tpde=2.551e-03 ss=0.17
  ep10 step50/237 total=1.986e-01 mse=1.614e-01 latent=2.357e-01 pde=1.573e-03 tpde=2.222e-03 ss=0.17
  ep10 step100/237 total=2.011e-01 mse=1.868e-01 latent=2.152e-01 pde=1.731e-03 tpde=2.237e-03 ss=0.17
  ep10 step150/237 total=2.137e-01 mse=1.697e-01 latent=2.576e-01 pde=1.816e-03 tpde=2.446e-03 ss=0.17
  ep10 step200/237 total=2.515e-01 mse=1.941e-01 latent=3.088e-01 pde=1.656e-03 tpde=2.015e-03 ss=0.17
Epoch 10/60 | train total=2.3372e-01 mse=1.9445e-01 tpde=2.6250e-03 nt=0.0000e+00 | val_mse=3.2045e-01 | lr_p=3.00e-05 lr_l=1.00e-05 | 180s
GSPDEModel saved to /home/zfc5231/work/BBBB_qwen_pde_branch/paper/GS/L1/ablation/ckpt_arm1_pretrained_p3/epoch_10
  ep11 step0/237 total=2.415e-01 mse=2.043e-01 latent=2.784e-01 pde=2.323e-03 tpde=2.480e-03 ss=0.18
  ep11 step50/237 total=1.956e-01 mse=1.395e-01 latent=2.517e-01 pde=1.863e-03 tpde=2.235e-03 ss=0.18
  ep11 step100/237 total=2.055e-01 mse=1.519e-01 latent=2.590e-01 pde=1.576e-03 tpde=2.028e-03 ss=0.18
  ep11 step150/237 total=2.628e-01 mse=2.138e-01 latent=3.115e-01 pde=1.892e-03 tpde=8.212e-03 ss=0.18
  ep11 step200/237 total=1.980e-01 mse=1.560e-01 latent=2.398e-01 pde=1.619e-03 tpde=1.909e-03 ss=0.18
Epoch 11/60 | train total=2.3437e-01 mse=1.9484e-01 tpde=2.7136e-03 nt=0.0000e+00 | val_mse=3.1664e-01 | lr_p=3.00e-05 lr_l=1.00e-05 | 181s
  ep12 step0/237 total=2.145e-01 mse=1.902e-01 latent=2.387e-01 pde=2.560e-03 tpde=2.876e-03 ss=0.20
  ep12 step50/237 total=2.519e-01 mse=1.996e-01 latent=3.040e-01 pde=1.723e-03 tpde=3.486e-03 ss=0.20
  ep12 step100/237 total=2.731e-01 mse=2.119e-01 latent=3.342e-01 pde=2.051e-03 tpde=2.557e-03 ss=0.20
  ep12 step150/237 total=2.648e-01 mse=2.128e-01 latent=3.167e-01 pde=1.646e-03 tpde=1.985e-03 ss=0.20
  ep12 step200/237 total=2.188e-01 mse=1.838e-01 latent=2.537e-01 pde=1.931e-03 tpde=2.112e-03 ss=0.20
Epoch 12/60 | train total=2.3360e-01 mse=1.9565e-01 tpde=2.7820e-03 nt=0.0000e+00 | val_mse=3.2035e-01 | lr_p=3.00e-05 lr_l=1.00e-05 | 181s
  ep13 step0/237 total=2.145e-01 mse=1.710e-01 latent=2.580e-01 pde=1.575e-03 tpde=2.117e-03 ss=0.22
  ep13 step50/237 total=2.790e-01 mse=2.330e-01 latent=3.249e-01 pde=1.795e-03 tpde=2.350e-03 ss=0.22
  ep13 step100/237 total=2.070e-01 mse=1.758e-01 latent=2.380e-01 pde=2.162e-03 tpde=5.355e-03 ss=0.22
  ep13 step150/237 total=1.363e-01 mse=1.160e-01 latent=1.564e-01 pde=2.321e-03 tpde=2.238e-03 ss=0.22
  ep13 step200/237 total=2.599e-01 mse=2.036e-01 latent=3.162e-01 pde=2.092e-03 tpde=2.805e-03 ss=0.22
Epoch 13/60 | train total=2.3199e-01 mse=1.9360e-01 tpde=2.7422e-03 nt=0.0000e+00 | val_mse=3.1742e-01 | lr_p=3.00e-05 lr_l=1.00e-05 | 181s
  ep14 step0/237 total=2.453e-01 mse=2.089e-01 latent=2.816e-01 pde=1.900e-03 tpde=4.218e-03 ss=0.23
  ep14 step50/237 total=2.230e-01 mse=1.736e-01 latent=2.721e-01 pde=1.718e-03 tpde=2.270e-03 ss=0.23
  ep14 step100/237 total=1.748e-01 mse=1.350e-01 latent=2.145e-01 pde=1.572e-03 tpde=2.243e-03 ss=0.23
  ep14 step150/237 total=2.239e-01 mse=1.588e-01 latent=2.888e-01 pde=2.494e-03 tpde=2.765e-03 ss=0.23
  ep14 step200/237 total=2.360e-01 mse=1.741e-01 latent=2.978e-01 pde=1.751e-03 tpde=2.715e-03 ss=0.23
Epoch 14/60 | train total=2.2878e-01 mse=1.9065e-01 tpde=2.7601e-03 nt=0.0000e+00 | val_mse=3.2100e-01 | lr_p=3.00e-05 lr_l=1.00e-05 | 181s
  ep15 step0/237 total=2.683e-01 mse=2.559e-01 latent=2.806e-01 pde=1.830e-03 tpde=2.302e-03 ss=0.25
  ep15 step50/237 total=1.774e-01 mse=1.271e-01 latent=2.276e-01 pde=1.783e-03 tpde=2.700e-03 ss=0.25
  ep15 step100/237 total=1.807e-01 mse=1.442e-01 latent=2.170e-01 pde=1.715e-03 tpde=3.069e-03 ss=0.25
  ep15 step150/237 total=1.947e-01 mse=1.609e-01 latent=2.283e-01 pde=1.722e-03 tpde=2.580e-03 ss=0.25
  ep15 step200/237 total=2.014e-01 mse=1.563e-01 latent=2.463e-01 pde=1.674e-03 tpde=3.913e-03 ss=0.25
Epoch 15/60 | train total=2.3114e-01 mse=1.9409e-01 tpde=2.7198e-03 nt=0.0000e+00 | val_mse=3.1785e-01 | lr_p=3.00e-05 lr_l=1.00e-05 | 181s
  ep16 step0/237 total=2.170e-01 mse=1.838e-01 latent=2.500e-01 pde=1.855e-03 tpde=2.381e-03 ss=0.25
  ep16 step50/237 total=2.141e-01 mse=1.988e-01 latent=2.292e-01 pde=1.668e-03 tpde=7.043e-03 ss=0.25
  ep16 step100/237 total=2.201e-01 mse=1.772e-01 latent=2.628e-01 pde=1.760e-03 tpde=2.132e-03 ss=0.25
  ep16 step150/237 total=2.536e-01 mse=2.223e-01 latent=2.847e-01 pde=1.658e-03 tpde=2.419e-03 ss=0.25
  ep16 step200/237 total=1.996e-01 mse=1.555e-01 latent=2.435e-01 pde=1.930e-03 tpde=2.306e-03 ss=0.25
Epoch 16/60 | train total=2.2713e-01 mse=1.8983e-01 tpde=2.6976e-03 nt=0.0000e+00 | val_mse=3.2597e-01 | lr_p=3.00e-05 lr_l=1.00e-05 | 182s
  ep17 step0/237 total=2.146e-01 mse=1.854e-01 latent=2.438e-01 pde=2.617e-03 tpde=2.070e-03 ss=0.25
  ep17 step50/237 total=2.402e-01 mse=1.957e-01 latent=2.846e-01 pde=1.698e-03 tpde=2.099e-03 ss=0.25
  ep17 step100/237 total=2.331e-01 mse=1.827e-01 latent=2.833e-01 pde=1.972e-03 tpde=2.488e-03 ss=0.25
  ep17 step150/237 total=1.439e-01 mse=1.112e-01 latent=1.765e-01 pde=1.769e-03 tpde=2.869e-03 ss=0.25
  ep17 step200/237 total=2.257e-01 mse=1.857e-01 latent=2.655e-01 pde=2.143e-03 tpde=2.298e-03 ss=0.25
Epoch 17/60 | train total=2.2417e-01 mse=1.8635e-01 tpde=2.7806e-03 nt=0.0000e+00 | val_mse=3.1969e-01 | lr_p=3.00e-05 lr_l=1.00e-05 | 181s
  ep18 step0/237 total=2.118e-01 mse=1.619e-01 latent=2.615e-01 pde=2.509e-03 tpde=3.526e-03 ss=0.25
  ep18 step50/237 total=2.428e-01 mse=2.206e-01 latent=2.649e-01 pde=1.668e-03 tpde=2.863e-03 ss=0.25
  ep18 step100/237 total=2.059e-01 mse=1.680e-01 latent=2.436e-01 pde=1.765e-03 tpde=2.533e-03 ss=0.25
  ep18 step150/237 total=2.322e-01 mse=1.788e-01 latent=2.854e-01 pde=1.709e-03 tpde=2.635e-03 ss=0.25
  ep18 step200/237 total=1.938e-01 mse=1.599e-01 latent=2.276e-01 pde=1.873e-03 tpde=2.560e-03 ss=0.25
Epoch 18/60 | train total=2.1904e-01 mse=1.8063e-01 tpde=2.7275e-03 nt=0.0000e+00 | val_mse=3.2427e-01 | lr_p=3.00e-05 lr_l=1.00e-05 | 182s
  ep19 step0/237 total=2.179e-01 mse=1.604e-01 latent=2.752e-01 pde=2.136e-03 tpde=2.687e-03 ss=0.25
  ep19 step50/237 total=2.378e-01 mse=2.092e-01 latent=2.664e-01 pde=2.154e-03 tpde=2.617e-03 ss=0.25
  ep19 step100/237 total=2.321e-01 mse=1.999e-01 latent=2.643e-01 pde=1.734e-03 tpde=2.633e-03 ss=0.25
  ep19 step150/237 total=2.166e-01 mse=1.579e-01 latent=2.752e-01 pde=1.793e-03 tpde=2.729e-03 ss=0.25
  ep19 step200/237 total=2.382e-01 mse=1.959e-01 latent=2.804e-01 pde=2.162e-03 tpde=2.766e-03 ss=0.25
Epoch 19/60 | train total=2.1879e-01 mse=1.7957e-01 tpde=2.8057e-03 nt=0.0000e+00 | val_mse=3.1920e-01 | lr_p=3.00e-05 lr_l=1.00e-05 | 182s
  ep20 step0/237 total=2.953e-01 mse=2.850e-01 latent=3.055e-01 pde=1.902e-03 tpde=2.732e-03 ss=0.25
  ep20 step50/237 total=2.392e-01 mse=1.826e-01 latent=2.956e-01 pde=1.716e-03 tpde=2.683e-03 ss=0.25
  ep20 step100/237 total=1.691e-01 mse=1.322e-01 latent=2.058e-01 pde=2.253e-03 tpde=2.772e-03 ss=0.25
  ep20 step150/237 total=2.016e-01 mse=1.766e-01 latent=2.265e-01 pde=1.656e-03 tpde=2.201e-03 ss=0.25
  ep20 step200/237 total=2.403e-01 mse=1.726e-01 latent=3.080e-01 pde=1.718e-03 tpde=3.142e-03 ss=0.25
Epoch 20/60 | train total=2.1441e-01 mse=1.7513e-01 tpde=2.7555e-03 nt=0.0000e+00 | val_mse=3.2770e-01 | lr_p=3.00e-05 lr_l=1.00e-05 | 182s
GSPDEModel saved to /home/zfc5231/work/BBBB_qwen_pde_branch/paper/GS/L1/ablation/ckpt_arm1_pretrained_p3/epoch_20
  ep21 step0/237 total=1.365e-01 mse=1.107e-01 latent=1.621e-01 pde=1.768e-03 tpde=2.780e-03 ss=0.25
  ep21 step50/237 total=2.860e-01 mse=2.374e-01 latent=3.345e-01 pde=1.607e-03 tpde=2.095e-03 ss=0.25
  ep21 step100/237 total=2.230e-01 mse=1.668e-01 latent=2.791e-01 pde=1.653e-03 tpde=2.242e-03 ss=0.25
  ep21 step150/237 total=2.146e-01 mse=1.251e-01 latent=3.039e-01 pde=1.596e-03 tpde=2.642e-03 ss=0.25
  ep21 step200/237 total=1.811e-01 mse=1.293e-01 latent=2.329e-01 pde=1.574e-03 tpde=2.786e-03 ss=0.25
Epoch 21/60 | train total=2.1183e-01 mse=1.7255e-01 tpde=2.7751e-03 nt=0.0000e+00 | val_mse=3.2051e-01 | lr_p=3.00e-05 lr_l=1.00e-05 | 181s
  ep22 step0/237 total=1.589e-01 mse=1.073e-01 latent=2.103e-01 pde=1.577e-03 tpde=2.164e-03 ss=0.25
  ep22 step50/237 total=2.387e-01 mse=1.839e-01 latent=2.934e-01 pde=1.649e-03 tpde=1.972e-03 ss=0.25
  ep22 step100/237 total=2.167e-01 mse=1.610e-01 latent=2.722e-01 pde=1.798e-03 tpde=2.094e-03 ss=0.25
  ep22 step150/237 total=2.363e-01 mse=1.982e-01 latent=2.743e-01 pde=1.886e-03 tpde=2.114e-03 ss=0.25
  ep22 step200/237 total=1.858e-01 mse=1.224e-01 latent=2.492e-01 pde=2.492e-03 tpde=3.343e-03 ss=0.25
Epoch 22/60 | train total=2.0836e-01 mse=1.6785e-01 tpde=2.6977e-03 nt=0.0000e+00 | val_mse=3.1783e-01 | lr_p=3.00e-05 lr_l=1.00e-05 | 181s
  ep23 step0/237 total=2.472e-01 mse=2.181e-01 latent=2.763e-01 pde=1.682e-03 tpde=2.227e-03 ss=0.25
  ep23 step50/237 total=2.128e-01 mse=1.687e-01 latent=2.568e-01 pde=1.686e-03 tpde=2.167e-03 ss=0.25
  ep23 step100/237 total=1.439e-01 mse=1.193e-01 latent=1.683e-01 pde=1.881e-03 tpde=2.210e-03 ss=0.25
  ep23 step150/237 total=1.938e-01 mse=1.571e-01 latent=2.304e-01 pde=1.754e-03 tpde=2.512e-03 ss=0.25
  ep23 step200/237 total=1.742e-01 mse=1.463e-01 latent=2.020e-01 pde=1.740e-03 tpde=2.459e-03 ss=0.25
Epoch 23/60 | train total=2.0905e-01 mse=1.6898e-01 tpde=2.7702e-03 nt=0.0000e+00 | val_mse=3.2583e-01 | lr_p=3.00e-05 lr_l=1.00e-05 | 181s
  ep24 step0/237 total=1.762e-01 mse=1.245e-01 latent=2.278e-01 pde=1.648e-03 tpde=3.066e-03 ss=0.25
  ep24 step50/237 total=1.940e-01 mse=1.577e-01 latent=2.301e-01 pde=1.735e-03 tpde=2.641e-03 ss=0.25
  ep24 step100/237 total=2.994e-01 mse=2.407e-01 latent=3.579e-01 pde=1.712e-03 tpde=4.656e-03 ss=0.25
  ep24 step150/237 total=2.206e-01 mse=1.797e-01 latent=2.613e-01 pde=1.778e-03 tpde=2.028e-03 ss=0.25
  ep24 step200/237 total=1.687e-01 mse=1.072e-01 latent=2.302e-01 pde=1.819e-03 tpde=2.180e-03 ss=0.25
Epoch 24/60 | train total=2.0708e-01 mse=1.6688e-01 tpde=2.7765e-03 nt=0.0000e+00 | val_mse=3.2189e-01 | lr_p=3.00e-05 lr_l=1.00e-05 | 182s
  ep25 step0/237 total=2.057e-01 mse=1.512e-01 latent=2.601e-01 pde=1.589e-03 tpde=2.322e-03 ss=0.25
  ep25 step50/237 total=1.664e-01 mse=1.321e-01 latent=2.005e-01 pde=1.652e-03 tpde=2.064e-03 ss=0.25
  ep25 step100/237 total=2.385e-01 mse=1.975e-01 latent=2.795e-01 pde=1.762e-03 tpde=2.329e-03 ss=0.25
  ep25 step150/237 total=2.071e-01 mse=1.533e-01 latent=2.608e-01 pde=1.773e-03 tpde=2.340e-03 ss=0.25
  ep25 step200/237 total=1.756e-01 mse=1.366e-01 latent=2.145e-01 pde=1.717e-03 tpde=2.942e-03 ss=0.25
Epoch 25/60 | train total=2.0446e-01 mse=1.6404e-01 tpde=2.7298e-03 nt=0.0000e+00 | val_mse=3.1830e-01 | lr_p=3.00e-05 lr_l=1.00e-05 | 182s
  ep26 step0/237 total=1.224e-01 mse=7.344e-02 latent=1.712e-01 pde=1.543e-03 tpde=3.167e-03 ss=0.25
  ep26 step50/237 total=2.565e-01 mse=2.035e-01 latent=3.094e-01 pde=1.750e-03 tpde=2.654e-03 ss=0.25
  ep26 step100/237 total=1.966e-01 mse=1.420e-01 latent=2.509e-01 pde=1.619e-03 tpde=6.753e-03 ss=0.25
  ep26 step150/237 total=2.027e-01 mse=1.595e-01 latent=2.457e-01 pde=2.003e-03 tpde=3.601e-03 ss=0.25
  ep26 step200/237 total=1.490e-01 mse=1.110e-01 latent=1.868e-01 pde=1.613e-03 tpde=2.158e-03 ss=0.25
Epoch 26/60 | train total=2.0029e-01 mse=1.5871e-01 tpde=2.7189e-03 nt=0.0000e+00 | val_mse=3.2174e-01 | lr_p=3.00e-05 lr_l=1.00e-05 | 181s
  ep27 step0/237 total=2.247e-01 mse=1.733e-01 latent=2.760e-01 pde=2.031e-03 tpde=2.284e-03 ss=0.25
  ep27 step50/237 total=2.337e-01 mse=2.016e-01 latent=2.657e-01 pde=2.040e-03 tpde=4.816e-03 ss=0.25
  ep27 step100/237 total=1.579e-01 mse=1.323e-01 latent=1.833e-01 pde=1.816e-03 tpde=2.095e-03 ss=0.25
  ep27 step150/237 total=1.886e-01 mse=1.454e-01 latent=2.316e-01 pde=1.867e-03 tpde=2.880e-03 ss=0.25
  ep27 step200/237 total=2.459e-01 mse=2.073e-01 latent=2.844e-01 pde=1.880e-03 tpde=2.541e-03 ss=0.25
Epoch 27/60 | train total=1.9847e-01 mse=1.5650e-01 tpde=2.8150e-03 nt=0.0000e+00 | val_mse=3.2001e-01 | lr_p=3.00e-05 lr_l=1.00e-05 | 181s
  ep28 step0/237 total=1.169e-01 mse=8.951e-02 latent=1.441e-01 pde=2.047e-03 tpde=2.117e-03 ss=0.25
  ep28 step50/237 total=1.530e-01 mse=9.862e-02 latent=2.072e-01 pde=1.646e-03 tpde=2.266e-03 ss=0.25
  ep28 step100/237 total=1.586e-01 mse=1.241e-01 latent=1.929e-01 pde=1.664e-03 tpde=2.961e-03 ss=0.25
  ep28 step150/237 total=1.970e-01 mse=1.417e-01 latent=2.522e-01 pde=1.825e-03 tpde=2.435e-03 ss=0.25
  ep28 step200/237 total=1.773e-01 mse=1.229e-01 latent=2.316e-01 pde=1.598e-03 tpde=1.822e-03 ss=0.25
Epoch 28/60 | train total=1.9516e-01 mse=1.5314e-01 tpde=2.8243e-03 nt=0.0000e+00 | val_mse=3.1836e-01 | lr_p=3.00e-05 lr_l=1.00e-05 | 182s
  ep29 step0/237 total=2.131e-01 mse=1.654e-01 latent=2.607e-01 pde=1.599e-03 tpde=2.248e-03 ss=0.25
  ep29 step50/237 total=1.577e-01 mse=1.237e-01 latent=1.916e-01 pde=1.672e-03 tpde=4.857e-03 ss=0.25
  ep29 step100/237 total=2.010e-01 mse=1.270e-01 latent=2.749e-01 pde=1.594e-03 tpde=2.234e-03 ss=0.25
  ep29 step150/237 total=2.278e-01 mse=1.748e-01 latent=2.808e-01 pde=1.906e-03 tpde=2.896e-03 ss=0.25
  ep29 step200/237 total=2.225e-01 mse=2.058e-01 latent=2.390e-01 pde=1.603e-03 tpde=3.350e-03 ss=0.25
Epoch 29/60 | train total=1.9845e-01 mse=1.5703e-01 tpde=3.0251e-03 nt=0.0000e+00 | val_mse=3.1922e-01 | lr_p=3.00e-05 lr_l=1.00e-05 | 182s
  ep30 step0/237 total=1.640e-01 mse=1.115e-01 latent=2.164e-01 pde=1.682e-03 tpde=2.360e-03 ss=0.25
  ep30 step50/237 total=2.450e-01 mse=2.022e-01 latent=2.876e-01 pde=1.948e-03 tpde=3.719e-03 ss=0.25
  ep30 step100/237 total=2.805e-01 mse=2.437e-01 latent=3.173e-01 pde=1.661e-03 tpde=2.504e-03 ss=0.25
  ep30 step150/237 total=1.518e-01 mse=1.246e-01 latent=1.788e-01 pde=1.699e-03 tpde=2.700e-03 ss=0.25
  ep30 step200/237 total=1.597e-01 mse=1.232e-01 latent=1.962e-01 pde=2.241e-03 tpde=2.727e-03 ss=0.25
Epoch 30/60 | train total=1.9239e-01 mse=1.5004e-01 tpde=2.8901e-03 nt=0.0000e+00 | val_mse=3.1382e-01 | lr_p=3.00e-05 lr_l=1.00e-05 | 181s
GSPDEModel saved to /home/zfc5231/work/BBBB_qwen_pde_branch/paper/GS/L1/ablation/ckpt_arm1_pretrained_p3/epoch_30
  ep31 step0/237 total=1.995e-01 mse=1.534e-01 latent=2.455e-01 pde=1.675e-03 tpde=3.117e-03 ss=0.25
  ep31 step50/237 total=1.697e-01 mse=1.252e-01 latent=2.141e-01 pde=1.586e-03 tpde=2.564e-03 ss=0.25
  ep31 step100/237 total=2.133e-01 mse=1.714e-01 latent=2.550e-01 pde=1.598e-03 tpde=7.434e-03 ss=0.25
  ep31 step150/237 total=1.458e-01 mse=1.135e-01 latent=1.780e-01 pde=1.766e-03 tpde=3.032e-03 ss=0.25
  ep31 step200/237 total=1.675e-01 mse=1.018e-01 latent=2.330e-01 pde=1.724e-03 tpde=2.925e-03 ss=0.25
Epoch 31/60 | train total=1.9368e-01 mse=1.5256e-01 tpde=2.8137e-03 nt=0.0000e+00 | val_mse=3.1842e-01 | lr_p=3.00e-05 lr_l=1.00e-05 | 181s
  ep32 step0/237 total=1.918e-01 mse=1.560e-01 latent=2.276e-01 pde=1.680e-03 tpde=2.831e-03 ss=0.25
  ep32 step50/237 total=2.812e-01 mse=2.346e-01 latent=3.277e-01 pde=1.820e-03 tpde=2.935e-03 ss=0.25
  ep32 step100/237 total=2.175e-01 mse=1.700e-01 latent=2.648e-01 pde=1.702e-03 tpde=2.313e-03 ss=0.25
  ep32 step150/237 total=1.675e-01 mse=1.327e-01 latent=2.021e-01 pde=1.793e-03 tpde=2.467e-03 ss=0.25
  ep32 step200/237 total=1.546e-01 mse=1.419e-01 latent=1.672e-01 pde=1.623e-03 tpde=2.283e-03 ss=0.25
Epoch 32/60 | train total=1.9227e-01 mse=1.5006e-01 tpde=2.7669e-03 nt=0.0000e+00 | val_mse=3.2610e-01 | lr_p=3.00e-05 lr_l=1.00e-05 | 182s
  ep33 step0/237 total=1.489e-01 mse=1.055e-01 latent=1.921e-01 pde=1.565e-03 tpde=2.054e-03 ss=0.25
  ep33 step50/237 total=2.196e-01 mse=1.561e-01 latent=2.830e-01 pde=1.569e-03 tpde=2.709e-03 ss=0.25
  ep33 step100/237 total=1.755e-01 mse=1.447e-01 latent=2.061e-01 pde=1.732e-03 tpde=2.608e-03 ss=0.25
  ep33 step150/237 total=2.152e-01 mse=1.812e-01 latent=2.491e-01 pde=1.679e-03 tpde=2.096e-03 ss=0.25
  ep33 step200/237 total=1.991e-01 mse=1.544e-01 latent=2.437e-01 pde=1.680e-03 tpde=2.649e-03 ss=0.25
Epoch 33/60 | train total=1.8998e-01 mse=1.4892e-01 tpde=2.8559e-03 nt=0.0000e+00 | val_mse=3.2726e-01 | lr_p=3.00e-05 lr_l=1.00e-05 | 181s
  ep34 step0/237 total=2.200e-01 mse=1.562e-01 latent=2.838e-01 pde=1.789e-03 tpde=2.573e-03 ss=0.25
  ep34 step50/237 total=1.955e-01 mse=1.462e-01 latent=2.447e-01 pde=1.635e-03 tpde=2.431e-03 ss=0.25
  ep34 step100/237 total=1.746e-01 mse=1.194e-01 latent=2.296e-01 pde=2.108e-03 tpde=2.430e-03 ss=0.25
  ep34 step150/237 total=1.181e-01 mse=8.367e-02 latent=1.525e-01 pde=2.142e-03 tpde=2.604e-03 ss=0.25
  ep34 step200/237 total=1.886e-01 mse=1.495e-01 latent=2.277e-01 pde=1.779e-03 tpde=1.945e-03 ss=0.25
Epoch 34/60 | train total=1.8571e-01 mse=1.4326e-01 tpde=2.9371e-03 nt=0.0000e+00 | val_mse=3.2676e-01 | lr_p=3.00e-05 lr_l=1.00e-05 | 182s
  ep35 step0/237 total=1.746e-01 mse=1.356e-01 latent=2.136e-01 pde=1.670e-03 tpde=2.567e-03 ss=0.25
  ep35 step50/237 total=1.830e-01 mse=1.414e-01 latent=2.246e-01 pde=1.682e-03 tpde=2.261e-03 ss=0.25
  ep35 step100/237 total=1.853e-01 mse=1.119e-01 latent=2.585e-01 pde=1.709e-03 tpde=2.165e-03 ss=0.25
  ep35 step150/237 total=1.464e-01 mse=1.095e-01 latent=1.832e-01 pde=1.564e-03 tpde=2.633e-03 ss=0.25
  ep35 step200/237 total=1.410e-01 mse=9.409e-02 latent=1.878e-01 pde=1.875e-03 tpde=2.226e-03 ss=0.25
Epoch 35/60 | train total=1.8532e-01 mse=1.4271e-01 tpde=2.9270e-03 nt=0.0000e+00 | val_mse=3.2200e-01 | lr_p=1.50e-05 lr_l=5.00e-06 | 181s
  ep36 step0/237 total=1.715e-01 mse=1.008e-01 latent=2.420e-01 pde=1.813e-03 tpde=2.845e-03 ss=0.25
  ep36 step50/237 total=2.334e-01 mse=1.650e-01 latent=3.017e-01 pde=1.576e-03 tpde=4.875e-03 ss=0.25
  ep36 step100/237 total=2.113e-01 mse=1.581e-01 latent=2.642e-01 pde=1.717e-03 tpde=7.599e-03 ss=0.25
  ep36 step150/237 total=1.642e-01 mse=1.290e-01 latent=1.992e-01 pde=1.694e-03 tpde=2.331e-03 ss=0.25
  ep36 step200/237 total=1.815e-01 mse=1.324e-01 latent=2.305e-01 pde=1.712e-03 tpde=2.354e-03 ss=0.25
Epoch 36/60 | train total=1.8116e-01 mse=1.3733e-01 tpde=2.8371e-03 nt=0.0000e+00 | val_mse=3.1875e-01 | lr_p=1.50e-05 lr_l=5.00e-06 | 181s
  ep37 step0/237 total=2.053e-01 mse=1.437e-01 latent=2.669e-01 pde=1.701e-03 tpde=2.609e-03 ss=0.25
  ep37 step50/237 total=2.277e-01 mse=1.852e-01 latent=2.701e-01 pde=1.718e-03 tpde=3.063e-03 ss=0.25
  ep37 step100/237 total=2.094e-01 mse=1.640e-01 latent=2.547e-01 pde=1.687e-03 tpde=2.290e-03 ss=0.25
  ep37 step150/237 total=2.358e-01 mse=1.727e-01 latent=2.988e-01 pde=1.618e-03 tpde=2.808e-03 ss=0.25
  ep37 step200/237 total=1.771e-01 mse=1.612e-01 latent=1.929e-01 pde=1.938e-03 tpde=3.451e-03 ss=0.25
Epoch 37/60 | train total=1.7817e-01 mse=1.3458e-01 tpde=2.8017e-03 nt=0.0000e+00 | val_mse=3.1589e-01 | lr_p=1.50e-05 lr_l=5.00e-06 | 180s
  ep38 step0/237 total=7.391e-02 mse=3.745e-02 latent=1.103e-01 pde=1.740e-03 tpde=2.085e-03 ss=0.25
  ep38 step50/237 total=1.702e-01 mse=1.287e-01 latent=2.116e-01 pde=1.591e-03 tpde=3.485e-03 ss=0.25
  ep38 step100/237 total=1.874e-01 mse=1.415e-01 latent=2.331e-01 pde=1.687e-03 tpde=2.968e-03 ss=0.25
  ep38 step150/237 total=1.463e-01 mse=1.239e-01 latent=1.685e-01 pde=2.268e-03 tpde=2.581e-03 ss=0.25
  ep38 step200/237 total=8.083e-02 mse=4.435e-02 latent=1.172e-01 pde=1.559e-03 tpde=2.082e-03 ss=0.25
Epoch 38/60 | train total=1.7788e-01 mse=1.3411e-01 tpde=2.9734e-03 nt=0.0000e+00 | val_mse=3.2187e-01 | lr_p=1.50e-05 lr_l=5.00e-06 | 181s
  ep39 step0/237 total=1.522e-01 mse=1.019e-01 latent=2.025e-01 pde=1.685e-03 tpde=3.152e-03 ss=0.25
  ep39 step50/237 total=1.706e-01 mse=1.127e-01 latent=2.283e-01 pde=1.771e-03 tpde=2.395e-03 ss=0.25
  ep39 step100/237 total=1.732e-01 mse=1.192e-01 latent=2.270e-01 pde=1.751e-03 tpde=2.956e-03 ss=0.25
  ep39 step150/237 total=1.625e-01 mse=1.027e-01 latent=2.221e-01 pde=1.631e-03 tpde=3.449e-03 ss=0.25
  ep39 step200/237 total=1.829e-01 mse=1.215e-01 latent=2.441e-01 pde=1.632e-03 tpde=3.000e-03 ss=0.25
Epoch 39/60 | train total=1.7881e-01 mse=1.3483e-01 tpde=2.8488e-03 nt=0.0000e+00 | val_mse=3.2071e-01 | lr_p=1.50e-05 lr_l=5.00e-06 | 182s
  ep40 step0/237 total=1.894e-01 mse=1.343e-01 latent=2.443e-01 pde=1.830e-03 tpde=2.406e-03 ss=0.25
  ep40 step50/237 total=1.877e-01 mse=1.715e-01 latent=2.037e-01 pde=3.864e-03 tpde=2.156e-03 ss=0.25
  ep40 step100/237 total=1.608e-01 mse=1.148e-01 latent=2.068e-01 pde=1.742e-03 tpde=3.700e-03 ss=0.25
  ep40 step150/237 total=1.995e-01 mse=1.541e-01 latent=2.447e-01 pde=1.695e-03 tpde=3.102e-03 ss=0.25
  ep40 step200/237 total=1.139e-01 mse=6.918e-02 latent=1.585e-01 pde=1.907e-03 tpde=2.148e-03 ss=0.25
Epoch 40/60 | train total=1.7658e-01 mse=1.3187e-01 tpde=2.8894e-03 nt=0.0000e+00 | val_mse=3.1987e-01 | lr_p=1.50e-05 lr_l=5.00e-06 | 181s
GSPDEModel saved to /home/zfc5231/work/BBBB_qwen_pde_branch/paper/GS/L1/ablation/ckpt_arm1_pretrained_p3/epoch_40
  ep41 step0/237 total=1.867e-01 mse=1.375e-01 latent=2.358e-01 pde=1.731e-03 tpde=2.305e-03 ss=0.25
  ep41 step50/237 total=1.679e-01 mse=1.085e-01 latent=2.272e-01 pde=1.545e-03 tpde=2.218e-03 ss=0.25
  ep41 step100/237 total=1.068e-01 mse=6.893e-02 latent=1.445e-01 pde=1.674e-03 tpde=2.898e-03 ss=0.25
  ep41 step150/237 total=2.077e-01 mse=1.624e-01 latent=2.530e-01 pde=1.788e-03 tpde=3.240e-03 ss=0.25
  ep41 step200/237 total=1.905e-01 mse=1.469e-01 latent=2.339e-01 pde=1.620e-03 tpde=2.370e-03 ss=0.25
Epoch 41/60 | train total=1.7418e-01 mse=1.2869e-01 tpde=2.9128e-03 nt=0.0000e+00 | val_mse=3.2309e-01 | lr_p=1.50e-05 lr_l=5.00e-06 | 181s
  ep42 step0/237 total=1.549e-01 mse=1.234e-01 latent=1.863e-01 pde=1.587e-03 tpde=2.617e-03 ss=0.25
  ep42 step50/237 total=1.758e-01 mse=1.290e-01 latent=2.224e-01 pde=1.983e-03 tpde=2.820e-03 ss=0.25
  ep42 step100/237 total=1.677e-01 mse=1.129e-01 latent=2.222e-01 pde=1.739e-03 tpde=5.966e-03 ss=0.25
  ep42 step150/237 total=1.364e-01 mse=9.314e-02 latent=1.796e-01 pde=1.728e-03 tpde=5.316e-03 ss=0.25
  ep42 step200/237 total=1.742e-01 mse=1.296e-01 latent=2.187e-01 pde=1.626e-03 tpde=2.035e-03 ss=0.25
Epoch 42/60 | train total=1.7289e-01 mse=1.2753e-01 tpde=2.9740e-03 nt=0.0000e+00 | val_mse=3.2049e-01 | lr_p=1.50e-05 lr_l=5.00e-06 | 181s
  ep43 step0/237 total=2.371e-01 mse=2.232e-01 latent=2.509e-01 pde=1.789e-03 tpde=2.391e-03 ss=0.25
  ep43 step50/237 total=1.338e-01 mse=9.870e-02 latent=1.687e-01 pde=1.722e-03 tpde=2.565e-03 ss=0.25
  ep43 step100/237 total=2.321e-01 mse=1.521e-01 latent=3.120e-01 pde=1.660e-03 tpde=2.418e-03 ss=0.25
  ep43 step150/237 total=1.301e-01 mse=1.066e-01 latent=1.535e-01 pde=2.159e-03 tpde=2.555e-03 ss=0.25
  ep43 step200/237 total=2.363e-01 mse=1.827e-01 latent=2.896e-01 pde=1.630e-03 tpde=4.231e-03 ss=0.25
Epoch 43/60 | train total=1.7222e-01 mse=1.2740e-01 tpde=2.7784e-03 nt=0.0000e+00 | val_mse=3.2104e-01 | lr_p=1.50e-05 lr_l=5.00e-06 | 181s
  ep44 step0/237 total=1.593e-01 mse=1.088e-01 latent=2.097e-01 pde=1.734e-03 tpde=2.283e-03 ss=0.25
  ep44 step50/237 total=1.834e-01 mse=1.128e-01 latent=2.538e-01 pde=1.688e-03 tpde=4.586e-03 ss=0.25
  ep44 step100/237 total=1.670e-01 mse=1.253e-01 latent=2.086e-01 pde=1.749e-03 tpde=2.546e-03 ss=0.25
  ep44 step150/237 total=1.519e-01 mse=9.554e-02 latent=2.081e-01 pde=1.597e-03 tpde=2.687e-03 ss=0.25
  ep44 step200/237 total=1.185e-01 mse=7.733e-02 latent=1.596e-01 pde=1.754e-03 tpde=3.105e-03 ss=0.25
Epoch 44/60 | train total=1.7144e-01 mse=1.2641e-01 tpde=2.7640e-03 nt=0.0000e+00 | val_mse=3.1916e-01 | lr_p=1.50e-05 lr_l=5.00e-06 | 181s
  ep45 step0/237 total=1.353e-01 mse=1.095e-01 latent=1.610e-01 pde=1.682e-03 tpde=2.259e-03 ss=0.25
  ep45 step50/237 total=1.617e-01 mse=9.139e-02 latent=2.319e-01 pde=1.589e-03 tpde=2.115e-03 ss=0.25
  ep45 step100/237 total=1.831e-01 mse=1.168e-01 latent=2.493e-01 pde=1.676e-03 tpde=2.098e-03 ss=0.25
  ep45 step150/237 total=2.227e-01 mse=1.696e-01 latent=2.755e-01 pde=1.744e-03 tpde=7.830e-03 ss=0.25
  ep45 step200/237 total=1.713e-01 mse=1.091e-01 latent=2.334e-01 pde=2.288e-03 tpde=2.172e-03 ss=0.25
Epoch 45/60 | train total=1.7207e-01 mse=1.2726e-01 tpde=2.7978e-03 nt=0.0000e+00 | val_mse=3.2204e-01 | lr_p=1.50e-05 lr_l=5.00e-06 | 181s
  ep46 step0/237 total=1.712e-01 mse=1.081e-01 latent=2.341e-01 pde=1.583e-03 tpde=2.228e-03 ss=0.25
  ep46 step50/237 total=2.032e-01 mse=1.498e-01 latent=2.566e-01 pde=1.973e-03 tpde=2.403e-03 ss=0.25
  ep46 step100/237 total=1.402e-01 mse=1.086e-01 latent=1.716e-01 pde=1.760e-03 tpde=2.927e-03 ss=0.25
  ep46 step150/237 total=1.560e-01 mse=1.153e-01 latent=1.966e-01 pde=1.850e-03 tpde=2.533e-03 ss=0.25
  ep46 step200/237 total=1.102e-01 mse=7.781e-02 latent=1.424e-01 pde=1.583e-03 tpde=2.449e-03 ss=0.25
Epoch 46/60 | train total=1.7059e-01 mse=1.2553e-01 tpde=2.7564e-03 nt=0.0000e+00 | val_mse=3.2820e-01 | lr_p=1.50e-05 lr_l=5.00e-06 | 181s
  ep47 step0/237 total=2.282e-01 mse=1.855e-01 latent=2.707e-01 pde=1.678e-03 tpde=2.933e-03 ss=0.25
  ep47 step50/237 total=2.049e-01 mse=1.517e-01 latent=2.580e-01 pde=1.774e-03 tpde=3.439e-03 ss=0.25
  ep47 step100/237 total=2.116e-01 mse=1.778e-01 latent=2.453e-01 pde=1.730e-03 tpde=2.656e-03 ss=0.25
  ep47 step150/237 total=1.941e-01 mse=1.530e-01 latent=2.351e-01 pde=2.067e-03 tpde=3.803e-03 ss=0.25
  ep47 step200/237 total=1.950e-01 mse=1.560e-01 latent=2.339e-01 pde=2.097e-03 tpde=2.302e-03 ss=0.25
Epoch 47/60 | train total=1.6937e-01 mse=1.2445e-01 tpde=2.7972e-03 nt=0.0000e+00 | val_mse=3.2426e-01 | lr_p=1.50e-05 lr_l=5.00e-06 | 181s
  ep48 step0/237 total=2.720e-01 mse=2.131e-01 latent=3.307e-01 pde=1.761e-03 tpde=4.509e-03 ss=0.25
  ep48 step50/237 total=1.931e-01 mse=1.642e-01 latent=2.219e-01 pde=2.399e-03 tpde=3.330e-03 ss=0.25
  ep48 step100/237 total=1.976e-01 mse=1.395e-01 latent=2.556e-01 pde=1.571e-03 tpde=2.277e-03 ss=0.25
  ep48 step150/237 total=2.018e-01 mse=1.542e-01 latent=2.493e-01 pde=1.626e-03 tpde=2.259e-03 ss=0.25
  ep48 step200/237 total=2.167e-01 mse=1.492e-01 latent=2.840e-01 pde=1.939e-03 tpde=2.671e-03 ss=0.25
Epoch 48/60 | train total=1.6907e-01 mse=1.2306e-01 tpde=2.7557e-03 nt=0.0000e+00 | val_mse=3.2804e-01 | lr_p=1.50e-05 lr_l=5.00e-06 | 181s
  ep49 step0/237 total=1.871e-01 mse=1.463e-01 latent=2.278e-01 pde=1.765e-03 tpde=2.650e-03 ss=0.25
  ep49 step50/237 total=1.910e-01 mse=1.347e-01 latent=2.471e-01 pde=1.671e-03 tpde=4.881e-03 ss=0.25
  ep49 step100/237 total=1.392e-01 mse=8.252e-02 latent=1.957e-01 pde=1.537e-03 tpde=2.140e-03 ss=0.25
  ep49 step150/237 total=1.974e-01 mse=1.455e-01 latent=2.492e-01 pde=1.746e-03 tpde=2.710e-03 ss=0.25
  ep49 step200/237 total=2.275e-01 mse=1.798e-01 latent=2.752e-01 pde=1.732e-03 tpde=2.355e-03 ss=0.25
Epoch 49/60 | train total=1.7081e-01 mse=1.2565e-01 tpde=2.6916e-03 nt=0.0000e+00 | val_mse=3.2693e-01 | lr_p=1.50e-05 lr_l=5.00e-06 | 180s
  ep50 step0/237 total=1.294e-01 mse=7.217e-02 latent=1.865e-01 pde=2.131e-03 tpde=2.980e-03 ss=0.25
  ep50 step50/237 total=1.666e-01 mse=1.194e-01 latent=2.137e-01 pde=1.956e-03 tpde=3.217e-03 ss=0.25
  ep50 step100/237 total=1.405e-01 mse=8.701e-02 latent=1.938e-01 pde=1.580e-03 tpde=1.904e-03 ss=0.25
  ep50 step150/237 total=1.826e-01 mse=1.372e-01 latent=2.279e-01 pde=1.711e-03 tpde=2.909e-03 ss=0.25
  ep50 step200/237 total=1.659e-01 mse=1.223e-01 latent=2.093e-01 pde=1.902e-03 tpde=2.689e-03 ss=0.25
Epoch 50/60 | train total=1.6838e-01 mse=1.2271e-01 tpde=2.7671e-03 nt=0.0000e+00 | val_mse=3.2483e-01 | lr_p=1.50e-05 lr_l=5.00e-06 | 180s
GSPDEModel saved to /home/zfc5231/work/BBBB_qwen_pde_branch/paper/GS/L1/ablation/ckpt_arm1_pretrained_p3/epoch_50
  ep51 step0/237 total=1.876e-01 mse=1.372e-01 latent=2.379e-01 pde=1.617e-03 tpde=2.923e-03 ss=0.25
  ep51 step50/237 total=1.778e-01 mse=1.211e-01 latent=2.344e-01 pde=1.608e-03 tpde=2.920e-03 ss=0.25
  ep51 step100/237 total=2.272e-01 mse=2.004e-01 latent=2.539e-01 pde=1.746e-03 tpde=3.105e-03 ss=0.25
  ep51 step150/237 total=1.611e-01 mse=1.227e-01 latent=1.994e-01 pde=1.792e-03 tpde=2.536e-03 ss=0.25
  ep51 step200/237 total=1.202e-01 mse=7.464e-02 latent=1.656e-01 pde=1.807e-03 tpde=3.180e-03 ss=0.25
Epoch 51/60 | train total=1.6678e-01 mse=1.2130e-01 tpde=2.6564e-03 nt=0.0000e+00 | val_mse=3.2530e-01 | lr_p=1.50e-05 lr_l=5.00e-06 | 180s
  ep52 step0/237 total=1.484e-01 mse=8.796e-02 latent=2.087e-01 pde=1.554e-03 tpde=1.957e-03 ss=0.25
  ep52 step50/237 total=1.985e-01 mse=1.533e-01 latent=2.437e-01 pde=1.532e-03 tpde=2.285e-03 ss=0.25
  ep52 step100/237 total=1.928e-01 mse=1.368e-01 latent=2.486e-01 pde=1.744e-03 tpde=3.688e-03 ss=0.25
  ep52 step150/237 total=1.590e-01 mse=9.154e-02 latent=2.263e-01 pde=1.651e-03 tpde=2.448e-03 ss=0.25
  ep52 step200/237 total=2.217e-01 mse=1.520e-01 latent=2.912e-01 pde=1.801e-03 tpde=2.873e-03 ss=0.25
Epoch 52/60 | train total=1.6711e-01 mse=1.2142e-01 tpde=2.7818e-03 nt=0.0000e+00 | val_mse=3.2457e-01 | lr_p=1.50e-05 lr_l=5.00e-06 | 181s
  ep53 step0/237 total=1.780e-01 mse=1.118e-01 latent=2.441e-01 pde=1.589e-03 tpde=2.964e-03 ss=0.25
  ep53 step50/237 total=1.651e-01 mse=1.057e-01 latent=2.244e-01 pde=1.909e-03 tpde=2.581e-03 ss=0.25
  ep53 step100/237 total=2.136e-01 mse=1.604e-01 latent=2.667e-01 pde=1.816e-03 tpde=3.111e-03 ss=0.25
  ep53 step150/237 total=1.317e-01 mse=8.962e-02 latent=1.737e-01 pde=1.794e-03 tpde=2.572e-03 ss=0.25
  ep53 step200/237 total=2.108e-01 mse=1.784e-01 latent=2.429e-01 pde=1.699e-03 tpde=3.908e-03 ss=0.25
Epoch 53/60 | train total=1.6551e-01 mse=1.2039e-01 tpde=2.6939e-03 nt=0.0000e+00 | val_mse=3.2444e-01 | lr_p=1.50e-05 lr_l=5.00e-06 | 181s
  ep54 step0/237 total=1.897e-01 mse=1.651e-01 latent=2.141e-01 pde=2.135e-03 tpde=2.583e-03 ss=0.25
  ep54 step50/237 total=1.994e-01 mse=1.583e-01 latent=2.404e-01 pde=1.612e-03 tpde=2.161e-03 ss=0.25
  ep54 step100/237 total=2.167e-01 mse=1.681e-01 latent=2.652e-01 pde=1.727e-03 tpde=2.468e-03 ss=0.25
  ep54 step150/237 total=2.110e-01 mse=1.417e-01 latent=2.801e-01 pde=1.660e-03 tpde=2.441e-03 ss=0.25
  ep54 step200/237 total=1.335e-01 mse=6.635e-02 latent=2.006e-01 pde=1.624e-03 tpde=2.341e-03 ss=0.25
Epoch 54/60 | train total=1.6452e-01 mse=1.1917e-01 tpde=2.7881e-03 nt=0.0000e+00 | val_mse=3.2466e-01 | lr_p=1.50e-05 lr_l=5.00e-06 | 181s
  ep55 step0/237 total=1.060e-01 mse=8.025e-02 latent=1.316e-01 pde=1.584e-03 tpde=2.844e-03 ss=0.25
  ep55 step50/237 total=1.576e-01 mse=1.298e-01 latent=1.853e-01 pde=1.580e-03 tpde=2.371e-03 ss=0.25
  ep55 step100/237 total=1.718e-01 mse=1.275e-01 latent=2.160e-01 pde=1.801e-03 tpde=2.272e-03 ss=0.25
  ep55 step150/237 total=1.656e-01 mse=1.041e-01 latent=2.270e-01 pde=1.603e-03 tpde=2.077e-03 ss=0.25
  ep55 step200/237 total=2.150e-01 mse=1.597e-01 latent=2.701e-01 pde=1.634e-03 tpde=2.314e-03 ss=0.25
Epoch 55/60 | train total=1.6617e-01 mse=1.2116e-01 tpde=2.7387e-03 nt=0.0000e+00 | val_mse=3.2424e-01 | lr_p=1.50e-05 lr_l=5.00e-06 | 181s
  ep56 step0/237 total=1.347e-01 mse=8.434e-02 latent=1.850e-01 pde=1.571e-03 tpde=1.938e-03 ss=0.25
  ep56 step50/237 total=1.680e-01 mse=1.175e-01 latent=2.183e-01 pde=1.638e-03 tpde=2.463e-03 ss=0.25
  ep56 step100/237 total=1.814e-01 mse=1.318e-01 latent=2.309e-01 pde=1.872e-03 tpde=2.677e-03 ss=0.25
  ep56 step150/237 total=1.861e-01 mse=1.228e-01 latent=2.492e-01 pde=1.593e-03 tpde=2.630e-03 ss=0.25
  ep56 step200/237 total=1.269e-01 mse=7.413e-02 latent=1.796e-01 pde=1.620e-03 tpde=2.433e-03 ss=0.25
Epoch 56/60 | train total=1.6458e-01 mse=1.1945e-01 tpde=2.8538e-03 nt=0.0000e+00 | val_mse=3.2325e-01 | lr_p=1.50e-05 lr_l=5.00e-06 | 181s
  ep57 step0/237 total=1.349e-01 mse=8.556e-02 latent=1.842e-01 pde=1.741e-03 tpde=2.608e-03 ss=0.25
  ep57 step50/237 total=2.278e-01 mse=2.069e-01 latent=2.486e-01 pde=1.667e-03 tpde=2.715e-03 ss=0.25
  ep57 step100/237 total=2.057e-01 mse=1.482e-01 latent=2.631e-01 pde=1.718e-03 tpde=2.348e-03 ss=0.25
  ep57 step150/237 total=1.462e-01 mse=1.180e-01 latent=1.742e-01 pde=1.767e-03 tpde=2.172e-03 ss=0.25
  ep57 step200/237 total=1.900e-01 mse=1.602e-01 latent=2.197e-01 pde=1.622e-03 tpde=2.252e-03 ss=0.25
Epoch 57/60 | train total=1.6261e-01 mse=1.1649e-01 tpde=2.8148e-03 nt=0.0000e+00 | val_mse=3.2320e-01 | lr_p=1.50e-05 lr_l=5.00e-06 | 181s
  ep58 step0/237 total=1.533e-01 mse=1.143e-01 latent=1.921e-01 pde=1.768e-03 tpde=2.812e-03 ss=0.25
  ep58 step50/237 total=1.278e-01 mse=9.235e-02 latent=1.631e-01 pde=1.563e-03 tpde=2.491e-03 ss=0.25
  ep58 step100/237 total=1.471e-01 mse=8.618e-02 latent=2.078e-01 pde=1.807e-03 tpde=2.267e-03 ss=0.25
  ep58 step150/237 total=1.203e-01 mse=9.563e-02 latent=1.448e-01 pde=1.568e-03 tpde=1.940e-03 ss=0.25
  ep58 step200/237 total=1.527e-01 mse=1.293e-01 latent=1.761e-01 pde=1.692e-03 tpde=2.240e-03 ss=0.25
Epoch 58/60 | train total=1.6256e-01 mse=1.1751e-01 tpde=2.7412e-03 nt=0.0000e+00 | val_mse=3.2051e-01 | lr_p=1.50e-05 lr_l=5.00e-06 | 181s
  ep59 step0/237 total=1.358e-01 mse=8.466e-02 latent=1.868e-01 pde=1.758e-03 tpde=3.056e-03 ss=0.25
  ep59 step50/237 total=1.898e-01 mse=1.318e-01 latent=2.477e-01 pde=1.554e-03 tpde=2.461e-03 ss=0.25
  ep59 step100/237 total=1.387e-01 mse=8.608e-02 latent=1.913e-01 pde=1.593e-03 tpde=2.221e-03 ss=0.25
  ep59 step150/237 total=1.412e-01 mse=9.119e-02 latent=1.910e-01 pde=1.771e-03 tpde=9.060e-03 ss=0.25
  ep59 step200/237 total=1.679e-01 mse=1.200e-01 latent=2.158e-01 pde=1.648e-03 tpde=2.166e-03 ss=0.25
Epoch 59/60 | train total=1.6004e-01 mse=1.1399e-01 tpde=2.7834e-03 nt=0.0000e+00 | val_mse=3.2169e-01 | lr_p=1.50e-05 lr_l=5.00e-06 | 181s
  ep60 step0/237 total=1.675e-01 mse=1.271e-01 latent=2.078e-01 pde=1.815e-03 tpde=2.700e-03 ss=0.25
  ep60 step50/237 total=1.734e-01 mse=1.272e-01 latent=2.194e-01 pde=1.888e-03 tpde=4.367e-03 ss=0.25
  ep60 step100/237 total=1.243e-01 mse=8.798e-02 latent=1.605e-01 pde=1.590e-03 tpde=2.157e-03 ss=0.25
  ep60 step150/237 total=1.691e-01 mse=1.348e-01 latent=2.032e-01 pde=1.662e-03 tpde=2.867e-03 ss=0.25
  ep60 step200/237 total=1.229e-01 mse=6.884e-02 latent=1.767e-01 pde=1.846e-03 tpde=2.140e-03 ss=0.25
Epoch 60/60 | train total=1.6158e-01 mse=1.1649e-01 tpde=2.7486e-03 nt=0.0000e+00 | val_mse=3.2332e-01 | lr_p=1.50e-05 lr_l=5.00e-06 | 181s
GSPDEModel saved to /home/zfc5231/work/BBBB_qwen_pde_branch/paper/GS/L1/ablation/ckpt_arm1_pretrained_p3/epoch_60
=== [arm1_pretrained] two-stage fixed-K complete Mon 29 Jun 2026 12:09:13 PM UTC ===
