=== [arm2_random s2024] PHASE2 with-context fixed-K (RAND=1) Sun 26 Jul 2026 11:45:52 PM UTC ===
[multi-seed] seed override = 2024
[rank2] loading AE from /home/zfc5231/work/BBBB_qwen_pde_branch/paper/GS/L1/ckpt/epoch_60/autoencoder2d.pt
[rank2] FDM physics residual loss enabled (lambda_pde=0.02)
[rank1] loading AE from /home/zfc5231/work/BBBB_qwen_pde_branch/paper/GS/L1/ckpt/epoch_60/autoencoder2d.pt
fresh model  (no_context_prob=0.0)
[rank1] FDM physics residual loss enabled (lambda_pde=0.02)
[rank0] loading AE from /home/zfc5231/work/BBBB_qwen_pde_branch/paper/GS/L1/ckpt/epoch_60/autoencoder2d.pt
[rank3] loading AE from /home/zfc5231/work/BBBB_qwen_pde_branch/paper/GS/L1/ckpt/epoch_60/autoencoder2d.pt
[rank0] FDM physics residual loss enabled (lambda_pde=0.02)
[rank3] FDM physics residual loss enabled (lambda_pde=0.02)
[rank2] ABLATION random-init backbone (frozen) Qwen/Qwen2.5-7B-Instruct -> cuda:2
[rank1] ABLATION random-init backbone (frozen) Qwen/Qwen2.5-7B-Instruct -> cuda:1
[rank0] ABLATION random-init backbone (frozen) Qwen/Qwen2.5-7B-Instruct -> cuda:0
[rank3] ABLATION random-init backbone (frozen) Qwen/Qwen2.5-7B-Instruct -> cuda:3
trainable params: 10,092,544 || all params: 7,625,709,056 || trainable%: 0.1323
trainable params: 10,092,544 || all params: 7,625,709,056 || trainable%: 0.1323
trainable params: 10,092,544 || all params: 7,625,709,056 || trainable%: 0.1323
trainable params: 10,092,544 || all params: 7,625,709,056 || trainable%: 0.1323
proj params 8,336,008  lora params 10,092,544
  ep1 step0/237 total=2.594e+00 mse=2.374e+00 latent=2.813e+00 pde=6.255e-03 tpde=4.729e-03 ss=0.02
  ep1 step50/237 total=1.068e+00 mse=8.866e-01 latent=1.249e+00 pde=2.511e-03 tpde=2.463e-03 ss=0.02
  ep1 step100/237 total=9.832e-01 mse=1.023e+00 latent=9.434e-01 pde=2.564e-03 tpde=3.022e-03 ss=0.02
  ep1 step150/237 total=9.133e-01 mse=9.452e-01 latent=8.815e-01 pde=2.391e-03 tpde=2.850e-03 ss=0.02
  ep1 step200/237 total=6.536e-01 mse=6.564e-01 latent=6.507e-01 pde=2.827e-03 tpde=3.795e-03 ss=0.02
Epoch 1/80 | train total=9.4423e-01 mse=8.6705e-01 tpde=3.2393e-03 nt=0.0000e+00 | val_mse=7.1172e-01 | lr_p=1.00e-04 lr_l=2.00e-05 | 588s
GSPDEModel saved to /home/zfc5231/work/BBBB_qwen_pde_branch/paper/GS/L1/ablation/ckpt_arm2_random_s2024_p2/best_model
  -> best (val_mse=7.1172e-01)
  ep2 step0/237 total=6.801e-01 mse=6.290e-01 latent=7.311e-01 pde=3.152e-03 tpde=4.404e-03 ss=0.03
  ep2 step50/237 total=5.831e-01 mse=5.478e-01 latent=6.184e-01 pde=2.791e-03 tpde=3.331e-03 ss=0.03
  ep2 step100/237 total=7.583e-01 mse=7.682e-01 latent=7.485e-01 pde=2.314e-03 tpde=2.671e-03 ss=0.03
  ep2 step150/237 total=4.499e-01 mse=4.309e-01 latent=4.688e-01 pde=2.713e-03 tpde=2.754e-03 ss=0.03
  ep2 step200/237 total=5.058e-01 mse=5.247e-01 latent=4.868e-01 pde=2.499e-03 tpde=4.272e-03 ss=0.03
Epoch 2/80 | train total=6.2071e-01 mse=6.1382e-01 tpde=3.0718e-03 nt=0.0000e+00 | val_mse=5.2426e-01 | lr_p=1.00e-04 lr_l=2.00e-05 | 576s
GSPDEModel saved to /home/zfc5231/work/BBBB_qwen_pde_branch/paper/GS/L1/ablation/ckpt_arm2_random_s2024_p2/best_model
  -> best (val_mse=5.2426e-01)
  ep3 step0/237 total=4.130e-01 mse=3.955e-01 latent=4.304e-01 pde=2.944e-03 tpde=2.720e-03 ss=0.05
  ep3 step50/237 total=4.289e-01 mse=4.083e-01 latent=4.495e-01 pde=2.294e-03 tpde=2.513e-03 ss=0.05
  ep3 step100/237 total=3.410e-01 mse=2.865e-01 latent=3.955e-01 pde=2.220e-03 tpde=2.447e-03 ss=0.05
  ep3 step150/237 total=4.076e-01 mse=3.643e-01 latent=4.510e-01 pde=3.091e-03 tpde=3.435e-03 ss=0.05
  ep3 step200/237 total=3.741e-01 mse=3.492e-01 latent=3.989e-01 pde=2.406e-03 tpde=1.598e-02 ss=0.05
Epoch 3/80 | train total=5.1533e-01 mse=5.0390e-01 tpde=2.8322e-03 nt=0.0000e+00 | val_mse=4.5731e-01 | lr_p=1.00e-04 lr_l=2.00e-05 | 585s
GSPDEModel saved to /home/zfc5231/work/BBBB_qwen_pde_branch/paper/GS/L1/ablation/ckpt_arm2_random_s2024_p2/best_model
  -> best (val_mse=4.5731e-01)
  ep4 step0/237 total=5.529e-01 mse=5.315e-01 latent=5.742e-01 pde=2.186e-03 tpde=3.003e-03 ss=0.07
  ep4 step50/237 total=4.292e-01 mse=4.131e-01 latent=4.454e-01 pde=2.055e-03 tpde=2.925e-03 ss=0.07
  ep4 step100/237 total=4.215e-01 mse=3.750e-01 latent=4.678e-01 pde=2.647e-03 tpde=3.674e-03 ss=0.07
  ep4 step150/237 total=4.099e-01 mse=3.537e-01 latent=4.661e-01 pde=2.248e-03 tpde=2.601e-03 ss=0.07
  ep4 step200/237 total=4.973e-01 mse=5.416e-01 latent=4.529e-01 pde=2.238e-03 tpde=2.588e-03 ss=0.07
Epoch 4/80 | train total=4.6195e-01 mse=4.4850e-01 tpde=3.0611e-03 nt=0.0000e+00 | val_mse=4.2393e-01 | lr_p=1.00e-04 lr_l=2.00e-05 | 585s
GSPDEModel saved to /home/zfc5231/work/BBBB_qwen_pde_branch/paper/GS/L1/ablation/ckpt_arm2_random_s2024_p2/best_model
  -> best (val_mse=4.2393e-01)
  ep5 step0/237 total=5.654e-01 mse=5.846e-01 latent=5.461e-01 pde=2.395e-03 tpde=2.531e-03 ss=0.08
  ep5 step50/237 total=4.769e-01 mse=4.651e-01 latent=4.885e-01 pde=1.780e-03 tpde=2.084e-03 ss=0.08
  ep5 step100/237 total=3.476e-01 mse=3.318e-01 latent=3.634e-01 pde=3.296e-03 tpde=3.771e-03 ss=0.08
  ep5 step150/237 total=3.536e-01 mse=3.267e-01 latent=3.805e-01 pde=2.154e-03 tpde=2.732e-03 ss=0.08
  ep5 step200/237 total=4.502e-01 mse=4.453e-01 latent=4.551e-01 pde=2.076e-03 tpde=3.519e-03 ss=0.08
Epoch 5/80 | train total=4.2846e-01 mse=4.1332e-01 tpde=3.1824e-03 nt=0.0000e+00 | val_mse=4.1414e-01 | lr_p=1.00e-04 lr_l=2.00e-05 | 572s
GSPDEModel saved to /home/zfc5231/work/BBBB_qwen_pde_branch/paper/GS/L1/ablation/ckpt_arm2_random_s2024_p2/best_model
  -> best (val_mse=4.1414e-01)
  ep6 step0/237 total=3.326e-01 mse=2.956e-01 latent=3.696e-01 pde=1.917e-03 tpde=2.137e-03 ss=0.10
  ep6 step50/237 total=4.044e-01 mse=3.702e-01 latent=4.384e-01 pde=2.316e-03 tpde=2.699e-03 ss=0.10
  ep6 step100/237 total=3.315e-01 mse=3.006e-01 latent=3.624e-01 pde=2.086e-03 tpde=2.745e-03 ss=0.10
  ep6 step150/237 total=5.043e-01 mse=5.128e-01 latent=4.957e-01 pde=2.609e-03 tpde=3.893e-03 ss=0.10
  ep6 step200/237 total=3.659e-01 mse=3.234e-01 latent=4.083e-01 pde=2.155e-03 tpde=2.654e-03 ss=0.10
Epoch 6/80 | train total=4.0930e-01 mse=3.9484e-01 tpde=3.2041e-03 nt=0.0000e+00 | val_mse=4.0691e-01 | lr_p=1.00e-04 lr_l=2.00e-05 | 573s
GSPDEModel saved to /home/zfc5231/work/BBBB_qwen_pde_branch/paper/GS/L1/ablation/ckpt_arm2_random_s2024_p2/best_model
  -> best (val_mse=4.0691e-01)
  ep7 step0/237 total=2.426e-01 mse=1.900e-01 latent=2.951e-01 pde=1.720e-03 tpde=2.675e-03 ss=0.12
  ep7 step50/237 total=3.826e-01 mse=3.583e-01 latent=4.068e-01 pde=2.234e-03 tpde=3.581e-03 ss=0.12
  ep7 step100/237 total=3.549e-01 mse=3.366e-01 latent=3.732e-01 pde=2.729e-03 tpde=3.526e-03 ss=0.12
  ep7 step150/237 total=3.714e-01 mse=3.519e-01 latent=3.907e-01 pde=2.270e-03 tpde=3.484e-03 ss=0.12
  ep7 step200/237 total=4.519e-01 mse=4.664e-01 latent=4.372e-01 pde=2.148e-03 tpde=2.466e-03 ss=0.12
Epoch 7/80 | train total=3.9242e-01 mse=3.7802e-01 tpde=3.2969e-03 nt=0.0000e+00 | val_mse=4.2222e-01 | lr_p=1.00e-04 lr_l=2.00e-05 | 590s
  ep8 step0/237 total=3.334e-01 mse=2.888e-01 latent=3.778e-01 pde=2.180e-03 tpde=3.788e-03 ss=0.13
  ep8 step50/237 total=3.836e-01 mse=3.589e-01 latent=4.082e-01 pde=1.850e-03 tpde=2.940e-03 ss=0.13
  ep8 step100/237 total=3.332e-01 mse=3.162e-01 latent=3.500e-01 pde=2.304e-03 tpde=3.023e-03 ss=0.13
  ep8 step150/237 total=3.147e-01 mse=2.962e-01 latent=3.330e-01 pde=3.142e-03 tpde=4.195e-03 ss=0.13
  ep8 step200/237 total=4.289e-01 mse=4.135e-01 latent=4.442e-01 pde=1.973e-03 tpde=2.584e-03 ss=0.13
Epoch 8/80 | train total=3.7869e-01 mse=3.6417e-01 tpde=3.1616e-03 nt=0.0000e+00 | val_mse=4.0664e-01 | lr_p=1.00e-04 lr_l=2.00e-05 | 576s
GSPDEModel saved to /home/zfc5231/work/BBBB_qwen_pde_branch/paper/GS/L1/ablation/ckpt_arm2_random_s2024_p2/best_model
  -> best (val_mse=4.0664e-01)
  ep9 step0/237 total=3.780e-01 mse=3.606e-01 latent=3.953e-01 pde=2.211e-03 tpde=4.627e-03 ss=0.15
  ep9 step50/237 total=4.043e-01 mse=3.540e-01 latent=4.545e-01 pde=2.048e-03 tpde=3.950e-03 ss=0.15
  ep9 step100/237 total=2.310e-01 mse=1.983e-01 latent=2.635e-01 pde=2.438e-03 tpde=2.767e-03 ss=0.15
  ep9 step150/237 total=3.878e-01 mse=3.794e-01 latent=3.960e-01 pde=2.939e-03 tpde=3.811e-03 ss=0.15
  ep9 step200/237 total=2.259e-01 mse=1.939e-01 latent=2.578e-01 pde=2.004e-03 tpde=3.556e-03 ss=0.15
Epoch 9/80 | train total=3.7122e-01 mse=3.5418e-01 tpde=3.2180e-03 nt=0.0000e+00 | val_mse=3.9655e-01 | lr_p=1.00e-04 lr_l=2.00e-05 | 590s
GSPDEModel saved to /home/zfc5231/work/BBBB_qwen_pde_branch/paper/GS/L1/ablation/ckpt_arm2_random_s2024_p2/best_model
  -> best (val_mse=3.9655e-01)
  ep10 step0/237 total=3.848e-01 mse=3.540e-01 latent=4.156e-01 pde=1.905e-03 tpde=2.704e-03 ss=0.17
  ep10 step50/237 total=4.236e-01 mse=4.399e-01 latent=4.072e-01 pde=2.539e-03 tpde=3.545e-03 ss=0.17
  ep10 step100/237 total=3.193e-01 mse=2.933e-01 latent=3.451e-01 pde=2.442e-03 tpde=3.910e-03 ss=0.17
  ep10 step150/237 total=4.063e-01 mse=3.945e-01 latent=4.180e-01 pde=1.904e-03 tpde=3.968e-03 ss=0.17
  ep10 step200/237 total=3.313e-01 mse=2.940e-01 latent=3.685e-01 pde=2.191e-03 tpde=2.397e-03 ss=0.17
Epoch 10/80 | train total=3.6393e-01 mse=3.4776e-01 tpde=3.1891e-03 nt=0.0000e+00 | val_mse=3.6016e-01 | lr_p=1.00e-04 lr_l=2.00e-05 | 580s
GSPDEModel saved to /home/zfc5231/work/BBBB_qwen_pde_branch/paper/GS/L1/ablation/ckpt_arm2_random_s2024_p2/best_model
  -> best (val_mse=3.6016e-01)
GSPDEModel saved to /home/zfc5231/work/BBBB_qwen_pde_branch/paper/GS/L1/ablation/ckpt_arm2_random_s2024_p2/epoch_10
  ep11 step0/237 total=2.789e-01 mse=2.495e-01 latent=3.081e-01 pde=2.152e-03 tpde=6.425e-03 ss=0.18
  ep11 step50/237 total=2.982e-01 mse=2.770e-01 latent=3.192e-01 pde=1.941e-03 tpde=3.140e-03 ss=0.18
  ep11 step100/237 total=2.917e-01 mse=2.690e-01 latent=3.142e-01 pde=1.935e-03 tpde=3.273e-03 ss=0.18
  ep11 step150/237 total=3.719e-01 mse=3.435e-01 latent=4.000e-01 pde=2.282e-03 tpde=4.081e-03 ss=0.18
  ep11 step200/237 total=5.116e-01 mse=4.902e-01 latent=5.328e-01 pde=2.129e-03 tpde=2.963e-03 ss=0.18
Epoch 11/80 | train total=3.5473e-01 mse=3.3736e-01 tpde=3.2174e-03 nt=0.0000e+00 | val_mse=3.6155e-01 | lr_p=1.00e-04 lr_l=2.00e-05 | 573s
  ep12 step0/237 total=3.560e-01 mse=3.375e-01 latent=3.742e-01 pde=1.846e-03 tpde=5.144e-03 ss=0.20
  ep12 step50/237 total=4.945e-01 mse=4.982e-01 latent=4.906e-01 pde=2.419e-03 tpde=2.869e-03 ss=0.20
  ep12 step100/237 total=1.701e-01 mse=1.435e-01 latent=1.965e-01 pde=1.696e-03 tpde=2.580e-03 ss=0.20
  ep12 step150/237 total=3.834e-01 mse=3.778e-01 latent=3.888e-01 pde=2.058e-03 tpde=2.086e-03 ss=0.20
  ep12 step200/237 total=3.250e-01 mse=2.780e-01 latent=3.717e-01 pde=3.546e-03 tpde=3.709e-03 ss=0.20
Epoch 12/80 | train total=3.4460e-01 mse=3.2538e-01 tpde=3.1030e-03 nt=0.0000e+00 | val_mse=3.7661e-01 | lr_p=1.00e-04 lr_l=2.00e-05 | 581s
  ep13 step0/237 total=3.467e-01 mse=3.177e-01 latent=3.756e-01 pde=1.802e-03 tpde=2.463e-03 ss=0.22
  ep13 step50/237 total=2.411e-01 mse=2.233e-01 latent=2.587e-01 pde=1.794e-03 tpde=2.443e-03 ss=0.22
  ep13 step100/237 total=2.445e-01 mse=2.203e-01 latent=2.686e-01 pde=2.220e-03 tpde=2.615e-03 ss=0.22
  ep13 step150/237 total=3.913e-01 mse=3.758e-01 latent=4.067e-01 pde=2.050e-03 tpde=2.994e-03 ss=0.22
  ep13 step200/237 total=3.879e-01 mse=3.696e-01 latent=4.060e-01 pde=1.750e-03 tpde=2.819e-03 ss=0.22
Epoch 13/80 | train total=3.4327e-01 mse=3.2446e-01 tpde=2.9644e-03 nt=0.0000e+00 | val_mse=3.9726e-01 | lr_p=1.00e-04 lr_l=2.00e-05 | 575s
  ep14 step0/237 total=3.062e-01 mse=2.817e-01 latent=3.305e-01 pde=1.832e-03 tpde=2.440e-03 ss=0.23
  ep14 step50/237 total=3.388e-01 mse=3.025e-01 latent=3.749e-01 pde=1.813e-03 tpde=2.963e-03 ss=0.23
  ep14 step100/237 total=2.974e-01 mse=2.730e-01 latent=3.217e-01 pde=2.536e-03 tpde=2.431e-03 ss=0.23
  ep14 step150/237 total=3.479e-01 mse=3.156e-01 latent=3.801e-01 pde=1.718e-03 tpde=4.477e-03 ss=0.23
  ep14 step200/237 total=4.138e-01 mse=3.904e-01 latent=4.370e-01 pde=1.963e-03 tpde=2.892e-03 ss=0.23
Epoch 14/80 | train total=3.3475e-01 mse=3.1454e-01 tpde=3.0733e-03 nt=0.0000e+00 | val_mse=3.8713e-01 | lr_p=1.00e-04 lr_l=2.00e-05 | 576s
  ep15 step0/237 total=3.833e-01 mse=3.574e-01 latent=4.090e-01 pde=1.723e-03 tpde=4.186e-03 ss=0.25
  ep15 step50/237 total=2.339e-01 mse=2.104e-01 latent=2.572e-01 pde=2.084e-03 tpde=3.848e-03 ss=0.25
  ep15 step100/237 total=3.538e-01 mse=3.259e-01 latent=3.816e-01 pde=2.241e-03 tpde=2.813e-03 ss=0.25
  ep15 step150/237 total=5.230e-01 mse=5.302e-01 latent=5.157e-01 pde=2.385e-03 tpde=2.867e-03 ss=0.25
  ep15 step200/237 total=4.200e-01 mse=4.106e-01 latent=4.293e-01 pde=2.317e-03 tpde=2.350e-03 ss=0.25
Epoch 15/80 | train total=3.2882e-01 mse=3.0843e-01 tpde=3.0793e-03 nt=0.0000e+00 | val_mse=3.1918e-01 | lr_p=1.00e-04 lr_l=2.00e-05 | 579s
GSPDEModel saved to /home/zfc5231/work/BBBB_qwen_pde_branch/paper/GS/L1/ablation/ckpt_arm2_random_s2024_p2/best_model
  -> best (val_mse=3.1918e-01)
  ep16 step0/237 total=4.180e-01 mse=4.062e-01 latent=4.297e-01 pde=2.177e-03 tpde=3.126e-03 ss=0.25
  ep16 step50/237 total=2.882e-01 mse=2.585e-01 latent=3.178e-01 pde=1.960e-03 tpde=2.345e-03 ss=0.25
  ep16 step100/237 total=3.680e-01 mse=3.629e-01 latent=3.729e-01 pde=1.833e-03 tpde=2.305e-03 ss=0.25
  ep16 step150/237 total=2.061e-01 mse=1.877e-01 latent=2.244e-01 pde=2.152e-03 tpde=2.354e-03 ss=0.25
  ep16 step200/237 total=3.252e-01 mse=3.050e-01 latent=3.453e-01 pde=1.722e-03 tpde=2.764e-03 ss=0.25
Epoch 16/80 | train total=3.2528e-01 mse=3.0363e-01 tpde=3.1557e-03 nt=0.0000e+00 | val_mse=3.3664e-01 | lr_p=1.00e-04 lr_l=2.00e-05 | 583s
  ep17 step0/237 total=2.470e-01 mse=1.992e-01 latent=2.946e-01 pde=2.021e-03 tpde=2.456e-03 ss=0.25
  ep17 step50/237 total=4.025e-01 mse=4.346e-01 latent=3.701e-01 pde=7.282e-03 tpde=8.038e-03 ss=0.25
  ep17 step100/237 total=3.921e-01 mse=3.581e-01 latent=4.259e-01 pde=2.183e-03 tpde=2.811e-03 ss=0.25
  ep17 step150/237 total=2.890e-01 mse=2.727e-01 latent=3.052e-01 pde=1.705e-03 tpde=2.880e-03 ss=0.25
  ep17 step200/237 total=3.312e-01 mse=3.149e-01 latent=3.472e-01 pde=1.983e-03 tpde=3.110e-03 ss=0.25
Epoch 17/80 | train total=3.1560e-01 mse=2.9251e-01 tpde=3.1585e-03 nt=0.0000e+00 | val_mse=3.0229e-01 | lr_p=1.00e-04 lr_l=2.00e-05 | 587s
GSPDEModel saved to /home/zfc5231/work/BBBB_qwen_pde_branch/paper/GS/L1/ablation/ckpt_arm2_random_s2024_p2/best_model
  -> best (val_mse=3.0229e-01)
  ep18 step0/237 total=4.137e-01 mse=3.992e-01 latent=4.281e-01 pde=2.054e-03 tpde=3.063e-03 ss=0.25
  ep18 step50/237 total=4.614e-01 mse=4.650e-01 latent=4.575e-01 pde=1.862e-03 tpde=3.922e-03 ss=0.25
  ep18 step100/237 total=5.520e-01 mse=5.502e-01 latent=5.535e-01 pde=3.054e-03 tpde=2.876e-03 ss=0.25
  ep18 step150/237 total=2.307e-01 mse=2.031e-01 latent=2.581e-01 pde=1.949e-03 tpde=2.347e-03 ss=0.25
  ep18 step200/237 total=2.218e-01 mse=2.175e-01 latent=2.261e-01 pde=1.751e-03 tpde=2.874e-03 ss=0.25
Epoch 18/80 | train total=3.1526e-01 mse=2.9218e-01 tpde=3.0468e-03 nt=0.0000e+00 | val_mse=3.0840e-01 | lr_p=1.00e-04 lr_l=2.00e-05 | 582s
  ep19 step0/237 total=3.662e-01 mse=3.320e-01 latent=4.004e-01 pde=1.660e-03 tpde=2.817e-03 ss=0.25
  ep19 step50/237 total=2.268e-01 mse=1.780e-01 latent=2.754e-01 pde=2.022e-03 tpde=5.829e-03 ss=0.25
  ep19 step100/237 total=2.234e-01 mse=2.128e-01 latent=2.337e-01 pde=2.502e-03 tpde=2.336e-03 ss=0.25
  ep19 step150/237 total=3.310e-01 mse=2.793e-01 latent=3.824e-01 pde=2.990e-03 tpde=1.219e-02 ss=0.25
  ep19 step200/237 total=2.256e-01 mse=1.999e-01 latent=2.510e-01 pde=3.001e-03 tpde=3.612e-03 ss=0.25
Epoch 19/80 | train total=3.0550e-01 mse=2.8267e-01 tpde=3.0922e-03 nt=0.0000e+00 | val_mse=2.9713e-01 | lr_p=1.00e-04 lr_l=2.00e-05 | 579s
GSPDEModel saved to /home/zfc5231/work/BBBB_qwen_pde_branch/paper/GS/L1/ablation/ckpt_arm2_random_s2024_p2/best_model
  -> best (val_mse=2.9713e-01)
  ep20 step0/237 total=3.610e-01 mse=3.255e-01 latent=3.964e-01 pde=1.674e-03 tpde=2.999e-03 ss=0.25
  ep20 step50/237 total=3.055e-01 mse=2.943e-01 latent=3.165e-01 pde=2.294e-03 tpde=2.590e-03 ss=0.25
  ep20 step100/237 total=2.846e-01 mse=2.923e-01 latent=2.767e-01 pde=1.813e-03 tpde=2.960e-03 ss=0.25
  ep20 step150/237 total=3.940e-01 mse=3.682e-01 latent=4.196e-01 pde=1.945e-03 tpde=2.614e-03 ss=0.25
  ep20 step200/237 total=1.920e-01 mse=1.782e-01 latent=2.056e-01 pde=1.878e-03 tpde=2.469e-03 ss=0.25
Epoch 20/80 | train total=2.9926e-01 mse=2.7326e-01 tpde=3.1131e-03 nt=0.0000e+00 | val_mse=3.2387e-01 | lr_p=1.00e-04 lr_l=2.00e-05 | 577s
GSPDEModel saved to /home/zfc5231/work/BBBB_qwen_pde_branch/paper/GS/L1/ablation/ckpt_arm2_random_s2024_p2/epoch_20
  ep21 step0/237 total=1.858e-01 mse=1.761e-01 latent=1.954e-01 pde=1.909e-03 tpde=3.291e-03 ss=0.25
  ep21 step50/237 total=3.694e-01 mse=3.474e-01 latent=3.913e-01 pde=1.888e-03 tpde=2.855e-03 ss=0.25
  ep21 step100/237 total=4.149e-01 mse=4.059e-01 latent=4.238e-01 pde=1.659e-03 tpde=2.681e-03 ss=0.25
  ep21 step150/237 total=3.180e-01 mse=2.690e-01 latent=3.669e-01 pde=1.855e-03 tpde=2.034e-03 ss=0.25
  ep21 step200/237 total=3.449e-01 mse=3.276e-01 latent=3.622e-01 pde=1.824e-03 tpde=2.679e-03 ss=0.25
Epoch 21/80 | train total=2.9464e-01 mse=2.6894e-01 tpde=3.1914e-03 nt=0.0000e+00 | val_mse=3.4217e-01 | lr_p=1.00e-04 lr_l=2.00e-05 | 572s
  ep22 step0/237 total=2.778e-01 mse=2.283e-01 latent=3.270e-01 pde=1.951e-03 tpde=2.561e-03 ss=0.25
  ep22 step50/237 total=2.107e-01 mse=2.118e-01 latent=2.096e-01 pde=1.819e-03 tpde=3.196e-03 ss=0.25
  ep22 step100/237 total=3.626e-01 mse=3.308e-01 latent=3.943e-01 pde=1.611e-03 tpde=2.070e-03 ss=0.25
  ep22 step150/237 total=2.811e-01 mse=2.694e-01 latent=2.927e-01 pde=1.716e-03 tpde=3.208e-03 ss=0.25
  ep22 step200/237 total=3.573e-01 mse=3.179e-01 latent=3.964e-01 pde=2.605e-03 tpde=2.568e-03 ss=0.25
Epoch 22/80 | train total=2.9009e-01 mse=2.6300e-01 tpde=3.4071e-03 nt=0.0000e+00 | val_mse=3.1326e-01 | lr_p=1.00e-04 lr_l=2.00e-05 | 584s
  ep23 step0/237 total=3.481e-01 mse=3.316e-01 latent=3.645e-01 pde=1.862e-03 tpde=2.459e-03 ss=0.25
  ep23 step50/237 total=2.978e-01 mse=2.693e-01 latent=3.260e-01 pde=4.423e-03 tpde=2.710e-03 ss=0.25
  ep23 step100/237 total=2.716e-01 mse=2.429e-01 latent=3.002e-01 pde=1.861e-03 tpde=3.070e-03 ss=0.25
  ep23 step150/237 total=3.556e-01 mse=3.238e-01 latent=3.873e-01 pde=1.974e-03 tpde=3.753e-03 ss=0.25
  ep23 step200/237 total=2.230e-01 mse=1.789e-01 latent=2.669e-01 pde=1.954e-03 tpde=2.719e-03 ss=0.25
Epoch 23/80 | train total=2.8929e-01 mse=2.6326e-01 tpde=3.2210e-03 nt=0.0000e+00 | val_mse=2.9129e-01 | lr_p=1.00e-04 lr_l=2.00e-05 | 584s
GSPDEModel saved to /home/zfc5231/work/BBBB_qwen_pde_branch/paper/GS/L1/ablation/ckpt_arm2_random_s2024_p2/best_model
  -> best (val_mse=2.9129e-01)
  ep24 step0/237 total=2.351e-01 mse=2.131e-01 latent=2.569e-01 pde=1.925e-03 tpde=2.571e-03 ss=0.25
  ep24 step50/237 total=2.757e-01 mse=2.894e-01 latent=2.619e-01 pde=2.369e-03 tpde=5.690e-03 ss=0.25
  ep24 step100/237 total=3.098e-01 mse=2.879e-01 latent=3.316e-01 pde=1.675e-03 tpde=2.237e-03 ss=0.25
  ep24 step150/237 total=2.149e-01 mse=1.798e-01 latent=2.499e-01 pde=2.666e-03 tpde=2.424e-03 ss=0.25
  ep24 step200/237 total=2.530e-01 mse=2.286e-01 latent=2.772e-01 pde=2.931e-03 tpde=2.821e-03 ss=0.25
Epoch 24/80 | train total=2.8353e-01 mse=2.5591e-01 tpde=3.0756e-03 nt=0.0000e+00 | val_mse=2.9157e-01 | lr_p=1.00e-04 lr_l=2.00e-05 | 579s
  ep25 step0/237 total=2.707e-01 mse=2.608e-01 latent=2.805e-01 pde=2.668e-03 tpde=3.046e-03 ss=0.25
  ep25 step50/237 total=3.942e-01 mse=3.795e-01 latent=4.087e-01 pde=1.854e-03 tpde=2.969e-03 ss=0.25
  ep25 step100/237 total=3.373e-01 mse=3.453e-01 latent=3.291e-01 pde=2.296e-03 tpde=2.980e-03 ss=0.25
  ep25 step150/237 total=2.589e-01 mse=2.320e-01 latent=2.857e-01 pde=1.794e-03 tpde=3.158e-03 ss=0.25
  ep25 step200/237 total=3.226e-01 mse=2.655e-01 latent=3.794e-01 pde=1.781e-03 tpde=7.810e-03 ss=0.25
Epoch 25/80 | train total=2.7906e-01 mse=2.4977e-01 tpde=2.9616e-03 nt=0.0000e+00 | val_mse=3.1581e-01 | lr_p=1.00e-04 lr_l=2.00e-05 | 582s
  ep26 step0/237 total=1.973e-01 mse=1.458e-01 latent=2.488e-01 pde=1.571e-03 tpde=2.426e-03 ss=0.25
  ep26 step50/237 total=2.383e-01 mse=1.943e-01 latent=2.822e-01 pde=2.211e-03 tpde=2.108e-03 ss=0.25
  ep26 step100/237 total=2.847e-01 mse=2.578e-01 latent=3.115e-01 pde=1.947e-03 tpde=2.414e-03 ss=0.25
  ep26 step150/237 total=3.285e-01 mse=3.014e-01 latent=3.555e-01 pde=1.736e-03 tpde=2.478e-03 ss=0.25
  ep26 step200/237 total=2.270e-01 mse=1.938e-01 latent=2.600e-01 pde=2.522e-03 tpde=2.305e-03 ss=0.25
Epoch 26/80 | train total=2.7377e-01 mse=2.4532e-01 tpde=2.9844e-03 nt=0.0000e+00 | val_mse=2.9476e-01 | lr_p=1.00e-04 lr_l=2.00e-05 | 576s
  ep27 step0/237 total=2.600e-01 mse=2.442e-01 latent=2.757e-01 pde=2.256e-03 tpde=2.501e-03 ss=0.25
  ep27 step50/237 total=1.366e-01 mse=1.187e-01 latent=1.545e-01 pde=2.138e-03 tpde=2.160e-03 ss=0.25
  ep27 step100/237 total=2.834e-01 mse=2.604e-01 latent=3.062e-01 pde=1.861e-03 tpde=3.305e-03 ss=0.25
  ep27 step150/237 total=3.190e-01 mse=2.734e-01 latent=3.645e-01 pde=2.108e-03 tpde=2.218e-03 ss=0.25
  ep27 step200/237 total=2.520e-01 mse=2.328e-01 latent=2.711e-01 pde=2.564e-03 tpde=2.485e-03 ss=0.25
Epoch 27/80 | train total=2.7233e-01 mse=2.4363e-01 tpde=3.0384e-03 nt=0.0000e+00 | val_mse=2.9274e-01 | lr_p=1.00e-04 lr_l=2.00e-05 | 582s
  ep28 step0/237 total=1.827e-01 mse=1.524e-01 latent=2.128e-01 pde=2.039e-03 tpde=2.452e-03 ss=0.25
  ep28 step50/237 total=4.157e-01 mse=3.713e-01 latent=4.600e-01 pde=1.882e-03 tpde=3.302e-03 ss=0.25
  ep28 step100/237 total=2.173e-01 mse=1.762e-01 latent=2.583e-01 pde=1.799e-03 tpde=2.977e-03 ss=0.25
  ep28 step150/237 total=3.700e-01 mse=3.336e-01 latent=4.062e-01 pde=1.791e-03 tpde=3.540e-03 ss=0.25
  ep28 step200/237 total=2.446e-01 mse=1.939e-01 latent=2.953e-01 pde=1.610e-03 tpde=2.131e-03 ss=0.25
Epoch 28/80 | train total=2.6993e-01 mse=2.4130e-01 tpde=3.0014e-03 nt=0.0000e+00 | val_mse=3.0247e-01 | lr_p=1.00e-04 lr_l=2.00e-05 | 575s
  ep29 step0/237 total=1.324e-01 mse=1.016e-01 latent=1.630e-01 pde=1.712e-03 tpde=2.448e-03 ss=0.25
  ep29 step50/237 total=2.247e-01 mse=1.789e-01 latent=2.704e-01 pde=1.612e-03 tpde=2.347e-03 ss=0.25
  ep29 step100/237 total=3.003e-01 mse=3.091e-01 latent=2.914e-01 pde=2.073e-03 tpde=2.804e-03 ss=0.25
  ep29 step150/237 total=2.889e-01 mse=2.359e-01 latent=3.417e-01 pde=1.793e-03 tpde=2.517e-03 ss=0.25
  ep29 step200/237 total=1.978e-01 mse=1.881e-01 latent=2.073e-01 pde=1.846e-03 tpde=2.428e-03 ss=0.25
Epoch 29/80 | train total=2.6548e-01 mse=2.3567e-01 tpde=2.8170e-03 nt=0.0000e+00 | val_mse=3.0351e-01 | lr_p=1.00e-04 lr_l=2.00e-05 | 584s
  ep30 step0/237 total=3.285e-01 mse=2.725e-01 latent=3.844e-01 pde=2.353e-03 tpde=3.411e-03 ss=0.25
  ep30 step50/237 total=2.066e-01 mse=1.873e-01 latent=2.258e-01 pde=1.706e-03 tpde=2.380e-03 ss=0.25
  ep30 step100/237 total=3.007e-01 mse=2.532e-01 latent=3.481e-01 pde=1.897e-03 tpde=3.013e-03 ss=0.25
  ep30 step150/237 total=2.362e-01 mse=2.035e-01 latent=2.687e-01 pde=1.729e-03 tpde=2.925e-03 ss=0.25
  ep30 step200/237 total=2.398e-01 mse=1.905e-01 latent=2.890e-01 pde=1.791e-03 tpde=2.170e-03 ss=0.25
Epoch 30/80 | train total=2.6237e-01 mse=2.3057e-01 tpde=2.9185e-03 nt=0.0000e+00 | val_mse=2.8607e-01 | lr_p=1.00e-04 lr_l=2.00e-05 | 581s
GSPDEModel saved to /home/zfc5231/work/BBBB_qwen_pde_branch/paper/GS/L1/ablation/ckpt_arm2_random_s2024_p2/best_model
  -> best (val_mse=2.8607e-01)
GSPDEModel saved to /home/zfc5231/work/BBBB_qwen_pde_branch/paper/GS/L1/ablation/ckpt_arm2_random_s2024_p2/epoch_30
  ep31 step0/237 total=1.996e-01 mse=1.623e-01 latent=2.367e-01 pde=1.864e-03 tpde=2.335e-03 ss=0.25
  ep31 step50/237 total=2.368e-01 mse=2.309e-01 latent=2.425e-01 pde=1.914e-03 tpde=2.755e-03 ss=0.25
  ep31 step100/237 total=3.721e-01 mse=3.213e-01 latent=4.227e-01 pde=1.681e-03 tpde=2.112e-03 ss=0.25
  ep31 step150/237 total=1.922e-01 mse=1.468e-01 latent=2.375e-01 pde=2.154e-03 tpde=3.599e-03 ss=0.25
  ep31 step200/237 total=3.158e-01 mse=2.836e-01 latent=3.479e-01 pde=2.230e-03 tpde=2.702e-03 ss=0.25
Epoch 31/80 | train total=2.6043e-01 mse=2.2934e-01 tpde=2.7894e-03 nt=0.0000e+00 | val_mse=3.3829e-01 | lr_p=1.00e-04 lr_l=2.00e-05 | 591s
  ep32 step0/237 total=2.670e-01 mse=2.417e-01 latent=2.920e-01 pde=2.473e-03 tpde=3.209e-03 ss=0.25
  ep32 step50/237 total=3.728e-01 mse=3.274e-01 latent=4.180e-01 pde=2.134e-03 tpde=2.379e-03 ss=0.25
  ep32 step100/237 total=2.725e-01 mse=2.297e-01 latent=3.152e-01 pde=1.797e-03 tpde=2.711e-03 ss=0.25
  ep32 step150/237 total=3.501e-01 mse=3.629e-01 latent=3.371e-01 pde=1.941e-03 tpde=2.518e-03 ss=0.25
  ep32 step200/237 total=1.897e-01 mse=1.491e-01 latent=2.302e-01 pde=1.585e-03 tpde=2.118e-03 ss=0.25
Epoch 32/80 | train total=2.5590e-01 mse=2.2478e-01 tpde=2.7434e-03 nt=0.0000e+00 | val_mse=3.1735e-01 | lr_p=1.00e-04 lr_l=2.00e-05 | 574s
  ep33 step0/237 total=3.043e-01 mse=2.797e-01 latent=3.288e-01 pde=2.177e-03 tpde=2.524e-03 ss=0.25
  ep33 step50/237 total=1.596e-01 mse=1.144e-01 latent=2.048e-01 pde=1.811e-03 tpde=2.550e-03 ss=0.25
  ep33 step100/237 total=2.291e-01 mse=1.867e-01 latent=2.714e-01 pde=2.199e-03 tpde=2.849e-03 ss=0.25
  ep33 step150/237 total=2.365e-01 mse=2.112e-01 latent=2.617e-01 pde=2.005e-03 tpde=2.520e-03 ss=0.25
  ep33 step200/237 total=2.032e-01 mse=1.853e-01 latent=2.210e-01 pde=1.712e-03 tpde=2.449e-03 ss=0.25
Epoch 33/80 | train total=2.5508e-01 mse=2.2275e-01 tpde=2.8830e-03 nt=0.0000e+00 | val_mse=2.8892e-01 | lr_p=1.00e-04 lr_l=2.00e-05 | 583s
  ep34 step0/237 total=2.378e-01 mse=2.060e-01 latent=2.695e-01 pde=1.577e-03 tpde=2.524e-03 ss=0.25
  ep34 step50/237 total=2.536e-01 mse=2.171e-01 latent=2.900e-01 pde=2.877e-03 tpde=2.259e-03 ss=0.25
  ep34 step100/237 total=2.149e-01 mse=2.176e-01 latent=2.121e-01 pde=1.853e-03 tpde=2.431e-03 ss=0.25
  ep34 step150/237 total=2.706e-01 mse=2.330e-01 latent=3.080e-01 pde=1.978e-03 tpde=3.172e-03 ss=0.25
  ep34 step200/237 total=2.008e-01 mse=1.955e-01 latent=2.061e-01 pde=1.634e-03 tpde=2.549e-03 ss=0.25
Epoch 34/80 | train total=2.4935e-01 mse=2.1675e-01 tpde=2.7908e-03 nt=0.0000e+00 | val_mse=2.8678e-01 | lr_p=1.00e-04 lr_l=2.00e-05 | 581s
  ep35 step0/237 total=3.324e-01 mse=2.983e-01 latent=3.664e-01 pde=2.055e-03 tpde=2.820e-03 ss=0.25
  ep35 step50/237 total=1.987e-01 mse=1.558e-01 latent=2.415e-01 pde=2.107e-03 tpde=2.887e-03 ss=0.25
  ep35 step100/237 total=4.022e-01 mse=3.682e-01 latent=4.361e-01 pde=2.010e-03 tpde=3.605e-03 ss=0.25
  ep35 step150/237 total=2.334e-01 mse=1.884e-01 latent=2.783e-01 pde=1.572e-03 tpde=2.263e-03 ss=0.25
  ep35 step200/237 total=2.902e-01 mse=2.376e-01 latent=3.426e-01 pde=1.682e-03 tpde=5.641e-03 ss=0.25
Epoch 35/80 | train total=2.4818e-01 mse=2.1466e-01 tpde=2.7669e-03 nt=0.0000e+00 | val_mse=2.9446e-01 | lr_p=1.00e-04 lr_l=2.00e-05 | 585s
  ep36 step0/237 total=2.483e-01 mse=2.233e-01 latent=2.731e-01 pde=1.672e-03 tpde=2.201e-03 ss=0.25
  ep36 step50/237 total=2.194e-01 mse=1.702e-01 latent=2.686e-01 pde=1.821e-03 tpde=3.052e-03 ss=0.25
  ep36 step100/237 total=3.671e-01 mse=3.276e-01 latent=4.065e-01 pde=2.039e-03 tpde=2.772e-03 ss=0.25
  ep36 step150/237 total=2.415e-01 mse=2.194e-01 latent=2.634e-01 pde=2.403e-03 tpde=2.580e-03 ss=0.25
  ep36 step200/237 total=2.892e-01 mse=2.461e-01 latent=3.321e-01 pde=1.988e-03 tpde=2.385e-03 ss=0.25
Epoch 36/80 | train total=2.4566e-01 mse=2.1336e-01 tpde=2.7706e-03 nt=0.0000e+00 | val_mse=3.1589e-01 | lr_p=1.00e-04 lr_l=2.00e-05 | 583s
  ep37 step0/237 total=2.895e-01 mse=2.208e-01 latent=3.580e-01 pde=1.974e-03 tpde=2.199e-03 ss=0.25
  ep37 step50/237 total=1.705e-01 mse=1.278e-01 latent=2.130e-01 pde=1.863e-03 tpde=2.380e-03 ss=0.25
  ep37 step100/237 total=2.340e-01 mse=1.848e-01 latent=2.832e-01 pde=1.788e-03 tpde=2.512e-03 ss=0.25
  ep37 step150/237 total=1.699e-01 mse=1.282e-01 latent=2.114e-01 pde=1.674e-03 tpde=2.917e-03 ss=0.25
  ep37 step200/237 total=2.889e-01 mse=2.702e-01 latent=3.074e-01 pde=1.735e-03 tpde=2.887e-03 ss=0.25
Epoch 37/80 | train total=2.4533e-01 mse=2.1237e-01 tpde=2.8385e-03 nt=0.0000e+00 | val_mse=3.0485e-01 | lr_p=1.00e-04 lr_l=2.00e-05 | 573s
  ep38 step0/237 total=2.340e-01 mse=2.271e-01 latent=2.408e-01 pde=2.419e-03 tpde=2.925e-03 ss=0.25
  ep38 step50/237 total=2.650e-01 mse=2.320e-01 latent=2.979e-01 pde=1.918e-03 tpde=2.928e-03 ss=0.25
  ep38 step100/237 total=2.393e-01 mse=2.222e-01 latent=2.562e-01 pde=2.042e-03 tpde=2.430e-03 ss=0.25
  ep38 step150/237 total=2.357e-01 mse=2.108e-01 latent=2.605e-01 pde=1.917e-03 tpde=2.805e-03 ss=0.25
  ep38 step200/237 total=2.437e-01 mse=2.091e-01 latent=2.782e-01 pde=1.705e-03 tpde=2.326e-03 ss=0.25
Epoch 38/80 | train total=2.4059e-01 mse=2.0621e-01 tpde=2.7720e-03 nt=0.0000e+00 | val_mse=2.8801e-01 | lr_p=1.00e-04 lr_l=2.00e-05 | 575s
  ep39 step0/237 total=1.608e-01 mse=1.331e-01 latent=1.882e-01 pde=2.014e-03 tpde=2.970e-03 ss=0.25
  ep39 step50/237 total=2.212e-01 mse=1.769e-01 latent=2.651e-01 pde=1.595e-03 tpde=1.374e-02 ss=0.25
  ep39 step100/237 total=2.777e-01 mse=2.504e-01 latent=3.048e-01 pde=2.055e-03 tpde=3.050e-03 ss=0.25
  ep39 step150/237 total=2.959e-01 mse=2.535e-01 latent=3.381e-01 pde=1.934e-03 tpde=2.434e-03 ss=0.25
  ep39 step200/237 total=2.528e-01 mse=2.137e-01 latent=2.918e-01 pde=1.788e-03 tpde=2.797e-03 ss=0.25
Epoch 39/80 | train total=2.3728e-01 mse=2.0251e-01 tpde=2.8447e-03 nt=0.0000e+00 | val_mse=3.3270e-01 | lr_p=1.00e-04 lr_l=2.00e-05 | 580s
  ep40 step0/237 total=2.626e-01 mse=1.997e-01 latent=3.255e-01 pde=1.778e-03 tpde=2.740e-03 ss=0.25
  ep40 step50/237 total=2.377e-01 mse=1.916e-01 latent=2.838e-01 pde=1.588e-03 tpde=2.160e-03 ss=0.25
  ep40 step100/237 total=2.912e-01 mse=2.462e-01 latent=3.362e-01 pde=1.627e-03 tpde=2.680e-03 ss=0.25
  ep40 step150/237 total=2.658e-01 mse=2.392e-01 latent=2.923e-01 pde=1.911e-03 tpde=2.757e-03 ss=0.25
  ep40 step200/237 total=2.197e-01 mse=2.026e-01 latent=2.367e-01 pde=1.862e-03 tpde=2.560e-03 ss=0.25
Epoch 40/80 | train total=2.3833e-01 mse=2.0448e-01 tpde=2.7342e-03 nt=0.0000e+00 | val_mse=2.9498e-01 | lr_p=1.00e-04 lr_l=2.00e-05 | 577s
GSPDEModel saved to /home/zfc5231/work/BBBB_qwen_pde_branch/paper/GS/L1/ablation/ckpt_arm2_random_s2024_p2/epoch_40
  ep41 step0/237 total=2.211e-01 mse=1.707e-01 latent=2.714e-01 pde=2.070e-03 tpde=2.819e-03 ss=0.25
  ep41 step50/237 total=2.192e-01 mse=2.014e-01 latent=2.369e-01 pde=1.758e-03 tpde=2.403e-03 ss=0.25
  ep41 step100/237 total=1.569e-01 mse=1.384e-01 latent=1.753e-01 pde=2.693e-03 tpde=3.584e-03 ss=0.25
  ep41 step150/237 total=1.314e-01 mse=9.615e-02 latent=1.664e-01 pde=1.753e-03 tpde=2.877e-03 ss=0.25
  ep41 step200/237 total=2.595e-01 mse=2.222e-01 latent=2.967e-01 pde=1.691e-03 tpde=2.271e-03 ss=0.25
Epoch 41/80 | train total=2.3466e-01 mse=2.0019e-01 tpde=2.6215e-03 nt=0.0000e+00 | val_mse=2.8330e-01 | lr_p=1.00e-04 lr_l=2.00e-05 | 583s
GSPDEModel saved to /home/zfc5231/work/BBBB_qwen_pde_branch/paper/GS/L1/ablation/ckpt_arm2_random_s2024_p2/best_model
  -> best (val_mse=2.8330e-01)
  ep42 step0/237 total=2.659e-01 mse=2.191e-01 latent=3.126e-01 pde=1.730e-03 tpde=2.498e-03 ss=0.25
  ep42 step50/237 total=2.600e-01 mse=2.024e-01 latent=3.174e-01 pde=1.946e-03 tpde=2.776e-03 ss=0.25
  ep42 step100/237 total=1.827e-01 mse=1.621e-01 latent=2.031e-01 pde=2.006e-03 tpde=2.529e-03 ss=0.25
  ep42 step150/237 total=3.618e-01 mse=3.609e-01 latent=3.626e-01 pde=2.636e-03 tpde=2.388e-03 ss=0.25
  ep42 step200/237 total=2.274e-01 mse=2.223e-01 latent=2.323e-01 pde=2.207e-03 tpde=3.047e-03 ss=0.25
Epoch 42/80 | train total=2.3177e-01 mse=1.9667e-01 tpde=2.6584e-03 nt=0.0000e+00 | val_mse=3.0088e-01 | lr_p=1.00e-04 lr_l=2.00e-05 | 581s
  ep43 step0/237 total=2.796e-01 mse=2.244e-01 latent=3.347e-01 pde=1.702e-03 tpde=3.034e-03 ss=0.25
  ep43 step50/237 total=2.195e-01 mse=1.681e-01 latent=2.708e-01 pde=1.860e-03 tpde=2.363e-03 ss=0.25
  ep43 step100/237 total=2.478e-01 mse=2.145e-01 latent=2.811e-01 pde=1.769e-03 tpde=2.485e-03 ss=0.25
  ep43 step150/237 total=2.407e-01 mse=2.040e-01 latent=2.772e-01 pde=1.961e-03 tpde=3.554e-03 ss=0.25
  ep43 step200/237 total=2.260e-01 mse=1.810e-01 latent=2.709e-01 pde=1.589e-03 tpde=2.396e-03 ss=0.25
Epoch 43/80 | train total=2.3179e-01 mse=1.9668e-01 tpde=2.7382e-03 nt=0.0000e+00 | val_mse=3.1210e-01 | lr_p=1.00e-04 lr_l=2.00e-05 | 568s
  ep44 step0/237 total=3.011e-01 mse=2.400e-01 latent=3.620e-01 pde=2.439e-03 tpde=3.154e-03 ss=0.25
  ep44 step50/237 total=2.955e-01 mse=2.685e-01 latent=3.222e-01 pde=2.004e-03 tpde=3.503e-03 ss=0.25
  ep44 step100/237 total=3.232e-01 mse=3.141e-01 latent=3.321e-01 pde=1.952e-03 tpde=2.555e-03 ss=0.25
  ep44 step150/237 total=1.788e-01 mse=1.520e-01 latent=2.054e-01 pde=1.856e-03 tpde=2.866e-03 ss=0.25
  ep44 step200/237 total=1.525e-01 mse=1.262e-01 latent=1.787e-01 pde=1.755e-03 tpde=2.209e-03 ss=0.25
Epoch 44/80 | train total=2.2824e-01 mse=1.9335e-01 tpde=2.6881e-03 nt=0.0000e+00 | val_mse=2.9272e-01 | lr_p=1.00e-04 lr_l=2.00e-05 | 600s
  ep45 step0/237 total=1.572e-01 mse=1.345e-01 latent=1.799e-01 pde=1.782e-03 tpde=2.338e-03 ss=0.25
  ep45 step50/237 total=2.087e-01 mse=1.817e-01 latent=2.356e-01 pde=1.771e-03 tpde=2.392e-03 ss=0.25
  ep45 step100/237 total=2.311e-01 mse=1.839e-01 latent=2.782e-01 pde=1.638e-03 tpde=2.237e-03 ss=0.25
  ep45 step150/237 total=1.933e-01 mse=1.715e-01 latent=2.150e-01 pde=1.899e-03 tpde=2.364e-03 ss=0.25
  ep45 step200/237 total=1.787e-01 mse=1.570e-01 latent=2.002e-01 pde=1.678e-03 tpde=2.188e-03 ss=0.25
Epoch 45/80 | train total=2.2663e-01 mse=1.9129e-01 tpde=2.7574e-03 nt=0.0000e+00 | val_mse=2.9100e-01 | lr_p=1.00e-04 lr_l=2.00e-05 | 584s
  ep46 step0/237 total=2.973e-01 mse=2.338e-01 latent=3.607e-01 pde=2.724e-03 tpde=2.186e-03 ss=0.25
  ep46 step50/237 total=1.404e-01 mse=1.011e-01 latent=1.795e-01 pde=1.716e-03 tpde=2.336e-03 ss=0.25
  ep46 step100/237 total=2.268e-01 mse=1.745e-01 latent=2.790e-01 pde=1.734e-03 tpde=2.326e-03 ss=0.25
  ep46 step150/237 total=2.986e-01 mse=2.441e-01 latent=3.530e-01 pde=2.003e-03 tpde=3.234e-03 ss=0.25
  ep46 step200/237 total=2.451e-01 mse=2.154e-01 latent=2.746e-01 pde=1.943e-03 tpde=2.549e-03 ss=0.25
Epoch 46/80 | train total=2.2504e-01 mse=1.8932e-01 tpde=2.6941e-03 nt=0.0000e+00 | val_mse=2.8149e-01 | lr_p=1.00e-04 lr_l=2.00e-05 | 575s
GSPDEModel saved to /home/zfc5231/work/BBBB_qwen_pde_branch/paper/GS/L1/ablation/ckpt_arm2_random_s2024_p2/best_model
  -> best (val_mse=2.8149e-01)
  ep47 step0/237 total=1.820e-01 mse=1.446e-01 latent=2.193e-01 pde=2.651e-03 tpde=2.469e-03 ss=0.25
  ep47 step50/237 total=2.690e-01 mse=2.514e-01 latent=2.865e-01 pde=1.658e-03 tpde=2.274e-03 ss=0.25
  ep47 step100/237 total=1.756e-01 mse=1.532e-01 latent=1.977e-01 pde=2.192e-03 tpde=8.986e-03 ss=0.25
  ep47 step150/237 total=2.334e-01 mse=1.950e-01 latent=2.716e-01 pde=2.054e-03 tpde=2.259e-03 ss=0.25
  ep47 step200/237 total=2.295e-01 mse=1.822e-01 latent=2.767e-01 pde=1.935e-03 tpde=2.090e-03 ss=0.25
Epoch 47/80 | train total=2.2309e-01 mse=1.8723e-01 tpde=2.5977e-03 nt=0.0000e+00 | val_mse=2.9607e-01 | lr_p=1.00e-04 lr_l=2.00e-05 | 570s
  ep48 step0/237 total=1.941e-01 mse=1.484e-01 latent=2.397e-01 pde=1.654e-03 tpde=2.440e-03 ss=0.25
  ep48 step50/237 total=2.796e-01 mse=2.067e-01 latent=3.524e-01 pde=2.043e-03 tpde=2.793e-03 ss=0.25
  ep48 step100/237 total=1.391e-01 mse=1.110e-01 latent=1.670e-01 pde=1.745e-03 tpde=3.362e-03 ss=0.25
  ep48 step150/237 total=1.860e-01 mse=1.807e-01 latent=1.912e-01 pde=2.245e-03 tpde=3.290e-03 ss=0.25
  ep48 step200/237 total=1.638e-01 mse=1.419e-01 latent=1.855e-01 pde=2.317e-03 tpde=2.174e-03 ss=0.25
Epoch 48/80 | train total=2.1894e-01 mse=1.8292e-01 tpde=2.7863e-03 nt=0.0000e+00 | val_mse=2.8209e-01 | lr_p=1.00e-04 lr_l=2.00e-05 | 571s
  ep49 step0/237 total=2.395e-01 mse=1.887e-01 latent=2.903e-01 pde=1.623e-03 tpde=2.560e-03 ss=0.25
  ep49 step50/237 total=1.222e-01 mse=8.670e-02 latent=1.575e-01 pde=1.842e-03 tpde=2.734e-03 ss=0.25
  ep49 step100/237 total=2.741e-01 mse=2.443e-01 latent=3.037e-01 pde=1.749e-03 tpde=2.464e-03 ss=0.25
  ep49 step150/237 total=2.786e-01 mse=2.779e-01 latent=2.791e-01 pde=1.837e-03 tpde=4.657e-03 ss=0.25
  ep49 step200/237 total=2.002e-01 mse=1.344e-01 latent=2.658e-01 pde=1.778e-03 tpde=2.336e-03 ss=0.25
Epoch 49/80 | train total=2.1834e-01 mse=1.8190e-01 tpde=2.6412e-03 nt=0.0000e+00 | val_mse=2.7371e-01 | lr_p=1.00e-04 lr_l=2.00e-05 | 582s
GSPDEModel saved to /home/zfc5231/work/BBBB_qwen_pde_branch/paper/GS/L1/ablation/ckpt_arm2_random_s2024_p2/best_model
  -> best (val_mse=2.7371e-01)
  ep50 step0/237 total=2.100e-01 mse=1.540e-01 latent=2.658e-01 pde=1.666e-03 tpde=2.358e-03 ss=0.25
  ep50 step50/237 total=1.511e-01 mse=1.001e-01 latent=2.020e-01 pde=1.632e-03 tpde=2.006e-03 ss=0.25
  ep50 step100/237 total=1.483e-01 mse=1.194e-01 latent=1.770e-01 pde=1.912e-03 tpde=2.111e-03 ss=0.25
  ep50 step150/237 total=1.906e-01 mse=1.364e-01 latent=2.447e-01 pde=1.734e-03 tpde=2.514e-03 ss=0.25
  ep50 step200/237 total=2.116e-01 mse=1.353e-01 latent=2.878e-01 pde=1.879e-03 tpde=2.190e-03 ss=0.25
Epoch 50/80 | train total=2.1841e-01 mse=1.8161e-01 tpde=2.5513e-03 nt=0.0000e+00 | val_mse=2.7296e-01 | lr_p=1.00e-04 lr_l=2.00e-05 | 580s
GSPDEModel saved to /home/zfc5231/work/BBBB_qwen_pde_branch/paper/GS/L1/ablation/ckpt_arm2_random_s2024_p2/best_model
  -> best (val_mse=2.7296e-01)
GSPDEModel saved to /home/zfc5231/work/BBBB_qwen_pde_branch/paper/GS/L1/ablation/ckpt_arm2_random_s2024_p2/epoch_50
  ep51 step0/237 total=1.590e-01 mse=1.425e-01 latent=1.753e-01 pde=2.008e-03 tpde=2.120e-03 ss=0.25
  ep51 step50/237 total=1.339e-01 mse=9.422e-02 latent=1.735e-01 pde=1.704e-03 tpde=2.509e-03 ss=0.25
  ep51 step100/237 total=2.904e-01 mse=2.304e-01 latent=3.504e-01 pde=2.467e-03 tpde=2.466e-03 ss=0.25
  ep51 step150/237 total=1.439e-01 mse=1.308e-01 latent=1.569e-01 pde=1.871e-03 tpde=2.381e-03 ss=0.25
  ep51 step200/237 total=2.245e-01 mse=1.901e-01 latent=2.587e-01 pde=1.687e-03 tpde=2.446e-03 ss=0.25
Epoch 51/80 | train total=2.1556e-01 mse=1.7902e-01 tpde=2.5970e-03 nt=0.0000e+00 | val_mse=3.7676e-01 | lr_p=1.00e-04 lr_l=2.00e-05 | 582s
  ep52 step0/237 total=2.015e-01 mse=2.061e-01 latent=1.969e-01 pde=1.674e-03 tpde=2.397e-03 ss=0.25
  ep52 step50/237 total=2.695e-01 mse=2.400e-01 latent=2.989e-01 pde=1.767e-03 tpde=2.715e-03 ss=0.25
  ep52 step100/237 total=2.405e-01 mse=2.284e-01 latent=2.524e-01 pde=1.902e-03 tpde=2.417e-03 ss=0.25
  ep52 step150/237 total=1.871e-01 mse=1.367e-01 latent=2.374e-01 pde=1.694e-03 tpde=2.579e-03 ss=0.25
  ep52 step200/237 total=2.571e-01 mse=2.587e-01 latent=2.553e-01 pde=1.701e-03 tpde=2.422e-03 ss=0.25
Epoch 52/80 | train total=2.1470e-01 mse=1.7787e-01 tpde=2.5744e-03 nt=0.0000e+00 | val_mse=2.7241e-01 | lr_p=1.00e-04 lr_l=2.00e-05 | 579s
GSPDEModel saved to /home/zfc5231/work/BBBB_qwen_pde_branch/paper/GS/L1/ablation/ckpt_arm2_random_s2024_p2/best_model
  -> best (val_mse=2.7241e-01)
  ep53 step0/237 total=2.413e-01 mse=1.766e-01 latent=3.059e-01 pde=2.629e-03 tpde=2.777e-03 ss=0.25
  ep53 step50/237 total=2.460e-01 mse=1.990e-01 latent=2.928e-01 pde=1.782e-03 tpde=2.191e-03 ss=0.25
  ep53 step100/237 total=2.533e-01 mse=2.374e-01 latent=2.690e-01 pde=2.293e-03 tpde=4.179e-03 ss=0.25
  ep53 step150/237 total=1.804e-01 mse=1.714e-01 latent=1.892e-01 pde=2.266e-03 tpde=2.573e-03 ss=0.25
  ep53 step200/237 total=2.857e-01 mse=2.376e-01 latent=3.336e-01 pde=1.646e-03 tpde=2.295e-03 ss=0.25
Epoch 53/80 | train total=2.1036e-01 mse=1.7399e-01 tpde=2.5430e-03 nt=0.0000e+00 | val_mse=3.0425e-01 | lr_p=1.00e-04 lr_l=2.00e-05 | 571s
  ep54 step0/237 total=2.958e-01 mse=2.427e-01 latent=3.487e-01 pde=1.766e-03 tpde=4.024e-03 ss=0.25
  ep54 step50/237 total=2.468e-01 mse=1.951e-01 latent=2.983e-01 pde=1.845e-03 tpde=2.357e-03 ss=0.25
  ep54 step100/237 total=1.447e-01 mse=1.102e-01 latent=1.792e-01 pde=1.987e-03 tpde=2.319e-03 ss=0.25
  ep54 step150/237 total=2.616e-01 mse=2.169e-01 latent=3.060e-01 pde=2.299e-03 tpde=3.179e-03 ss=0.25
  ep54 step200/237 total=2.705e-01 mse=2.071e-01 latent=3.339e-01 pde=1.731e-03 tpde=3.854e-03 ss=0.25
Epoch 54/80 | train total=2.0971e-01 mse=1.7243e-01 tpde=2.5576e-03 nt=0.0000e+00 | val_mse=2.7477e-01 | lr_p=1.00e-04 lr_l=2.00e-05 | 582s
  ep55 step0/237 total=1.756e-01 mse=1.581e-01 latent=1.930e-01 pde=2.288e-03 tpde=2.016e-03 ss=0.25
  ep55 step50/237 total=1.449e-01 mse=9.467e-02 latent=1.949e-01 pde=1.740e-03 tpde=2.310e-03 ss=0.25
  ep55 step100/237 total=2.267e-01 mse=1.837e-01 latent=2.695e-01 pde=1.815e-03 tpde=2.439e-03 ss=0.25
  ep55 step150/237 total=1.879e-01 mse=1.424e-01 latent=2.332e-01 pde=1.802e-03 tpde=2.189e-03 ss=0.25
  ep55 step200/237 total=2.303e-01 mse=2.223e-01 latent=2.381e-01 pde=1.939e-03 tpde=2.484e-03 ss=0.25
Epoch 55/80 | train total=2.0695e-01 mse=1.6955e-01 tpde=2.5409e-03 nt=0.0000e+00 | val_mse=2.7052e-01 | lr_p=1.00e-04 lr_l=2.00e-05 | 587s
GSPDEModel saved to /home/zfc5231/work/BBBB_qwen_pde_branch/paper/GS/L1/ablation/ckpt_arm2_random_s2024_p2/best_model
  -> best (val_mse=2.7052e-01)
  ep56 step0/237 total=1.217e-01 mse=9.083e-02 latent=1.524e-01 pde=1.615e-03 tpde=2.492e-03 ss=0.25
  ep56 step50/237 total=2.374e-01 mse=2.019e-01 latent=2.729e-01 pde=1.635e-03 tpde=2.168e-03 ss=0.25
  ep56 step100/237 total=2.492e-01 mse=2.060e-01 latent=2.924e-01 pde=2.085e-03 tpde=2.845e-03 ss=0.25
  ep56 step150/237 total=2.090e-01 mse=1.801e-01 latent=2.378e-01 pde=1.688e-03 tpde=2.405e-03 ss=0.25
  ep56 step200/237 total=1.808e-01 mse=1.449e-01 latent=2.165e-01 pde=1.744e-03 tpde=2.333e-03 ss=0.25
Epoch 56/80 | train total=2.0669e-01 mse=1.7010e-01 tpde=2.5127e-03 nt=0.0000e+00 | val_mse=2.6976e-01 | lr_p=1.00e-04 lr_l=2.00e-05 | 571s
GSPDEModel saved to /home/zfc5231/work/BBBB_qwen_pde_branch/paper/GS/L1/ablation/ckpt_arm2_random_s2024_p2/best_model
  -> best (val_mse=2.6976e-01)
  ep57 step0/237 total=1.454e-01 mse=1.420e-01 latent=1.487e-01 pde=1.810e-03 tpde=2.339e-03 ss=0.25
  ep57 step50/237 total=2.042e-01 mse=1.895e-01 latent=2.187e-01 pde=1.780e-03 tpde=2.528e-03 ss=0.25
  ep57 step100/237 total=2.214e-01 mse=1.698e-01 latent=2.728e-01 pde=1.615e-03 tpde=2.631e-03 ss=0.25
  ep57 step150/237 total=1.528e-01 mse=1.266e-01 latent=1.789e-01 pde=1.655e-03 tpde=2.330e-03 ss=0.25
  ep57 step200/237 total=2.148e-01 mse=1.870e-01 latent=2.425e-01 pde=1.713e-03 tpde=3.392e-03 ss=0.25
Epoch 57/80 | train total=2.0688e-01 mse=1.7093e-01 tpde=2.5588e-03 nt=0.0000e+00 | val_mse=2.7095e-01 | lr_p=1.00e-04 lr_l=2.00e-05 | 584s
  ep58 step0/237 total=2.500e-01 mse=1.943e-01 latent=3.056e-01 pde=1.762e-03 tpde=2.477e-03 ss=0.25
  ep58 step50/237 total=2.112e-01 mse=1.713e-01 latent=2.510e-01 pde=1.584e-03 tpde=2.133e-03 ss=0.25
  ep58 step100/237 total=2.724e-01 mse=2.091e-01 latent=3.355e-01 pde=1.668e-03 tpde=2.397e-03 ss=0.25
  ep58 step150/237 total=2.059e-01 mse=1.801e-01 latent=2.316e-01 pde=1.609e-03 tpde=2.392e-03 ss=0.25
  ep58 step200/237 total=1.921e-01 mse=1.364e-01 latent=2.477e-01 pde=1.612e-03 tpde=2.331e-03 ss=0.25
Epoch 58/80 | train total=2.0247e-01 mse=1.6525e-01 tpde=2.4990e-03 nt=0.0000e+00 | val_mse=2.6612e-01 | lr_p=1.00e-04 lr_l=2.00e-05 | 588s
GSPDEModel saved to /home/zfc5231/work/BBBB_qwen_pde_branch/paper/GS/L1/ablation/ckpt_arm2_random_s2024_p2/best_model
  -> best (val_mse=2.6612e-01)
  ep59 step0/237 total=1.431e-01 mse=1.363e-01 latent=1.498e-01 pde=1.722e-03 tpde=3.938e-03 ss=0.25
  ep59 step50/237 total=2.269e-01 mse=1.822e-01 latent=2.715e-01 pde=1.674e-03 tpde=2.195e-03 ss=0.25
  ep59 step100/237 total=2.042e-01 mse=1.508e-01 latent=2.575e-01 pde=2.188e-03 tpde=1.966e-03 ss=0.25
  ep59 step150/237 total=1.615e-01 mse=1.431e-01 latent=1.798e-01 pde=1.561e-03 tpde=2.290e-03 ss=0.25
  ep59 step200/237 total=2.169e-01 mse=1.543e-01 latent=2.794e-01 pde=1.704e-03 tpde=2.669e-03 ss=0.25
Epoch 59/80 | train total=2.0131e-01 mse=1.6414e-01 tpde=2.4932e-03 nt=0.0000e+00 | val_mse=2.7429e-01 | lr_p=1.00e-04 lr_l=2.00e-05 | 561s
  ep60 step0/237 total=1.937e-01 mse=1.387e-01 latent=2.485e-01 pde=1.692e-03 tpde=2.092e-03 ss=0.25
  ep60 step50/237 total=2.654e-01 mse=2.280e-01 latent=3.027e-01 pde=1.913e-03 tpde=4.345e-03 ss=0.25
  ep60 step100/237 total=1.692e-01 mse=1.488e-01 latent=1.894e-01 pde=2.277e-03 tpde=2.286e-03 ss=0.25
  ep60 step150/237 total=2.194e-01 mse=1.584e-01 latent=2.802e-01 pde=1.616e-03 tpde=2.124e-03 ss=0.25
  ep60 step200/237 total=2.438e-01 mse=1.910e-01 latent=2.964e-01 pde=2.130e-03 tpde=2.352e-03 ss=0.25
Epoch 60/80 | train total=2.0081e-01 mse=1.6306e-01 tpde=2.4733e-03 nt=0.0000e+00 | val_mse=2.9136e-01 | lr_p=1.00e-04 lr_l=2.00e-05 | 583s
GSPDEModel saved to /home/zfc5231/work/BBBB_qwen_pde_branch/paper/GS/L1/ablation/ckpt_arm2_random_s2024_p2/epoch_60
  ep61 step0/237 total=2.053e-01 mse=1.599e-01 latent=2.505e-01 pde=1.596e-03 tpde=2.243e-03 ss=0.25
  ep61 step50/237 total=1.853e-01 mse=1.465e-01 latent=2.239e-01 pde=1.643e-03 tpde=3.057e-03 ss=0.25
  ep61 step100/237 total=2.291e-01 mse=1.640e-01 latent=2.941e-01 pde=1.909e-03 tpde=2.265e-03 ss=0.25
  ep61 step150/237 total=1.964e-01 mse=1.593e-01 latent=2.334e-01 pde=1.566e-03 tpde=2.282e-03 ss=0.25
  ep61 step200/237 total=1.931e-01 mse=1.749e-01 latent=2.111e-01 pde=1.797e-03 tpde=2.205e-03 ss=0.25
Epoch 61/80 | train total=1.9888e-01 mse=1.6215e-01 tpde=2.4567e-03 nt=0.0000e+00 | val_mse=2.7858e-01 | lr_p=1.00e-04 lr_l=2.00e-05 | 569s
  ep62 step0/237 total=1.915e-01 mse=1.266e-01 latent=2.563e-01 pde=1.928e-03 tpde=2.089e-03 ss=0.25
  ep62 step50/237 total=1.437e-01 mse=1.122e-01 latent=1.750e-01 pde=1.653e-03 tpde=2.546e-03 ss=0.25
  ep62 step100/237 total=2.206e-01 mse=1.857e-01 latent=2.553e-01 pde=2.208e-03 tpde=2.133e-03 ss=0.25
  ep62 step150/237 total=2.268e-01 mse=1.866e-01 latent=2.669e-01 pde=1.580e-03 tpde=1.992e-03 ss=0.25
  ep62 step200/237 total=1.880e-01 mse=1.168e-01 latent=2.591e-01 pde=1.711e-03 tpde=2.238e-03 ss=0.25
Epoch 62/80 | train total=1.9696e-01 mse=1.6015e-01 tpde=2.4582e-03 nt=0.0000e+00 | val_mse=2.8366e-01 | lr_p=1.00e-04 lr_l=2.00e-05 | 581s
  ep63 step0/237 total=1.678e-01 mse=1.408e-01 latent=1.947e-01 pde=1.562e-03 tpde=2.235e-03 ss=0.25
  ep63 step50/237 total=2.675e-01 mse=2.217e-01 latent=3.132e-01 pde=1.984e-03 tpde=2.601e-03 ss=0.25
  ep63 step100/237 total=1.895e-01 mse=1.685e-01 latent=2.103e-01 pde=2.000e-03 tpde=2.329e-03 ss=0.25
  ep63 step150/237 total=1.852e-01 mse=1.465e-01 latent=2.238e-01 pde=1.872e-03 tpde=2.363e-03 ss=0.25
  ep63 step200/237 total=2.236e-01 mse=1.911e-01 latent=2.560e-01 pde=2.432e-03 tpde=2.125e-03 ss=0.25
Epoch 63/80 | train total=1.9410e-01 mse=1.5628e-01 tpde=2.4310e-03 nt=0.0000e+00 | val_mse=2.7726e-01 | lr_p=1.00e-04 lr_l=2.00e-05 | 574s
  ep64 step0/237 total=1.592e-01 mse=1.012e-01 latent=2.170e-01 pde=1.962e-03 tpde=2.170e-03 ss=0.25
  ep64 step50/237 total=2.237e-01 mse=1.923e-01 latent=2.550e-01 pde=1.850e-03 tpde=3.817e-03 ss=0.25
  ep64 step100/237 total=2.248e-01 mse=1.724e-01 latent=2.770e-01 pde=2.594e-03 tpde=2.193e-03 ss=0.25
  ep64 step150/237 total=2.472e-01 mse=1.886e-01 latent=3.056e-01 pde=1.696e-03 tpde=2.312e-03 ss=0.25
  ep64 step200/237 total=2.368e-01 mse=1.846e-01 latent=2.889e-01 pde=1.781e-03 tpde=2.159e-03 ss=0.25
Epoch 64/80 | train total=1.9308e-01 mse=1.5634e-01 tpde=2.4306e-03 nt=0.0000e+00 | val_mse=2.6273e-01 | lr_p=1.00e-04 lr_l=2.00e-05 | 585s
GSPDEModel saved to /home/zfc5231/work/BBBB_qwen_pde_branch/paper/GS/L1/ablation/ckpt_arm2_random_s2024_p2/best_model
  -> best (val_mse=2.6273e-01)
  ep65 step0/237 total=1.992e-01 mse=1.641e-01 latent=2.341e-01 pde=1.597e-03 tpde=2.214e-03 ss=0.25
  ep65 step50/237 total=1.959e-01 mse=1.469e-01 latent=2.447e-01 pde=1.748e-03 tpde=2.423e-03 ss=0.25
  ep65 step100/237 total=2.189e-01 mse=2.133e-01 latent=2.244e-01 pde=2.728e-03 tpde=2.493e-03 ss=0.25
  ep65 step150/237 total=1.717e-01 mse=1.322e-01 latent=2.112e-01 pde=1.574e-03 tpde=2.346e-03 ss=0.25
  ep65 step200/237 total=2.365e-01 mse=1.721e-01 latent=3.006e-01 pde=2.041e-03 tpde=2.744e-03 ss=0.25
Epoch 65/80 | train total=1.9058e-01 mse=1.5328e-01 tpde=2.4179e-03 nt=0.0000e+00 | val_mse=2.8765e-01 | lr_p=1.00e-04 lr_l=2.00e-05 | 585s
  ep66 step0/237 total=2.228e-01 mse=1.785e-01 latent=2.670e-01 pde=1.716e-03 tpde=2.177e-03 ss=0.25
  ep66 step50/237 total=1.489e-01 mse=1.183e-01 latent=1.793e-01 pde=1.910e-03 tpde=2.323e-03 ss=0.25
  ep66 step100/237 total=2.184e-01 mse=1.596e-01 latent=2.770e-01 pde=1.718e-03 tpde=2.224e-03 ss=0.25
  ep66 step150/237 total=1.677e-01 mse=1.412e-01 latent=1.940e-01 pde=1.908e-03 tpde=2.265e-03 ss=0.25
  ep66 step200/237 total=1.107e-01 mse=6.094e-02 latent=1.604e-01 pde=1.699e-03 tpde=3.250e-03 ss=0.25
Epoch 66/80 | train total=1.9124e-01 mse=1.5365e-01 tpde=2.4236e-03 nt=0.0000e+00 | val_mse=2.7090e-01 | lr_p=1.00e-04 lr_l=2.00e-05 | 594s
  ep67 step0/237 total=1.970e-01 mse=1.508e-01 latent=2.432e-01 pde=1.616e-03 tpde=1.979e-03 ss=0.25
  ep67 step50/237 total=1.598e-01 mse=1.142e-01 latent=2.052e-01 pde=1.917e-03 tpde=2.081e-03 ss=0.25
  ep67 step100/237 total=2.197e-01 mse=1.725e-01 latent=2.668e-01 pde=1.664e-03 tpde=2.075e-03 ss=0.25
  ep67 step150/237 total=1.952e-01 mse=1.476e-01 latent=2.428e-01 pde=1.908e-03 tpde=2.487e-03 ss=0.25
  ep67 step200/237 total=2.255e-01 mse=2.252e-01 latent=2.256e-01 pde=1.927e-03 tpde=2.133e-03 ss=0.25
Epoch 67/80 | train total=1.8730e-01 mse=1.5079e-01 tpde=2.4097e-03 nt=0.0000e+00 | val_mse=2.7187e-01 | lr_p=1.00e-04 lr_l=2.00e-05 | 586s
  ep68 step0/237 total=1.523e-01 mse=1.339e-01 latent=1.705e-01 pde=2.039e-03 tpde=2.198e-03 ss=0.25
  ep68 step50/237 total=2.076e-01 mse=1.433e-01 latent=2.719e-01 pde=1.659e-03 tpde=2.223e-03 ss=0.25
  ep68 step100/237 total=2.667e-01 mse=2.216e-01 latent=3.117e-01 pde=1.932e-03 tpde=2.749e-03 ss=0.25
  ep68 step150/237 total=1.952e-01 mse=1.655e-01 latent=2.248e-01 pde=1.895e-03 tpde=2.402e-03 ss=0.25
  ep68 step200/237 total=1.963e-01 mse=1.715e-01 latent=2.211e-01 pde=1.698e-03 tpde=2.173e-03 ss=0.25
Epoch 68/80 | train total=1.8921e-01 mse=1.5347e-01 tpde=2.4008e-03 nt=0.0000e+00 | val_mse=2.7888e-01 | lr_p=1.00e-04 lr_l=2.00e-05 | 567s
  ep69 step0/237 total=1.912e-01 mse=1.334e-01 latent=2.489e-01 pde=1.599e-03 tpde=2.070e-03 ss=0.25
  ep69 step50/237 total=1.118e-01 mse=9.328e-02 latent=1.303e-01 pde=1.593e-03 tpde=2.088e-03 ss=0.25
  ep69 step100/237 total=1.771e-01 mse=1.336e-01 latent=2.204e-01 pde=1.752e-03 tpde=3.012e-03 ss=0.25
  ep69 step150/237 total=3.037e-01 mse=2.695e-01 latent=3.377e-01 pde=1.828e-03 tpde=2.238e-03 ss=0.25
  ep69 step200/237 total=2.081e-01 mse=1.772e-01 latent=2.389e-01 pde=1.773e-03 tpde=2.294e-03 ss=0.25
Epoch 69/80 | train total=1.8617e-01 mse=1.4829e-01 tpde=2.3329e-03 nt=0.0000e+00 | val_mse=2.7275e-01 | lr_p=1.00e-04 lr_l=2.00e-05 | 575s
  ep70 step0/237 total=2.150e-01 mse=1.557e-01 latent=2.742e-01 pde=1.997e-03 tpde=2.266e-03 ss=0.25
  ep70 step50/237 total=1.450e-01 mse=1.046e-01 latent=1.852e-01 pde=1.711e-03 tpde=2.223e-03 ss=0.25
  ep70 step100/237 total=1.625e-01 mse=9.305e-02 latent=2.319e-01 pde=1.632e-03 tpde=2.100e-03 ss=0.25
  ep70 step150/237 total=1.572e-01 mse=1.548e-01 latent=1.596e-01 pde=1.666e-03 tpde=1.933e-03 ss=0.25
  ep70 step200/237 total=1.609e-01 mse=1.362e-01 latent=1.855e-01 pde=1.957e-03 tpde=2.245e-03 ss=0.25
Epoch 70/80 | train total=1.8397e-01 mse=1.4760e-01 tpde=2.3472e-03 nt=0.0000e+00 | val_mse=2.7709e-01 | lr_p=1.00e-04 lr_l=2.00e-05 | 571s
GSPDEModel saved to /home/zfc5231/work/BBBB_qwen_pde_branch/paper/GS/L1/ablation/ckpt_arm2_random_s2024_p2/epoch_70
  ep71 step0/237 total=1.882e-01 mse=1.639e-01 latent=2.123e-01 pde=2.010e-03 tpde=2.391e-03 ss=0.25
  ep71 step50/237 total=1.826e-01 mse=1.411e-01 latent=2.240e-01 pde=1.726e-03 tpde=2.217e-03 ss=0.25
  ep71 step100/237 total=1.108e-01 mse=7.920e-02 latent=1.423e-01 pde=1.639e-03 tpde=2.279e-03 ss=0.25
  ep71 step150/237 total=1.891e-01 mse=1.684e-01 latent=2.097e-01 pde=1.743e-03 tpde=2.284e-03 ss=0.25
  ep71 step200/237 total=1.966e-01 mse=1.443e-01 latent=2.488e-01 pde=1.702e-03 tpde=2.407e-03 ss=0.25
Epoch 71/80 | train total=1.8272e-01 mse=1.4566e-01 tpde=2.3902e-03 nt=0.0000e+00 | val_mse=2.7249e-01 | lr_p=1.00e-04 lr_l=2.00e-05 | 597s
  ep72 step0/237 total=2.304e-01 mse=1.933e-01 latent=2.673e-01 pde=1.913e-03 tpde=2.276e-03 ss=0.25
  ep72 step50/237 total=1.859e-01 mse=1.652e-01 latent=2.064e-01 pde=2.455e-03 tpde=2.355e-03 ss=0.25
  ep72 step100/237 total=1.791e-01 mse=1.285e-01 latent=2.295e-01 pde=1.537e-03 tpde=2.113e-03 ss=0.25
  ep72 step150/237 total=1.479e-01 mse=1.323e-01 latent=1.635e-01 pde=1.753e-03 tpde=2.277e-03 ss=0.25
  ep72 step200/237 total=2.345e-01 mse=2.221e-01 latent=2.468e-01 pde=1.903e-03 tpde=2.259e-03 ss=0.25
Epoch 72/80 | train total=1.8183e-01 mse=1.4575e-01 tpde=2.3677e-03 nt=0.0000e+00 | val_mse=2.6988e-01 | lr_p=1.00e-04 lr_l=2.00e-05 | 573s
  ep73 step0/237 total=2.035e-01 mse=1.898e-01 latent=2.170e-01 pde=1.821e-03 tpde=2.252e-03 ss=0.25
  ep73 step50/237 total=2.505e-01 mse=2.285e-01 latent=2.722e-01 pde=1.844e-03 tpde=5.942e-03 ss=0.25
  ep73 step100/237 total=1.490e-01 mse=1.154e-01 latent=1.825e-01 pde=1.919e-03 tpde=2.501e-03 ss=0.25
  ep73 step150/237 total=1.528e-01 mse=8.794e-02 latent=2.176e-01 pde=1.830e-03 tpde=2.264e-03 ss=0.25
  ep73 step200/237 total=1.556e-01 mse=1.317e-01 latent=1.794e-01 pde=1.915e-03 tpde=2.283e-03 ss=0.25
Epoch 73/80 | train total=1.7921e-01 mse=1.4333e-01 tpde=2.3410e-03 nt=0.0000e+00 | val_mse=2.7666e-01 | lr_p=1.00e-04 lr_l=2.00e-05 | 583s
  ep74 step0/237 total=1.660e-01 mse=1.211e-01 latent=2.107e-01 pde=1.753e-03 tpde=2.525e-03 ss=0.25
  ep74 step50/237 total=1.211e-01 mse=8.210e-02 latent=1.601e-01 pde=1.502e-03 tpde=1.928e-03 ss=0.25
  ep74 step100/237 total=1.462e-01 mse=1.003e-01 latent=1.920e-01 pde=1.754e-03 tpde=2.344e-03 ss=0.25
  ep74 step150/237 total=1.438e-01 mse=1.173e-01 latent=1.702e-01 pde=1.942e-03 tpde=3.250e-03 ss=0.25
  ep74 step200/237 total=1.543e-01 mse=1.241e-01 latent=1.844e-01 pde=1.798e-03 tpde=2.054e-03 ss=0.25
Epoch 74/80 | train total=1.7756e-01 mse=1.4102e-01 tpde=2.3147e-03 nt=0.0000e+00 | val_mse=3.4097e-01 | lr_p=1.00e-04 lr_l=2.00e-05 | 570s
  ep75 step0/237 total=1.780e-01 mse=1.248e-01 latent=2.311e-01 pde=1.620e-03 tpde=2.164e-03 ss=0.25
  ep75 step50/237 total=1.489e-01 mse=1.289e-01 latent=1.688e-01 pde=2.279e-03 tpde=2.316e-03 ss=0.25
  ep75 step100/237 total=1.583e-01 mse=1.043e-01 latent=2.121e-01 pde=1.562e-03 tpde=1.937e-03 ss=0.25
  ep75 step150/237 total=1.128e-01 mse=8.352e-02 latent=1.419e-01 pde=1.720e-03 tpde=2.496e-03 ss=0.25
  ep75 step200/237 total=1.459e-01 mse=9.997e-02 latent=1.917e-01 pde=1.562e-03 tpde=2.618e-03 ss=0.25
Epoch 75/80 | train total=1.7661e-01 mse=1.4032e-01 tpde=2.2756e-03 nt=0.0000e+00 | val_mse=2.8257e-01 | lr_p=1.00e-04 lr_l=2.00e-05 | 578s
  ep76 step0/237 total=1.638e-01 mse=1.011e-01 latent=2.264e-01 pde=1.843e-03 tpde=2.324e-03 ss=0.25
  ep76 step50/237 total=1.842e-01 mse=1.592e-01 latent=2.091e-01 pde=1.855e-03 tpde=2.014e-03 ss=0.25
  ep76 step100/237 total=1.293e-01 mse=9.376e-02 latent=1.648e-01 pde=1.690e-03 tpde=2.166e-03 ss=0.25
  ep76 step150/237 total=1.146e-01 mse=5.578e-02 latent=1.734e-01 pde=1.574e-03 tpde=2.204e-03 ss=0.25
  ep76 step200/237 total=2.153e-01 mse=1.810e-01 latent=2.495e-01 pde=1.648e-03 tpde=2.086e-03 ss=0.25
Epoch 76/80 | train total=1.7839e-01 mse=1.4222e-01 tpde=2.2623e-03 nt=0.0000e+00 | val_mse=3.3807e-01 | lr_p=1.00e-04 lr_l=2.00e-05 | 582s
  ep77 step0/237 total=1.594e-01 mse=1.238e-01 latent=1.949e-01 pde=1.683e-03 tpde=2.242e-03 ss=0.25
  ep77 step50/237 total=1.636e-01 mse=1.430e-01 latent=1.841e-01 pde=1.791e-03 tpde=2.116e-03 ss=0.25
  ep77 step100/237 total=1.988e-01 mse=1.662e-01 latent=2.314e-01 pde=1.762e-03 tpde=3.165e-03 ss=0.25
  ep77 step150/237 total=1.722e-01 mse=1.281e-01 latent=2.161e-01 pde=1.935e-03 tpde=2.234e-03 ss=0.25
  ep77 step200/237 total=2.008e-01 mse=1.388e-01 latent=2.627e-01 pde=1.709e-03 tpde=2.296e-03 ss=0.25
Epoch 77/80 | train total=1.7293e-01 mse=1.3699e-01 tpde=2.2503e-03 nt=0.0000e+00 | val_mse=2.6868e-01 | lr_p=1.00e-04 lr_l=2.00e-05 | 582s
  ep78 step0/237 total=2.159e-01 mse=2.025e-01 latent=2.291e-01 pde=1.736e-03 tpde=2.127e-03 ss=0.25
  ep78 step50/237 total=1.538e-01 mse=1.207e-01 latent=1.868e-01 pde=1.701e-03 tpde=2.055e-03 ss=0.25
  ep78 step100/237 total=1.860e-01 mse=1.495e-01 latent=2.223e-01 pde=3.388e-03 tpde=2.402e-03 ss=0.25
  ep78 step150/237 total=1.657e-01 mse=1.449e-01 latent=1.863e-01 pde=2.467e-03 tpde=2.323e-03 ss=0.25
  ep78 step200/237 total=1.767e-01 mse=1.148e-01 latent=2.385e-01 pde=1.654e-03 tpde=1.889e-03 ss=0.25
Epoch 78/80 | train total=1.7443e-01 mse=1.3952e-01 tpde=2.3288e-03 nt=0.0000e+00 | val_mse=2.6954e-01 | lr_p=1.00e-04 lr_l=2.00e-05 | 583s
  ep79 step0/237 total=1.540e-01 mse=1.364e-01 latent=1.716e-01 pde=1.796e-03 tpde=2.305e-03 ss=0.25
  ep79 step50/237 total=1.438e-01 mse=1.165e-01 latent=1.709e-01 pde=2.045e-03 tpde=3.501e-03 ss=0.25
  ep79 step100/237 total=1.713e-01 mse=1.662e-01 latent=1.762e-01 pde=1.740e-03 tpde=2.168e-03 ss=0.25
  ep79 step150/237 total=1.810e-01 mse=1.356e-01 latent=2.264e-01 pde=1.713e-03 tpde=2.102e-03 ss=0.25
  ep79 step200/237 total=1.271e-01 mse=9.626e-02 latent=1.579e-01 pde=1.793e-03 tpde=2.312e-03 ss=0.25
Epoch 79/80 | train total=1.7299e-01 mse=1.3776e-01 tpde=2.2847e-03 nt=0.0000e+00 | val_mse=2.6636e-01 | lr_p=1.00e-04 lr_l=2.00e-05 | 594s
  ep80 step0/237 total=1.853e-01 mse=1.303e-01 latent=2.402e-01 pde=1.913e-03 tpde=2.305e-03 ss=0.25
  ep80 step50/237 total=1.687e-01 mse=1.317e-01 latent=2.057e-01 pde=1.636e-03 tpde=2.122e-03 ss=0.25
  ep80 step100/237 total=1.393e-01 mse=1.199e-01 latent=1.585e-01 pde=1.546e-03 tpde=2.023e-03 ss=0.25
  ep80 step150/237 total=1.412e-01 mse=9.317e-02 latent=1.891e-01 pde=1.587e-03 tpde=2.188e-03 ss=0.25
  ep80 step200/237 total=1.255e-01 mse=8.014e-02 latent=1.708e-01 pde=1.802e-03 tpde=2.073e-03 ss=0.25
Epoch 80/80 | train total=1.6997e-01 mse=1.3393e-01 tpde=2.2663e-03 nt=0.0000e+00 | val_mse=3.0419e-01 | lr_p=1.00e-04 lr_l=2.00e-05 | 590s
GSPDEModel saved to /home/zfc5231/work/BBBB_qwen_pde_branch/paper/GS/L1/ablation/ckpt_arm2_random_s2024_p2/epoch_80
=== [arm2_random s2024] PHASE3 no-context fixed-K (RAND=1) Mon 27 Jul 2026 12:43:19 PM UTC ===
[multi-seed] seed override = 2024
resuming from /home/zfc5231/work/BBBB_qwen_pde_branch/paper/GS/L1/ablation/ckpt_arm2_random_s2024_p2/best_model  (no_context_prob=1.0)
[rank0] FDM physics residual loss enabled (lambda_pde=0.02)[rank2] FDM physics residual loss enabled (lambda_pde=0.02)

[rank2] ABLATION random-init backbone (frozen) for resume -> cuda:2
[rank0] ABLATION random-init backbone (frozen) for resume -> cuda:0
[rank3] FDM physics residual loss enabled (lambda_pde=0.02)
[rank1] FDM physics residual loss enabled (lambda_pde=0.02)
[rank1] ABLATION random-init backbone (frozen) for resume -> cuda:1
[rank3] ABLATION random-init backbone (frozen) for resume -> cuda:3
proj params 8,336,008  lora params 10,092,544
  ep1 step0/237 total=4.984e-01 mse=4.367e-01 latent=5.601e-01 pde=1.889e-03 tpde=1.992e-03 ss=0.02
  ep1 step50/237 total=3.189e-01 mse=2.550e-01 latent=3.828e-01 pde=2.493e-03 tpde=2.582e-03 ss=0.02
  ep1 step100/237 total=2.494e-01 mse=1.885e-01 latent=3.102e-01 pde=1.860e-03 tpde=2.027e-03 ss=0.02
  ep1 step150/237 total=2.848e-01 mse=1.981e-01 latent=3.714e-01 pde=1.859e-03 tpde=2.640e-03 ss=0.02
  ep1 step200/237 total=1.779e-01 mse=1.469e-01 latent=2.088e-01 pde=1.759e-03 tpde=2.249e-03 ss=0.02
Epoch 1/60 | train total=2.5767e-01 mse=1.9356e-01 tpde=2.7479e-03 nt=0.0000e+00 | val_mse=3.0299e-01 | lr_p=3.00e-05 lr_l=1.00e-05 | 206s
GSPDEModel saved to /home/zfc5231/work/BBBB_qwen_pde_branch/paper/GS/L1/ablation/ckpt_arm2_random_s2024_p3/best_model
  -> best (val_mse=3.0299e-01)
  ep2 step0/237 total=1.959e-01 mse=1.484e-01 latent=2.434e-01 pde=2.297e-03 tpde=2.303e-03 ss=0.03
  ep2 step50/237 total=2.276e-01 mse=1.581e-01 latent=2.970e-01 pde=2.467e-03 tpde=2.422e-03 ss=0.03
  ep2 step100/237 total=2.592e-01 mse=1.633e-01 latent=3.550e-01 pde=2.046e-03 tpde=3.192e-03 ss=0.03
  ep2 step150/237 total=1.581e-01 mse=1.387e-01 latent=1.775e-01 pde=2.611e-03 tpde=2.616e-03 ss=0.03
  ep2 step200/237 total=2.349e-01 mse=2.042e-01 latent=2.656e-01 pde=2.665e-03 tpde=2.616e-03 ss=0.03
Epoch 2/60 | train total=2.2577e-01 mse=1.7081e-01 tpde=2.9683e-03 nt=0.0000e+00 | val_mse=2.8489e-01 | lr_p=3.00e-05 lr_l=1.00e-05 | 196s
GSPDEModel saved to /home/zfc5231/work/BBBB_qwen_pde_branch/paper/GS/L1/ablation/ckpt_arm2_random_s2024_p3/best_model
  -> best (val_mse=2.8489e-01)
  ep3 step0/237 total=1.647e-01 mse=1.139e-01 latent=2.154e-01 pde=2.525e-03 tpde=2.606e-03 ss=0.05
  ep3 step50/237 total=1.624e-01 mse=1.295e-01 latent=1.953e-01 pde=1.765e-03 tpde=2.102e-03 ss=0.05
  ep3 step100/237 total=1.364e-01 mse=9.509e-02 latent=1.776e-01 pde=2.321e-03 tpde=2.099e-03 ss=0.05
  ep3 step150/237 total=2.273e-01 mse=1.799e-01 latent=2.745e-01 pde=1.976e-03 tpde=6.559e-03 ss=0.05
  ep3 step200/237 total=1.982e-01 mse=1.581e-01 latent=2.381e-01 pde=2.390e-03 tpde=8.681e-03 ss=0.05
Epoch 3/60 | train total=2.1481e-01 mse=1.6247e-01 tpde=2.9963e-03 nt=0.0000e+00 | val_mse=2.8084e-01 | lr_p=3.00e-05 lr_l=1.00e-05 | 199s
GSPDEModel saved to /home/zfc5231/work/BBBB_qwen_pde_branch/paper/GS/L1/ablation/ckpt_arm2_random_s2024_p3/best_model
  -> best (val_mse=2.8084e-01)
  ep4 step0/237 total=2.902e-01 mse=2.230e-01 latent=3.574e-01 pde=2.148e-03 tpde=2.159e-03 ss=0.07
  ep4 step50/237 total=1.631e-01 mse=1.110e-01 latent=2.152e-01 pde=1.754e-03 tpde=2.451e-03 ss=0.07
  ep4 step100/237 total=2.590e-01 mse=2.192e-01 latent=2.987e-01 pde=1.830e-03 tpde=2.290e-03 ss=0.07
  ep4 step150/237 total=2.136e-01 mse=1.638e-01 latent=2.634e-01 pde=1.735e-03 tpde=2.253e-03 ss=0.07
  ep4 step200/237 total=2.316e-01 mse=1.930e-01 latent=2.701e-01 pde=2.073e-03 tpde=2.655e-03 ss=0.07
Epoch 4/60 | train total=2.0884e-01 mse=1.5813e-01 tpde=2.9064e-03 nt=0.0000e+00 | val_mse=2.7284e-01 | lr_p=3.00e-05 lr_l=1.00e-05 | 201s
GSPDEModel saved to /home/zfc5231/work/BBBB_qwen_pde_branch/paper/GS/L1/ablation/ckpt_arm2_random_s2024_p3/best_model
  -> best (val_mse=2.7284e-01)
  ep5 step0/237 total=2.642e-01 mse=2.064e-01 latent=3.220e-01 pde=1.894e-03 tpde=2.852e-03 ss=0.08
  ep5 step50/237 total=1.829e-01 mse=1.316e-01 latent=2.342e-01 pde=1.497e-03 tpde=2.118e-03 ss=0.08
  ep5 step100/237 total=2.563e-01 mse=2.470e-01 latent=2.654e-01 pde=2.353e-03 tpde=7.876e-03 ss=0.08
  ep5 step150/237 total=1.829e-01 mse=1.439e-01 latent=2.219e-01 pde=1.667e-03 tpde=2.317e-03 ss=0.08
  ep5 step200/237 total=2.531e-01 mse=2.036e-01 latent=3.026e-01 pde=1.947e-03 tpde=3.098e-03 ss=0.08
Epoch 5/60 | train total=2.0481e-01 mse=1.5493e-01 tpde=2.8636e-03 nt=0.0000e+00 | val_mse=2.6984e-01 | lr_p=3.00e-05 lr_l=1.00e-05 | 198s
GSPDEModel saved to /home/zfc5231/work/BBBB_qwen_pde_branch/paper/GS/L1/ablation/ckpt_arm2_random_s2024_p3/best_model
  -> best (val_mse=2.6984e-01)
  ep6 step0/237 total=1.396e-01 mse=1.004e-01 latent=1.786e-01 pde=2.020e-03 tpde=2.238e-03 ss=0.10
  ep6 step50/237 total=1.737e-01 mse=1.172e-01 latent=2.300e-01 pde=1.860e-03 tpde=3.086e-03 ss=0.10
  ep6 step100/237 total=1.725e-01 mse=1.314e-01 latent=2.137e-01 pde=1.654e-03 tpde=2.626e-03 ss=0.10
  ep6 step150/237 total=2.178e-01 mse=1.393e-01 latent=2.962e-01 pde=2.361e-03 tpde=2.236e-03 ss=0.10
  ep6 step200/237 total=2.091e-01 mse=1.756e-01 latent=2.425e-01 pde=1.717e-03 tpde=2.351e-03 ss=0.10
Epoch 6/60 | train total=2.0240e-01 mse=1.5284e-01 tpde=2.8928e-03 nt=0.0000e+00 | val_mse=2.9435e-01 | lr_p=3.00e-05 lr_l=1.00e-05 | 197s
  ep7 step0/237 total=1.400e-01 mse=1.040e-01 latent=1.759e-01 pde=1.584e-03 tpde=2.301e-03 ss=0.12
  ep7 step50/237 total=1.937e-01 mse=1.404e-01 latent=2.469e-01 pde=1.987e-03 tpde=2.866e-03 ss=0.12
  ep7 step100/237 total=1.982e-01 mse=1.505e-01 latent=2.457e-01 pde=1.906e-03 tpde=2.505e-03 ss=0.12
  ep7 step150/237 total=2.424e-01 mse=2.031e-01 latent=2.816e-01 pde=1.848e-03 tpde=2.578e-03 ss=0.12
  ep7 step200/237 total=2.430e-01 mse=2.110e-01 latent=2.749e-01 pde=1.678e-03 tpde=2.576e-03 ss=0.12
Epoch 7/60 | train total=2.0077e-01 mse=1.5231e-01 tpde=2.9212e-03 nt=0.0000e+00 | val_mse=2.9977e-01 | lr_p=3.00e-05 lr_l=1.00e-05 | 188s
  ep8 step0/237 total=1.800e-01 mse=1.374e-01 latent=2.224e-01 pde=1.808e-03 tpde=3.252e-03 ss=0.13
  ep8 step50/237 total=2.049e-01 mse=1.613e-01 latent=2.482e-01 pde=1.589e-03 tpde=1.113e-02 ss=0.13
  ep8 step100/237 total=2.138e-01 mse=1.843e-01 latent=2.431e-01 pde=1.846e-03 tpde=4.533e-03 ss=0.13
  ep8 step150/237 total=1.939e-01 mse=1.534e-01 latent=2.344e-01 pde=1.988e-03 tpde=2.535e-03 ss=0.13
  ep8 step200/237 total=1.965e-01 mse=1.359e-01 latent=2.571e-01 pde=1.647e-03 tpde=2.338e-03 ss=0.13
Epoch 8/60 | train total=1.9753e-01 mse=1.4958e-01 tpde=2.7934e-03 nt=0.0000e+00 | val_mse=2.6859e-01 | lr_p=3.00e-05 lr_l=1.00e-05 | 190s
GSPDEModel saved to /home/zfc5231/work/BBBB_qwen_pde_branch/paper/GS/L1/ablation/ckpt_arm2_random_s2024_p3/best_model
  -> best (val_mse=2.6859e-01)
  ep9 step0/237 total=2.264e-01 mse=1.876e-01 latent=2.651e-01 pde=1.588e-03 tpde=2.539e-03 ss=0.15
  ep9 step50/237 total=2.187e-01 mse=1.557e-01 latent=2.817e-01 pde=1.744e-03 tpde=2.799e-03 ss=0.15
  ep9 step100/237 total=1.887e-01 mse=1.662e-01 latent=2.110e-01 pde=3.249e-03 tpde=2.531e-03 ss=0.15
  ep9 step150/237 total=1.971e-01 mse=1.440e-01 latent=2.499e-01 pde=1.838e-03 tpde=8.753e-03 ss=0.15
  ep9 step200/237 total=1.186e-01 mse=7.364e-02 latent=1.634e-01 pde=1.693e-03 tpde=2.917e-03 ss=0.15
Epoch 9/60 | train total=1.9804e-01 mse=1.5026e-01 tpde=2.9465e-03 nt=0.0000e+00 | val_mse=2.6878e-01 | lr_p=3.00e-05 lr_l=1.00e-05 | 194s
  ep10 step0/237 total=2.169e-01 mse=1.573e-01 latent=2.764e-01 pde=1.722e-03 tpde=2.418e-03 ss=0.17
  ep10 step50/237 total=2.455e-01 mse=1.999e-01 latent=2.909e-01 pde=2.014e-03 tpde=2.862e-03 ss=0.17
  ep10 step100/237 total=1.967e-01 mse=1.421e-01 latent=2.512e-01 pde=2.376e-03 tpde=3.152e-03 ss=0.17
  ep10 step150/237 total=2.351e-01 mse=1.977e-01 latent=2.724e-01 pde=1.855e-03 tpde=3.797e-03 ss=0.17
  ep10 step200/237 total=1.768e-01 mse=1.169e-01 latent=2.366e-01 pde=2.088e-03 tpde=2.250e-03 ss=0.17
Epoch 10/60 | train total=1.9765e-01 mse=1.5066e-01 tpde=2.8795e-03 nt=0.0000e+00 | val_mse=2.6651e-01 | lr_p=3.00e-05 lr_l=1.00e-05 | 188s
GSPDEModel saved to /home/zfc5231/work/BBBB_qwen_pde_branch/paper/GS/L1/ablation/ckpt_arm2_random_s2024_p3/best_model
  -> best (val_mse=2.6651e-01)
GSPDEModel saved to /home/zfc5231/work/BBBB_qwen_pde_branch/paper/GS/L1/ablation/ckpt_arm2_random_s2024_p3/epoch_10
  ep11 step0/237 total=1.703e-01 mse=1.462e-01 latent=1.941e-01 pde=1.809e-03 tpde=3.940e-03 ss=0.18
  ep11 step50/237 total=1.814e-01 mse=1.364e-01 latent=2.262e-01 pde=2.197e-03 tpde=2.878e-03 ss=0.18
  ep11 step100/237 total=1.726e-01 mse=1.409e-01 latent=2.042e-01 pde=1.895e-03 tpde=2.283e-03 ss=0.18
  ep11 step150/237 total=1.814e-01 mse=1.201e-01 latent=2.425e-01 pde=2.515e-03 tpde=3.140e-03 ss=0.18
  ep11 step200/237 total=2.321e-01 mse=1.380e-01 latent=3.262e-01 pde=1.652e-03 tpde=2.092e-03 ss=0.18
Epoch 11/60 | train total=1.9575e-01 mse=1.4932e-01 tpde=2.7598e-03 nt=0.0000e+00 | val_mse=2.6760e-01 | lr_p=3.00e-05 lr_l=1.00e-05 | 196s
  ep12 step0/237 total=1.749e-01 mse=1.167e-01 latent=2.329e-01 pde=1.586e-03 tpde=7.929e-03 ss=0.20
  ep12 step50/237 total=2.739e-01 mse=2.107e-01 latent=3.370e-01 pde=1.912e-03 tpde=2.571e-03 ss=0.20
  ep12 step100/237 total=1.499e-01 mse=1.367e-01 latent=1.630e-01 pde=1.705e-03 tpde=2.348e-03 ss=0.20
  ep12 step150/237 total=2.085e-01 mse=1.623e-01 latent=2.545e-01 pde=2.231e-03 tpde=2.221e-03 ss=0.20
  ep12 step200/237 total=1.581e-01 mse=8.725e-02 latent=2.287e-01 pde=1.926e-03 tpde=3.762e-03 ss=0.20
Epoch 12/60 | train total=1.9509e-01 mse=1.4801e-01 tpde=2.8659e-03 nt=0.0000e+00 | val_mse=2.8488e-01 | lr_p=3.00e-05 lr_l=1.00e-05 | 193s
  ep13 step0/237 total=2.269e-01 mse=1.799e-01 latent=2.738e-01 pde=1.934e-03 tpde=2.240e-03 ss=0.22
  ep13 step50/237 total=1.729e-01 mse=1.357e-01 latent=2.100e-01 pde=2.395e-03 tpde=2.491e-03 ss=0.22
  ep13 step100/237 total=1.899e-01 mse=1.652e-01 latent=2.144e-01 pde=1.884e-03 tpde=2.184e-03 ss=0.22
  ep13 step150/237 total=2.068e-01 mse=1.526e-01 latent=2.609e-01 pde=2.113e-03 tpde=3.044e-03 ss=0.22
  ep13 step200/237 total=2.036e-01 mse=1.580e-01 latent=2.492e-01 pde=1.697e-03 tpde=2.084e-03 ss=0.22
Epoch 13/60 | train total=1.9388e-01 mse=1.4661e-01 tpde=2.6383e-03 nt=0.0000e+00 | val_mse=2.6319e-01 | lr_p=3.00e-05 lr_l=1.00e-05 | 191s
GSPDEModel saved to /home/zfc5231/work/BBBB_qwen_pde_branch/paper/GS/L1/ablation/ckpt_arm2_random_s2024_p3/best_model
  -> best (val_mse=2.6319e-01)
  ep14 step0/237 total=1.898e-01 mse=1.603e-01 latent=2.192e-01 pde=1.674e-03 tpde=4.718e-03 ss=0.23
  ep14 step50/237 total=1.915e-01 mse=1.427e-01 latent=2.403e-01 pde=1.669e-03 tpde=2.162e-03 ss=0.23
  ep14 step100/237 total=1.883e-01 mse=1.550e-01 latent=2.215e-01 pde=1.782e-03 tpde=2.181e-03 ss=0.23
  ep14 step150/237 total=2.084e-01 mse=1.589e-01 latent=2.576e-01 pde=1.875e-03 tpde=4.449e-03 ss=0.23
  ep14 step200/237 total=2.025e-01 mse=1.349e-01 latent=2.700e-01 pde=1.640e-03 tpde=2.332e-03 ss=0.23
Epoch 14/60 | train total=1.9215e-01 mse=1.4522e-01 tpde=2.7020e-03 nt=0.0000e+00 | val_mse=2.7296e-01 | lr_p=3.00e-05 lr_l=1.00e-05 | 200s
  ep15 step0/237 total=1.950e-01 mse=1.162e-01 latent=2.737e-01 pde=1.595e-03 tpde=3.238e-03 ss=0.25
  ep15 step50/237 total=1.363e-01 mse=1.048e-01 latent=1.676e-01 pde=2.221e-03 tpde=2.453e-03 ss=0.25
  ep15 step100/237 total=2.050e-01 mse=1.529e-01 latent=2.569e-01 pde=1.871e-03 tpde=2.211e-03 ss=0.25
  ep15 step150/237 total=2.148e-01 mse=1.253e-01 latent=3.041e-01 pde=1.859e-03 tpde=4.142e-03 ss=0.25
  ep15 step200/237 total=2.603e-01 mse=2.199e-01 latent=3.006e-01 pde=1.880e-03 tpde=2.286e-03 ss=0.25
Epoch 15/60 | train total=1.9077e-01 mse=1.4401e-01 tpde=2.7183e-03 nt=0.0000e+00 | val_mse=2.6286e-01 | lr_p=3.00e-05 lr_l=1.00e-05 | 201s
GSPDEModel saved to /home/zfc5231/work/BBBB_qwen_pde_branch/paper/GS/L1/ablation/ckpt_arm2_random_s2024_p3/best_model
  -> best (val_mse=2.6286e-01)
  ep16 step0/237 total=2.574e-01 mse=2.237e-01 latent=2.910e-01 pde=1.780e-03 tpde=2.683e-03 ss=0.25
  ep16 step50/237 total=2.048e-01 mse=1.669e-01 latent=2.426e-01 pde=1.746e-03 tpde=2.247e-03 ss=0.25
  ep16 step100/237 total=2.129e-01 mse=1.697e-01 latent=2.560e-01 pde=1.645e-03 tpde=2.083e-03 ss=0.25
  ep16 step150/237 total=1.633e-01 mse=1.460e-01 latent=1.806e-01 pde=1.801e-03 tpde=2.078e-03 ss=0.25
  ep16 step200/237 total=1.593e-01 mse=1.070e-01 latent=2.114e-01 pde=1.715e-03 tpde=2.424e-03 ss=0.25
Epoch 16/60 | train total=1.8947e-01 mse=1.4185e-01 tpde=2.7041e-03 nt=0.0000e+00 | val_mse=2.6461e-01 | lr_p=3.00e-05 lr_l=1.00e-05 | 194s
  ep17 step0/237 total=1.432e-01 mse=8.452e-02 latent=2.017e-01 pde=1.663e-03 tpde=2.470e-03 ss=0.25
  ep17 step50/237 total=2.006e-01 mse=1.519e-01 latent=2.492e-01 pde=1.811e-03 tpde=2.343e-03 ss=0.25
  ep17 step100/237 total=2.218e-01 mse=1.670e-01 latent=2.765e-01 pde=1.798e-03 tpde=2.195e-03 ss=0.25
  ep17 step150/237 total=1.410e-01 mse=9.541e-02 latent=1.865e-01 pde=1.949e-03 tpde=2.488e-03 ss=0.25
  ep17 step200/237 total=2.150e-01 mse=1.981e-01 latent=2.318e-01 pde=1.694e-03 tpde=3.431e-03 ss=0.25
Epoch 17/60 | train total=1.8574e-01 mse=1.3916e-01 tpde=2.6386e-03 nt=0.0000e+00 | val_mse=2.7447e-01 | lr_p=3.00e-05 lr_l=1.00e-05 | 196s
  ep18 step0/237 total=2.332e-01 mse=1.759e-01 latent=2.904e-01 pde=1.684e-03 tpde=2.872e-03 ss=0.25
  ep18 step50/237 total=2.184e-01 mse=1.415e-01 latent=2.952e-01 pde=1.613e-03 tpde=2.602e-03 ss=0.25
  ep18 step100/237 total=3.146e-01 mse=2.549e-01 latent=3.741e-01 pde=2.006e-03 tpde=2.483e-03 ss=0.25
  ep18 step150/237 total=1.648e-01 mse=1.263e-01 latent=2.032e-01 pde=1.674e-03 tpde=1.997e-03 ss=0.25
  ep18 step200/237 total=1.637e-01 mse=1.503e-01 latent=1.769e-01 pde=1.653e-03 tpde=2.349e-03 ss=0.25
Epoch 18/60 | train total=1.8609e-01 mse=1.3906e-01 tpde=2.6930e-03 nt=0.0000e+00 | val_mse=2.6395e-01 | lr_p=3.00e-05 lr_l=1.00e-05 | 198s
  ep19 step0/237 total=1.985e-01 mse=1.286e-01 latent=2.684e-01 pde=1.602e-03 tpde=2.040e-03 ss=0.25
  ep19 step50/237 total=1.337e-01 mse=8.242e-02 latent=1.849e-01 pde=1.609e-03 tpde=5.313e-03 ss=0.25
  ep19 step100/237 total=1.561e-01 mse=1.380e-01 latent=1.741e-01 pde=2.110e-03 tpde=2.178e-03 ss=0.25
  ep19 step150/237 total=1.836e-01 mse=1.087e-01 latent=2.583e-01 pde=2.626e-03 tpde=3.185e-03 ss=0.25
  ep19 step200/237 total=1.463e-01 mse=1.185e-01 latent=1.740e-01 pde=1.934e-03 tpde=2.398e-03 ss=0.25
Epoch 19/60 | train total=1.8196e-01 mse=1.3585e-01 tpde=2.6716e-03 nt=0.0000e+00 | val_mse=2.6443e-01 | lr_p=3.00e-05 lr_l=1.00e-05 | 197s
  ep20 step0/237 total=2.223e-01 mse=1.480e-01 latent=2.965e-01 pde=1.931e-03 tpde=3.393e-03 ss=0.25
  ep20 step50/237 total=2.053e-01 mse=1.761e-01 latent=2.343e-01 pde=2.579e-03 tpde=2.362e-03 ss=0.25
  ep20 step100/237 total=2.011e-01 mse=1.714e-01 latent=2.306e-01 pde=1.829e-03 tpde=2.533e-03 ss=0.25
  ep20 step150/237 total=2.494e-01 mse=2.016e-01 latent=2.970e-01 pde=1.724e-03 tpde=2.261e-03 ss=0.25
  ep20 step200/237 total=1.255e-01 mse=1.036e-01 latent=1.474e-01 pde=1.647e-03 tpde=2.098e-03 ss=0.25
Epoch 20/60 | train total=1.8028e-01 mse=1.3350e-01 tpde=2.6185e-03 nt=0.0000e+00 | val_mse=2.6966e-01 | lr_p=3.00e-05 lr_l=1.00e-05 | 196s
GSPDEModel saved to /home/zfc5231/work/BBBB_qwen_pde_branch/paper/GS/L1/ablation/ckpt_arm2_random_s2024_p3/epoch_20
  ep21 step0/237 total=1.431e-01 mse=1.327e-01 latent=1.533e-01 pde=2.172e-03 tpde=2.466e-03 ss=0.25
  ep21 step50/237 total=1.941e-01 mse=1.248e-01 latent=2.633e-01 pde=1.665e-03 tpde=1.925e-03 ss=0.25
  ep21 step100/237 total=1.969e-01 mse=1.229e-01 latent=2.707e-01 pde=1.602e-03 tpde=3.564e-03 ss=0.25
  ep21 step150/237 total=1.768e-01 mse=1.167e-01 latent=2.366e-01 pde=2.165e-03 tpde=2.187e-03 ss=0.25
  ep21 step200/237 total=2.275e-01 mse=1.903e-01 latent=2.647e-01 pde=1.659e-03 tpde=2.157e-03 ss=0.25
Epoch 21/60 | train total=1.7867e-01 mse=1.3191e-01 tpde=2.5786e-03 nt=0.0000e+00 | val_mse=2.7775e-01 | lr_p=3.00e-05 lr_l=1.00e-05 | 210s
  ep22 step0/237 total=1.716e-01 mse=1.096e-01 latent=2.336e-01 pde=1.794e-03 tpde=2.296e-03 ss=0.25
  ep22 step50/237 total=1.509e-01 mse=1.403e-01 latent=1.614e-01 pde=1.734e-03 tpde=2.735e-03 ss=0.25
  ep22 step100/237 total=1.878e-01 mse=1.141e-01 latent=2.613e-01 pde=1.544e-03 tpde=1.899e-03 ss=0.25
  ep22 step150/237 total=1.601e-01 mse=1.249e-01 latent=1.952e-01 pde=1.561e-03 tpde=3.197e-03 ss=0.25
  ep22 step200/237 total=2.141e-01 mse=1.574e-01 latent=2.707e-01 pde=1.812e-03 tpde=2.439e-03 ss=0.25
Epoch 22/60 | train total=1.7634e-01 mse=1.2906e-01 tpde=2.5767e-03 nt=0.0000e+00 | val_mse=2.6281e-01 | lr_p=3.00e-05 lr_l=1.00e-05 | 198s
GSPDEModel saved to /home/zfc5231/work/BBBB_qwen_pde_branch/paper/GS/L1/ablation/ckpt_arm2_random_s2024_p3/best_model
  -> best (val_mse=2.6281e-01)
  ep23 step0/237 total=2.179e-01 mse=1.638e-01 latent=2.719e-01 pde=1.977e-03 tpde=2.127e-03 ss=0.25
  ep23 step50/237 total=1.569e-01 mse=1.062e-01 latent=2.076e-01 pde=1.578e-03 tpde=2.361e-03 ss=0.25
  ep23 step100/237 total=2.038e-01 mse=1.740e-01 latent=2.335e-01 pde=1.973e-03 tpde=2.423e-03 ss=0.25
  ep23 step150/237 total=2.060e-01 mse=1.478e-01 latent=2.640e-01 pde=1.859e-03 tpde=3.004e-03 ss=0.25
  ep23 step200/237 total=1.370e-01 mse=9.479e-02 latent=1.791e-01 pde=1.673e-03 tpde=2.153e-03 ss=0.25
Epoch 23/60 | train total=1.7485e-01 mse=1.2750e-01 tpde=2.5159e-03 nt=0.0000e+00 | val_mse=2.7108e-01 | lr_p=3.00e-05 lr_l=1.00e-05 | 211s
  ep24 step0/237 total=1.560e-01 mse=1.235e-01 latent=1.884e-01 pde=1.862e-03 tpde=2.744e-03 ss=0.25
  ep24 step50/237 total=2.256e-01 mse=2.201e-01 latent=2.310e-01 pde=2.434e-03 tpde=2.482e-03 ss=0.25
  ep24 step100/237 total=2.095e-01 mse=1.765e-01 latent=2.424e-01 pde=1.670e-03 tpde=2.121e-03 ss=0.25
  ep24 step150/237 total=1.486e-01 mse=1.079e-01 latent=1.891e-01 pde=1.933e-03 tpde=2.452e-03 ss=0.25
  ep24 step200/237 total=1.434e-01 mse=9.117e-02 latent=1.955e-01 pde=2.025e-03 tpde=2.364e-03 ss=0.25
Epoch 24/60 | train total=1.7042e-01 mse=1.2242e-01 tpde=2.5081e-03 nt=0.0000e+00 | val_mse=2.6553e-01 | lr_p=3.00e-05 lr_l=1.00e-05 | 199s
  ep25 step0/237 total=1.978e-01 mse=1.828e-01 latent=2.127e-01 pde=1.721e-03 tpde=2.296e-03 ss=0.25
  ep25 step50/237 total=2.077e-01 mse=1.322e-01 latent=2.831e-01 pde=1.827e-03 tpde=2.303e-03 ss=0.25
  ep25 step100/237 total=2.045e-01 mse=1.597e-01 latent=2.492e-01 pde=2.178e-03 tpde=2.484e-03 ss=0.25
  ep25 step150/237 total=1.967e-01 mse=1.637e-01 latent=2.296e-01 pde=2.064e-03 tpde=2.830e-03 ss=0.25
  ep25 step200/237 total=1.678e-01 mse=9.139e-02 latent=2.441e-01 pde=1.684e-03 tpde=3.249e-03 ss=0.25
Epoch 25/60 | train total=1.7050e-01 mse=1.2265e-01 tpde=2.5218e-03 nt=0.0000e+00 | val_mse=2.7307e-01 | lr_p=3.00e-05 lr_l=1.00e-05 | 188s
  ep26 step0/237 total=1.061e-01 mse=5.022e-02 latent=1.619e-01 pde=1.478e-03 tpde=1.872e-03 ss=0.25
  ep26 step50/237 total=1.384e-01 mse=8.762e-02 latent=1.891e-01 pde=1.865e-03 tpde=2.217e-03 ss=0.25
  ep26 step100/237 total=1.527e-01 mse=1.005e-01 latent=2.048e-01 pde=1.871e-03 tpde=2.588e-03 ss=0.25
  ep26 step150/237 total=1.993e-01 mse=1.430e-01 latent=2.555e-01 pde=1.758e-03 tpde=2.520e-03 ss=0.25
  ep26 step200/237 total=1.246e-01 mse=7.424e-02 latent=1.747e-01 pde=1.993e-03 tpde=8.573e-03 ss=0.25
Epoch 26/60 | train total=1.6838e-01 mse=1.2193e-01 tpde=2.5893e-03 nt=0.0000e+00 | val_mse=2.7158e-01 | lr_p=3.00e-05 lr_l=1.00e-05 | 193s
  ep27 step0/237 total=1.830e-01 mse=1.523e-01 latent=2.137e-01 pde=1.820e-03 tpde=2.082e-03 ss=0.25
  ep27 step50/237 total=1.061e-01 mse=8.685e-02 latent=1.253e-01 pde=1.640e-03 tpde=2.164e-03 ss=0.25
  ep27 step100/237 total=2.163e-01 mse=1.883e-01 latent=2.442e-01 pde=1.808e-03 tpde=2.353e-03 ss=0.25
  ep27 step150/237 total=1.891e-01 mse=1.211e-01 latent=2.569e-01 pde=1.756e-03 tpde=2.992e-03 ss=0.25
  ep27 step200/237 total=1.519e-01 mse=1.148e-01 latent=1.889e-01 pde=1.678e-03 tpde=2.267e-03 ss=0.25
Epoch 27/60 | train total=1.6856e-01 mse=1.2202e-01 tpde=2.5198e-03 nt=0.0000e+00 | val_mse=2.7297e-01 | lr_p=3.00e-05 lr_l=1.00e-05 | 206s
  ep28 step0/237 total=1.263e-01 mse=7.800e-02 latent=1.746e-01 pde=1.585e-03 tpde=1.924e-03 ss=0.25
  ep28 step50/237 total=2.376e-01 mse=1.680e-01 latent=3.072e-01 pde=1.907e-03 tpde=2.284e-03 ss=0.25
  ep28 step100/237 total=1.388e-01 mse=7.748e-02 latent=2.001e-01 pde=1.866e-03 tpde=2.295e-03 ss=0.25
  ep28 step150/237 total=1.570e-01 mse=7.717e-02 latent=2.368e-01 pde=1.608e-03 tpde=2.753e-03 ss=0.25
  ep28 step200/237 total=1.761e-01 mse=1.184e-01 latent=2.337e-01 pde=1.528e-03 tpde=1.916e-03 ss=0.25
Epoch 28/60 | train total=1.6662e-01 mse=1.1975e-01 tpde=2.4741e-03 nt=0.0000e+00 | val_mse=2.8014e-01 | lr_p=3.00e-05 lr_l=1.00e-05 | 192s
  ep29 step0/237 total=9.812e-02 mse=6.833e-02 latent=1.278e-01 pde=1.719e-03 tpde=2.583e-03 ss=0.25
  ep29 step50/237 total=1.202e-01 mse=6.519e-02 latent=1.750e-01 pde=1.633e-03 tpde=2.412e-03 ss=0.25
  ep29 step100/237 total=2.079e-01 mse=1.909e-01 latent=2.247e-01 pde=1.751e-03 tpde=3.344e-03 ss=0.25
  ep29 step150/237 total=1.763e-01 mse=1.089e-01 latent=2.435e-01 pde=1.632e-03 tpde=2.102e-03 ss=0.25
  ep29 step200/237 total=1.266e-01 mse=9.364e-02 latent=1.594e-01 pde=1.716e-03 tpde=2.360e-03 ss=0.25
Epoch 29/60 | train total=1.6309e-01 mse=1.1544e-01 tpde=2.4733e-03 nt=0.0000e+00 | val_mse=2.6654e-01 | lr_p=3.00e-05 lr_l=1.00e-05 | 207s
  ep30 step0/237 total=2.321e-01 mse=1.691e-01 latent=2.950e-01 pde=2.048e-03 tpde=3.910e-03 ss=0.25
  ep30 step50/237 total=1.585e-01 mse=1.312e-01 latent=1.857e-01 pde=1.607e-03 tpde=2.245e-03 ss=0.25
  ep30 step100/237 total=1.823e-01 mse=1.163e-01 latent=2.482e-01 pde=1.704e-03 tpde=2.151e-03 ss=0.25
  ep30 step150/237 total=1.417e-01 mse=9.216e-02 latent=1.910e-01 pde=1.597e-03 tpde=2.951e-03 ss=0.25
  ep30 step200/237 total=1.536e-01 mse=9.549e-02 latent=2.116e-01 pde=1.707e-03 tpde=2.117e-03 ss=0.25
Epoch 30/60 | train total=1.6322e-01 mse=1.1492e-01 tpde=2.4858e-03 nt=0.0000e+00 | val_mse=2.8299e-01 | lr_p=3.00e-05 lr_l=1.00e-05 | 215s
GSPDEModel saved to /home/zfc5231/work/BBBB_qwen_pde_branch/paper/GS/L1/ablation/ckpt_arm2_random_s2024_p3/epoch_30
  ep31 step0/237 total=1.342e-01 mse=8.691e-02 latent=1.813e-01 pde=1.613e-03 tpde=2.315e-03 ss=0.25
  ep31 step50/237 total=1.531e-01 mse=1.270e-01 latent=1.792e-01 pde=1.609e-03 tpde=2.291e-03 ss=0.25
  ep31 step100/237 total=1.900e-01 mse=1.118e-01 latent=2.682e-01 pde=1.543e-03 tpde=2.175e-03 ss=0.25
  ep31 step150/237 total=1.428e-01 mse=1.002e-01 latent=1.853e-01 pde=1.826e-03 tpde=2.207e-03 ss=0.25
  ep31 step200/237 total=1.979e-01 mse=1.414e-01 latent=2.542e-01 pde=1.871e-03 tpde=2.778e-03 ss=0.25
Epoch 31/60 | train total=1.6224e-01 mse=1.1512e-01 tpde=2.5179e-03 nt=0.0000e+00 | val_mse=2.7333e-01 | lr_p=3.00e-05 lr_l=1.00e-05 | 215s
  ep32 step0/237 total=1.922e-01 mse=1.493e-01 latent=2.349e-01 pde=2.308e-03 tpde=2.491e-03 ss=0.25
  ep32 step50/237 total=2.063e-01 mse=1.399e-01 latent=2.725e-01 pde=1.862e-03 tpde=2.750e-03 ss=0.25
  ep32 step100/237 total=1.645e-01 mse=1.071e-01 latent=2.217e-01 pde=1.685e-03 tpde=2.858e-03 ss=0.25
  ep32 step150/237 total=1.836e-01 mse=1.332e-01 latent=2.338e-01 pde=1.924e-03 tpde=2.442e-03 ss=0.25
  ep32 step200/237 total=1.109e-01 mse=5.768e-02 latent=1.641e-01 pde=1.544e-03 tpde=2.047e-03 ss=0.25
Epoch 32/60 | train total=1.5886e-01 mse=1.1157e-01 tpde=2.4680e-03 nt=0.0000e+00 | val_mse=2.8779e-01 | lr_p=3.00e-05 lr_l=1.00e-05 | 193s
  ep33 step0/237 total=1.760e-01 mse=1.217e-01 latent=2.301e-01 pde=1.740e-03 tpde=2.398e-03 ss=0.25
  ep33 step50/237 total=1.049e-01 mse=5.632e-02 latent=1.533e-01 pde=1.703e-03 tpde=2.718e-03 ss=0.25
  ep33 step100/237 total=1.501e-01 mse=1.057e-01 latent=1.943e-01 pde=1.730e-03 tpde=2.324e-03 ss=0.25
  ep33 step150/237 total=1.552e-01 mse=1.243e-01 latent=1.860e-01 pde=1.916e-03 tpde=2.427e-03 ss=0.25
  ep33 step200/237 total=1.301e-01 mse=9.432e-02 latent=1.657e-01 pde=1.661e-03 tpde=2.379e-03 ss=0.25
Epoch 33/60 | train total=1.5856e-01 mse=1.1133e-01 tpde=2.4700e-03 nt=0.0000e+00 | val_mse=2.7302e-01 | lr_p=3.00e-05 lr_l=1.00e-05 | 188s
  ep34 step0/237 total=1.480e-01 mse=9.847e-02 latent=1.974e-01 pde=1.659e-03 tpde=1.960e-03 ss=0.25
  ep34 step50/237 total=1.526e-01 mse=1.063e-01 latent=1.988e-01 pde=2.270e-03 tpde=2.291e-03 ss=0.25
  ep34 step100/237 total=1.690e-01 mse=1.505e-01 latent=1.874e-01 pde=1.721e-03 tpde=2.206e-03 ss=0.25
  ep34 step150/237 total=1.841e-01 mse=1.391e-01 latent=2.291e-01 pde=1.701e-03 tpde=2.429e-03 ss=0.25
  ep34 step200/237 total=1.459e-01 mse=1.229e-01 latent=1.688e-01 pde=1.651e-03 tpde=2.608e-03 ss=0.25
Epoch 34/60 | train total=1.5554e-01 mse=1.0840e-01 tpde=2.4409e-03 nt=0.0000e+00 | val_mse=2.8214e-01 | lr_p=3.00e-05 lr_l=1.00e-05 | 197s
  ep35 step0/237 total=1.831e-01 mse=1.092e-01 latent=2.569e-01 pde=1.660e-03 tpde=2.436e-03 ss=0.25
  ep35 step50/237 total=1.169e-01 mse=6.177e-02 latent=1.720e-01 pde=1.658e-03 tpde=2.098e-03 ss=0.25
  ep35 step100/237 total=2.233e-01 mse=1.553e-01 latent=2.911e-01 pde=1.797e-03 tpde=2.856e-03 ss=0.25
  ep35 step150/237 total=1.201e-01 mse=6.233e-02 latent=1.778e-01 pde=1.712e-03 tpde=2.196e-03 ss=0.25
  ep35 step200/237 total=1.713e-01 mse=1.072e-01 latent=2.353e-01 pde=1.880e-03 tpde=3.429e-03 ss=0.25
Epoch 35/60 | train total=1.5363e-01 mse=1.0568e-01 tpde=2.4392e-03 nt=0.0000e+00 | val_mse=2.7771e-01 | lr_p=3.00e-05 lr_l=1.00e-05 | 220s
  ep36 step0/237 total=1.413e-01 mse=9.476e-02 latent=1.878e-01 pde=1.591e-03 tpde=2.549e-03 ss=0.25
  ep36 step50/237 total=1.529e-01 mse=9.771e-02 latent=2.081e-01 pde=1.617e-03 tpde=2.021e-03 ss=0.25
  ep36 step100/237 total=1.752e-01 mse=9.478e-02 latent=2.556e-01 pde=1.971e-03 tpde=2.120e-03 ss=0.25
  ep36 step150/237 total=1.578e-01 mse=1.192e-01 latent=1.963e-01 pde=1.681e-03 tpde=2.257e-03 ss=0.25
  ep36 step200/237 total=1.725e-01 mse=1.194e-01 latent=2.255e-01 pde=1.673e-03 tpde=2.398e-03 ss=0.25
Epoch 36/60 | train total=1.5327e-01 mse=1.0630e-01 tpde=2.4454e-03 nt=0.0000e+00 | val_mse=2.7042e-01 | lr_p=3.00e-05 lr_l=1.00e-05 | 192s
  ep37 step0/237 total=1.739e-01 mse=9.517e-02 latent=2.525e-01 pde=1.551e-03 tpde=2.014e-03 ss=0.25
  ep37 step50/237 total=1.260e-01 mse=7.399e-02 latent=1.779e-01 pde=1.743e-03 tpde=2.247e-03 ss=0.25
  ep37 step100/237 total=1.512e-01 mse=8.969e-02 latent=2.127e-01 pde=1.651e-03 tpde=2.506e-03 ss=0.25
  ep37 step150/237 total=1.214e-01 mse=7.361e-02 latent=1.691e-01 pde=1.600e-03 tpde=2.705e-03 ss=0.25
  ep37 step200/237 total=1.349e-01 mse=7.764e-02 latent=1.921e-01 pde=1.679e-03 tpde=2.276e-03 ss=0.25
Epoch 37/60 | train total=1.5271e-01 mse=1.0515e-01 tpde=2.4101e-03 nt=0.0000e+00 | val_mse=2.7705e-01 | lr_p=3.00e-05 lr_l=1.00e-05 | 200s
  ep38 step0/237 total=2.087e-01 mse=1.948e-01 latent=2.226e-01 pde=2.157e-03 tpde=2.465e-03 ss=0.25
  ep38 step50/237 total=1.546e-01 mse=8.733e-02 latent=2.218e-01 pde=1.664e-03 tpde=2.340e-03 ss=0.25
  ep38 step100/237 total=1.856e-01 mse=1.596e-01 latent=2.115e-01 pde=1.589e-03 tpde=2.264e-03 ss=0.25
  ep38 step150/237 total=1.598e-01 mse=1.225e-01 latent=1.971e-01 pde=1.938e-03 tpde=2.343e-03 ss=0.25
  ep38 step200/237 total=1.237e-01 mse=6.993e-02 latent=1.773e-01 pde=1.686e-03 tpde=1.926e-03 ss=0.25
Epoch 38/60 | train total=1.5113e-01 mse=1.0360e-01 tpde=2.4349e-03 nt=0.0000e+00 | val_mse=2.7219e-01 | lr_p=3.00e-05 lr_l=1.00e-05 | 200s
  ep39 step0/237 total=1.188e-01 mse=8.612e-02 latent=1.514e-01 pde=1.682e-03 tpde=2.519e-03 ss=0.25
  ep39 step50/237 total=1.266e-01 mse=7.251e-02 latent=1.805e-01 pde=1.574e-03 tpde=2.860e-03 ss=0.25
  ep39 step100/237 total=1.704e-01 mse=1.314e-01 latent=2.094e-01 pde=1.892e-03 tpde=3.211e-03 ss=0.25
  ep39 step150/237 total=1.828e-01 mse=1.323e-01 latent=2.331e-01 pde=2.074e-03 tpde=2.225e-03 ss=0.25
  ep39 step200/237 total=1.357e-01 mse=7.631e-02 latent=1.951e-01 pde=1.667e-03 tpde=2.389e-03 ss=0.25
Epoch 39/60 | train total=1.4972e-01 mse=1.0205e-01 tpde=2.4429e-03 nt=0.0000e+00 | val_mse=2.8069e-01 | lr_p=3.00e-05 lr_l=1.00e-05 | 205s
  ep40 step0/237 total=1.683e-01 mse=1.079e-01 latent=2.286e-01 pde=1.645e-03 tpde=2.809e-03 ss=0.25
  ep40 step50/237 total=1.442e-01 mse=8.512e-02 latent=2.032e-01 pde=1.561e-03 tpde=2.126e-03 ss=0.25
  ep40 step100/237 total=1.630e-01 mse=1.031e-01 latent=2.228e-01 pde=1.541e-03 tpde=2.516e-03 ss=0.25
  ep40 step150/237 total=1.527e-01 mse=1.164e-01 latent=1.889e-01 pde=1.658e-03 tpde=2.185e-03 ss=0.25
  ep40 step200/237 total=1.506e-01 mse=1.212e-01 latent=1.799e-01 pde=1.873e-03 tpde=2.557e-03 ss=0.25
Epoch 40/60 | train total=1.4915e-01 mse=1.0217e-01 tpde=2.4061e-03 nt=0.0000e+00 | val_mse=2.7558e-01 | lr_p=3.00e-05 lr_l=1.00e-05 | 212s
GSPDEModel saved to /home/zfc5231/work/BBBB_qwen_pde_branch/paper/GS/L1/ablation/ckpt_arm2_random_s2024_p3/epoch_40
  ep41 step0/237 total=1.363e-01 mse=8.238e-02 latent=1.902e-01 pde=1.666e-03 tpde=2.233e-03 ss=0.25
  ep41 step50/237 total=1.005e-01 mse=6.601e-02 latent=1.349e-01 pde=1.602e-03 tpde=2.451e-03 ss=0.25
  ep41 step100/237 total=1.117e-01 mse=7.826e-02 latent=1.451e-01 pde=2.178e-03 tpde=2.188e-03 ss=0.25
  ep41 step150/237 total=9.929e-02 mse=6.915e-02 latent=1.293e-01 pde=1.558e-03 tpde=2.560e-03 ss=0.25
  ep41 step200/237 total=1.460e-01 mse=9.471e-02 latent=1.971e-01 pde=1.588e-03 tpde=2.230e-03 ss=0.25
Epoch 41/60 | train total=1.4788e-01 mse=1.0060e-01 tpde=2.4391e-03 nt=0.0000e+00 | val_mse=2.7322e-01 | lr_p=3.00e-05 lr_l=1.00e-05 | 199s
  ep42 step0/237 total=1.838e-01 mse=1.335e-01 latent=2.340e-01 pde=1.596e-03 tpde=1.952e-03 ss=0.25
  ep42 step50/237 total=1.593e-01 mse=8.564e-02 latent=2.328e-01 pde=1.764e-03 tpde=2.531e-03 ss=0.25
  ep42 step100/237 total=1.454e-01 mse=1.058e-01 latent=1.850e-01 pde=1.724e-03 tpde=2.467e-03 ss=0.25
  ep42 step150/237 total=1.735e-01 mse=1.156e-01 latent=2.314e-01 pde=1.749e-03 tpde=1.946e-03 ss=0.25
  ep42 step200/237 total=1.345e-01 mse=9.893e-02 latent=1.700e-01 pde=1.643e-03 tpde=5.480e-03 ss=0.25
Epoch 42/60 | train total=1.4502e-01 mse=9.7009e-02 tpde=2.4867e-03 nt=0.0000e+00 | val_mse=2.7752e-01 | lr_p=3.00e-05 lr_l=1.00e-05 | 185s
  ep43 step0/237 total=1.455e-01 mse=7.407e-02 latent=2.167e-01 pde=1.585e-03 tpde=2.350e-03 ss=0.25
  ep43 step50/237 total=1.299e-01 mse=7.111e-02 latent=1.886e-01 pde=2.762e-03 tpde=2.787e-03 ss=0.25
  ep43 step100/237 total=1.251e-01 mse=6.378e-02 latent=1.862e-01 pde=1.551e-03 tpde=2.061e-03 ss=0.25
  ep43 step150/237 total=1.690e-01 mse=1.288e-01 latent=2.091e-01 pde=1.835e-03 tpde=2.550e-03 ss=0.25
  ep43 step200/237 total=1.279e-01 mse=6.609e-02 latent=1.896e-01 pde=1.618e-03 tpde=2.226e-03 ss=0.25
Epoch 43/60 | train total=1.4626e-01 mse=9.9111e-02 tpde=2.4071e-03 nt=0.0000e+00 | val_mse=2.7470e-01 | lr_p=3.00e-05 lr_l=1.00e-05 | 193s
  ep44 step0/237 total=1.724e-01 mse=1.053e-01 latent=2.393e-01 pde=1.666e-03 tpde=2.259e-03 ss=0.25
  ep44 step50/237 total=1.682e-01 mse=1.134e-01 latent=2.229e-01 pde=1.724e-03 tpde=3.276e-03 ss=0.25
  ep44 step100/237 total=1.888e-01 mse=1.477e-01 latent=2.298e-01 pde=2.153e-03 tpde=2.309e-03 ss=0.25
  ep44 step150/237 total=1.324e-01 mse=9.446e-02 latent=1.702e-01 pde=1.704e-03 tpde=2.060e-03 ss=0.25
  ep44 step200/237 total=1.023e-01 mse=6.974e-02 latent=1.346e-01 pde=1.680e-03 tpde=2.280e-03 ss=0.25
Epoch 44/60 | train total=1.4346e-01 mse=9.6606e-02 tpde=2.3624e-03 nt=0.0000e+00 | val_mse=2.8090e-01 | lr_p=3.00e-05 lr_l=1.00e-05 | 186s
  ep45 step0/237 total=1.270e-01 mse=1.012e-01 latent=1.526e-01 pde=1.685e-03 tpde=2.206e-03 ss=0.25
  ep45 step50/237 total=1.160e-01 mse=7.566e-02 latent=1.562e-01 pde=1.688e-03 tpde=2.232e-03 ss=0.25
  ep45 step100/237 total=1.382e-01 mse=8.688e-02 latent=1.893e-01 pde=1.566e-03 tpde=2.040e-03 ss=0.25
  ep45 step150/237 total=1.127e-01 mse=7.341e-02 latent=1.519e-01 pde=1.976e-03 tpde=2.336e-03 ss=0.25
  ep45 step200/237 total=1.012e-01 mse=6.447e-02 latent=1.378e-01 pde=1.615e-03 tpde=2.217e-03 ss=0.25
Epoch 45/60 | train total=1.4303e-01 mse=9.5744e-02 tpde=2.4563e-03 nt=0.0000e+00 | val_mse=2.7835e-01 | lr_p=3.00e-05 lr_l=1.00e-05 | 198s
  ep46 step0/237 total=1.626e-01 mse=9.380e-02 latent=2.312e-01 pde=1.918e-03 tpde=1.958e-03 ss=0.25
  ep46 step50/237 total=1.088e-01 mse=6.098e-02 latent=1.566e-01 pde=1.615e-03 tpde=2.272e-03 ss=0.25
  ep46 step100/237 total=1.355e-01 mse=7.610e-02 latent=1.948e-01 pde=2.058e-03 tpde=2.143e-03 ss=0.25
  ep46 step150/237 total=1.797e-01 mse=1.170e-01 latent=2.422e-01 pde=1.926e-03 tpde=2.746e-03 ss=0.25
  ep46 step200/237 total=1.544e-01 mse=1.021e-01 latent=2.066e-01 pde=1.760e-03 tpde=2.081e-03 ss=0.25
Epoch 46/60 | train total=1.4095e-01 mse=9.3160e-02 tpde=2.4159e-03 nt=0.0000e+00 | val_mse=2.7289e-01 | lr_p=3.00e-05 lr_l=1.00e-05 | 199s
  ep47 step0/237 total=1.179e-01 mse=7.144e-02 latent=1.642e-01 pde=1.651e-03 tpde=2.125e-03 ss=0.25
  ep47 step50/237 total=1.390e-01 mse=9.199e-02 latent=1.859e-01 pde=1.572e-03 tpde=2.074e-03 ss=0.25
  ep47 step100/237 total=1.098e-01 mse=7.561e-02 latent=1.438e-01 pde=1.740e-03 tpde=2.711e-03 ss=0.25
  ep47 step150/237 total=1.410e-01 mse=8.774e-02 latent=1.941e-01 pde=1.623e-03 tpde=2.357e-03 ss=0.25
  ep47 step200/237 total=1.477e-01 mse=9.393e-02 latent=2.013e-01 pde=1.674e-03 tpde=1.975e-03 ss=0.25
Epoch 47/60 | train total=1.3865e-01 mse=9.1277e-02 tpde=2.3991e-03 nt=0.0000e+00 | val_mse=2.7150e-01 | lr_p=3.00e-05 lr_l=1.00e-05 | 216s
  ep48 step0/237 total=1.157e-01 mse=6.915e-02 latent=1.621e-01 pde=1.552e-03 tpde=2.262e-03 ss=0.25
  ep48 step50/237 total=1.709e-01 mse=9.523e-02 latent=2.465e-01 pde=1.626e-03 tpde=2.148e-03 ss=0.25
  ep48 step100/237 total=1.027e-01 mse=6.737e-02 latent=1.380e-01 pde=1.623e-03 tpde=2.664e-03 ss=0.25
  ep48 step150/237 total=1.098e-01 mse=7.582e-02 latent=1.436e-01 pde=2.275e-03 tpde=2.390e-03 ss=0.25
  ep48 step200/237 total=1.198e-01 mse=8.574e-02 latent=1.538e-01 pde=1.685e-03 tpde=2.178e-03 ss=0.25
Epoch 48/60 | train total=1.3799e-01 mse=9.0582e-02 tpde=2.4165e-03 nt=0.0000e+00 | val_mse=2.7361e-01 | lr_p=1.50e-05 lr_l=5.00e-06 | 206s
  ep49 step0/237 total=1.376e-01 mse=7.973e-02 latent=1.953e-01 pde=1.540e-03 tpde=2.125e-03 ss=0.25
  ep49 step50/237 total=1.042e-01 mse=7.357e-02 latent=1.346e-01 pde=1.740e-03 tpde=2.386e-03 ss=0.25
  ep49 step100/237 total=2.072e-01 mse=1.614e-01 latent=2.529e-01 pde=1.825e-03 tpde=2.421e-03 ss=0.25
  ep49 step150/237 total=1.740e-01 mse=1.424e-01 latent=2.056e-01 pde=1.968e-03 tpde=4.387e-03 ss=0.25
  ep49 step200/237 total=1.147e-01 mse=4.798e-02 latent=1.814e-01 pde=1.660e-03 tpde=2.249e-03 ss=0.25
Epoch 49/60 | train total=1.3489e-01 mse=8.7293e-02 tpde=2.3895e-03 nt=0.0000e+00 | val_mse=2.8033e-01 | lr_p=1.50e-05 lr_l=5.00e-06 | 190s
  ep50 step0/237 total=1.517e-01 mse=1.000e-01 latent=2.033e-01 pde=1.560e-03 tpde=1.972e-03 ss=0.25
  ep50 step50/237 total=8.956e-02 mse=3.491e-02 latent=1.441e-01 pde=1.594e-03 tpde=2.047e-03 ss=0.25
  ep50 step100/237 total=7.861e-02 mse=3.672e-02 latent=1.204e-01 pde=1.552e-03 tpde=2.084e-03 ss=0.25
  ep50 step150/237 total=1.361e-01 mse=8.413e-02 latent=1.881e-01 pde=1.686e-03 tpde=2.059e-03 ss=0.25
  ep50 step200/237 total=1.171e-01 mse=4.887e-02 latent=1.853e-01 pde=1.660e-03 tpde=2.161e-03 ss=0.25
Epoch 50/60 | train total=1.3300e-01 mse=8.4749e-02 tpde=2.3416e-03 nt=0.0000e+00 | val_mse=2.7248e-01 | lr_p=1.50e-05 lr_l=5.00e-06 | 213s
GSPDEModel saved to /home/zfc5231/work/BBBB_qwen_pde_branch/paper/GS/L1/ablation/ckpt_arm2_random_s2024_p3/epoch_50
  ep51 step0/237 total=8.366e-02 mse=4.366e-02 latent=1.235e-01 pde=1.583e-03 tpde=2.324e-03 ss=0.25
  ep51 step50/237 total=8.251e-02 mse=3.914e-02 latent=1.258e-01 pde=1.485e-03 tpde=2.458e-03 ss=0.25
  ep51 step100/237 total=1.914e-01 mse=1.335e-01 latent=2.492e-01 pde=1.844e-03 tpde=2.627e-03 ss=0.25
  ep51 step150/237 total=1.190e-01 mse=1.046e-01 latent=1.333e-01 pde=1.731e-03 tpde=2.082e-03 ss=0.25
  ep51 step200/237 total=1.370e-01 mse=8.257e-02 latent=1.912e-01 pde=1.601e-03 tpde=2.481e-03 ss=0.25
Epoch 51/60 | train total=1.3236e-01 mse=8.3969e-02 tpde=2.3877e-03 nt=0.0000e+00 | val_mse=2.7230e-01 | lr_p=1.50e-05 lr_l=5.00e-06 | 189s
  ep52 step0/237 total=1.179e-01 mse=9.890e-02 latent=1.369e-01 pde=1.645e-03 tpde=2.053e-03 ss=0.25
  ep52 step50/237 total=1.612e-01 mse=1.157e-01 latent=2.065e-01 pde=1.781e-03 tpde=2.054e-03 ss=0.25
  ep52 step100/237 total=1.336e-01 mse=9.298e-02 latent=1.741e-01 pde=1.785e-03 tpde=2.096e-03 ss=0.25
  ep52 step150/237 total=1.315e-01 mse=8.482e-02 latent=1.780e-01 pde=1.661e-03 tpde=3.261e-03 ss=0.25
  ep52 step200/237 total=1.483e-01 mse=1.136e-01 latent=1.830e-01 pde=1.647e-03 tpde=2.270e-03 ss=0.25
Epoch 52/60 | train total=1.3192e-01 mse=8.3285e-02 tpde=2.4127e-03 nt=0.0000e+00 | val_mse=2.7840e-01 | lr_p=1.50e-05 lr_l=5.00e-06 | 201s
  ep53 step0/237 total=1.708e-01 mse=1.145e-01 latent=2.270e-01 pde=1.793e-03 tpde=2.198e-03 ss=0.25
  ep53 step50/237 total=1.191e-01 mse=6.421e-02 latent=1.740e-01 pde=1.522e-03 tpde=1.961e-03 ss=0.25
  ep53 step100/237 total=1.817e-01 mse=1.460e-01 latent=2.172e-01 pde=2.130e-03 tpde=2.671e-03 ss=0.25
  ep53 step150/237 total=9.701e-02 mse=5.744e-02 latent=1.365e-01 pde=1.626e-03 tpde=2.133e-03 ss=0.25
  ep53 step200/237 total=1.648e-01 mse=1.002e-01 latent=2.291e-01 pde=1.565e-03 tpde=2.421e-03 ss=0.25
Epoch 53/60 | train total=1.3057e-01 mse=8.2450e-02 tpde=2.3622e-03 nt=0.0000e+00 | val_mse=2.7779e-01 | lr_p=1.50e-05 lr_l=5.00e-06 | 187s
  ep54 step0/237 total=1.646e-01 mse=9.970e-02 latent=2.293e-01 pde=1.736e-03 tpde=2.397e-03 ss=0.25
  ep54 step50/237 total=1.455e-01 mse=9.184e-02 latent=1.992e-01 pde=1.582e-03 tpde=2.104e-03 ss=0.25
  ep54 step100/237 total=1.282e-01 mse=9.732e-02 latent=1.589e-01 pde=1.852e-03 tpde=2.196e-03 ss=0.25
  ep54 step150/237 total=1.650e-01 mse=8.846e-02 latent=2.415e-01 pde=2.015e-03 tpde=3.341e-03 ss=0.25
  ep54 step200/237 total=1.517e-01 mse=7.109e-02 latent=2.322e-01 pde=1.645e-03 tpde=2.279e-03 ss=0.25
Epoch 54/60 | train total=1.3067e-01 mse=8.2216e-02 tpde=2.3471e-03 nt=0.0000e+00 | val_mse=2.8084e-01 | lr_p=1.50e-05 lr_l=5.00e-06 | 205s
  ep55 step0/237 total=9.525e-02 mse=5.402e-02 latent=1.364e-01 pde=1.643e-03 tpde=2.238e-03 ss=0.25
  ep55 step50/237 total=1.022e-01 mse=5.478e-02 latent=1.496e-01 pde=1.613e-03 tpde=2.641e-03 ss=0.25
  ep55 step100/237 total=1.219e-01 mse=5.435e-02 latent=1.892e-01 pde=1.693e-03 tpde=2.043e-03 ss=0.25
  ep55 step150/237 total=1.257e-01 mse=7.252e-02 latent=1.787e-01 pde=2.037e-03 tpde=2.059e-03 ss=0.25
  ep55 step200/237 total=1.293e-01 mse=8.158e-02 latent=1.769e-01 pde=1.669e-03 tpde=2.766e-03 ss=0.25
Epoch 55/60 | train total=1.2982e-01 mse=8.1549e-02 tpde=2.4087e-03 nt=0.0000e+00 | val_mse=2.7230e-01 | lr_p=1.50e-05 lr_l=5.00e-06 | 185s
  ep56 step0/237 total=9.104e-02 mse=5.688e-02 latent=1.251e-01 pde=1.543e-03 tpde=2.316e-03 ss=0.25
  ep56 step50/237 total=1.339e-01 mse=8.905e-02 latent=1.786e-01 pde=1.586e-03 tpde=2.157e-03 ss=0.25
  ep56 step100/237 total=1.579e-01 mse=1.049e-01 latent=2.107e-01 pde=1.595e-03 tpde=3.070e-03 ss=0.25
  ep56 step150/237 total=1.174e-01 mse=7.385e-02 latent=1.609e-01 pde=1.615e-03 tpde=2.198e-03 ss=0.25
  ep56 step200/237 total=1.079e-01 mse=5.483e-02 latent=1.609e-01 pde=1.609e-03 tpde=2.406e-03 ss=0.25
Epoch 56/60 | train total=1.2817e-01 mse=8.0427e-02 tpde=2.3459e-03 nt=0.0000e+00 | val_mse=2.8243e-01 | lr_p=1.50e-05 lr_l=5.00e-06 | 201s
  ep57 step0/237 total=1.018e-01 mse=8.659e-02 latent=1.169e-01 pde=1.830e-03 tpde=2.121e-03 ss=0.25
  ep57 step50/237 total=1.023e-01 mse=5.888e-02 latent=1.455e-01 pde=1.622e-03 tpde=2.680e-03 ss=0.25
  ep57 step100/237 total=1.200e-01 mse=5.831e-02 latent=1.816e-01 pde=1.576e-03 tpde=2.112e-03 ss=0.25
  ep57 step150/237 total=1.148e-01 mse=8.120e-02 latent=1.484e-01 pde=1.563e-03 tpde=2.476e-03 ss=0.25
  ep57 step200/237 total=1.302e-01 mse=8.345e-02 latent=1.768e-01 pde=1.618e-03 tpde=2.416e-03 ss=0.25
Epoch 57/60 | train total=1.2795e-01 mse=7.9909e-02 tpde=2.3266e-03 nt=0.0000e+00 | val_mse=2.7334e-01 | lr_p=1.50e-05 lr_l=5.00e-06 | 184s
  ep58 step0/237 total=1.537e-01 mse=8.618e-02 latent=2.211e-01 pde=1.642e-03 tpde=2.628e-03 ss=0.25
  ep58 step50/237 total=1.439e-01 mse=9.027e-02 latent=1.973e-01 pde=1.548e-03 tpde=2.227e-03 ss=0.25
  ep58 step100/237 total=1.736e-01 mse=1.053e-01 latent=2.419e-01 pde=1.630e-03 tpde=2.091e-03 ss=0.25
  ep58 step150/237 total=1.612e-01 mse=1.230e-01 latent=1.993e-01 pde=1.543e-03 tpde=2.058e-03 ss=0.25
  ep58 step200/237 total=1.234e-01 mse=6.412e-02 latent=1.825e-01 pde=1.529e-03 tpde=4.943e-03 ss=0.25
Epoch 58/60 | train total=1.2817e-01 mse=8.0529e-02 tpde=2.3523e-03 nt=0.0000e+00 | val_mse=2.8456e-01 | lr_p=1.50e-05 lr_l=5.00e-06 | 210s
  ep59 step0/237 total=9.067e-02 mse=6.944e-02 latent=1.118e-01 pde=1.752e-03 tpde=2.381e-03 ss=0.25
  ep59 step50/237 total=1.295e-01 mse=6.991e-02 latent=1.889e-01 pde=1.574e-03 tpde=1.926e-03 ss=0.25
  ep59 step100/237 total=1.212e-01 mse=6.542e-02 latent=1.768e-01 pde=1.774e-03 tpde=1.954e-03 ss=0.25
  ep59 step150/237 total=1.021e-01 mse=6.279e-02 latent=1.412e-01 pde=1.534e-03 tpde=2.260e-03 ss=0.25
  ep59 step200/237 total=1.335e-01 mse=7.985e-02 latent=1.871e-01 pde=1.617e-03 tpde=2.686e-03 ss=0.25
Epoch 59/60 | train total=1.2663e-01 mse=7.7962e-02 tpde=2.3578e-03 nt=0.0000e+00 | val_mse=2.8341e-01 | lr_p=1.50e-05 lr_l=5.00e-06 | 201s
  ep60 step0/237 total=1.290e-01 mse=7.029e-02 latent=1.877e-01 pde=1.644e-03 tpde=2.083e-03 ss=0.25
  ep60 step50/237 total=1.451e-01 mse=7.817e-02 latent=2.119e-01 pde=1.636e-03 tpde=2.421e-03 ss=0.25
  ep60 step100/237 total=1.140e-01 mse=8.792e-02 latent=1.400e-01 pde=2.296e-03 tpde=2.159e-03 ss=0.25
  ep60 step150/237 total=1.669e-01 mse=1.016e-01 latent=2.321e-01 pde=1.567e-03 tpde=2.032e-03 ss=0.25
  ep60 step200/237 total=1.708e-01 mse=1.120e-01 latent=2.295e-01 pde=1.638e-03 tpde=2.378e-03 ss=0.25
Epoch 60/60 | train total=1.2800e-01 mse=7.9879e-02 tpde=2.3410e-03 nt=0.0000e+00 | val_mse=2.8491e-01 | lr_p=1.50e-05 lr_l=5.00e-06 | 195s
GSPDEModel saved to /home/zfc5231/work/BBBB_qwen_pde_branch/paper/GS/L1/ablation/ckpt_arm2_random_s2024_p3/epoch_60
=== [arm2_random s2024] two-stage fixed-K complete Mon 27 Jul 2026 04:05:23 PM UTC ===
